age,annual_income,monthly_expenses,savings,existing_loan,loan_amount,credit_score,investment_experience,risk_tolerance,dependents,employment_type,emergency_fund_months,investment_goal,monthly_surplus,debt_to_income_ratio,recommendation
31,279066,19275,2377833,No,0,659,Beginner,Medium,1,Business,10,Retirement,3980,0.0,Save
58,1268502,65694,437047,No,0,870,Intermediate,Medium,4,Self-Employed,6,Wealth Creation,40014,0.0,Invest
43,2166690,94144,1564788,Yes,2179176,650,Beginner,High,2,Self-Employed,2,Wealth Creation,86413,1.01,Avoid Loan
36,2468178,54983,539830,No,0,394,Beginner,High,1,Business,0,Education,150698,0.0,Avoid Loan
33,790008,43069,1586847,No,0,663,Beginner,Low,0,Business,9,Retirement,22765,0.0,Save
27,1009356,60364,851488,Yes,1092068,897,Beginner,Low,4,Salaried,10,Retirement,23749,1.08,Avoid Loan
60,955062,36540,2481307,Yes,1253415,842,Intermediate,Low,2,Self-Employed,12,Wealth Creation,43048,1.31,Avoid Loan
53,1961813,137053,608803,No,0,388,Intermediate,High,4,Self-Employed,12,Education,26431,0.0,Avoid Loan
51,1748210,121955,1450868,Yes,1963460,732,Beginner,Medium,1,Business,9,House,23729,1.12,Avoid Loan
39,2503965,133615,512749,Yes,2143271,686,Intermediate,Low,0,Self-Employed,7,Wealth Creation,75048,0.86,Avoid Loan
54,558698,23213,1974888,No,0,570,Expert,Medium,4,Self-Employed,3,Retirement,23345,0.0,Avoid Loan
42,2686753,108759,2045561,No,0,809,Beginner,High,3,Business,8,Wealth Creation,115137,0.0,Invest
49,1434552,76847,1016274,No,0,596,Beginner,High,5,Salaried,8,House,42699,0.0,Avoid Loan
51,2200039,46085,184453,Yes,1412610,712,Expert,Low,0,Self-Employed,0,House,137251,0.64,Avoid Loan
48,1954966,108897,1806080,No,0,505,Intermediate,Low,5,Self-Employed,4,Wealth Creation,54016,0.0,Avoid Loan
25,2794044,31151,1797836,No,0,746,Beginner,Medium,0,Salaried,0,Wealth Creation,201686,0.0,Save
34,431216,27747,101230,No,0,785,Intermediate,High,3,Business,10,Wealth Creation,8187,0.0,Save
34,281477,17632,1178506,No,0,662,Beginner,Medium,2,Self-Employed,6,Retirement,5824,0.0,Save
43,473782,26339,941710,No,0,646,Beginner,High,2,Salaried,5,House,13142,0.0,Save
47,2745037,71209,930312,No,0,627,Beginner,Medium,4,Salaried,6,Education,157544,0.0,Save
57,2632547,148681,2217344,Yes,1385890,525,Beginner,Low,5,Business,5,House,70697,0.53,Avoid Loan
47,2798855,18783,1108259,Yes,804880,630,Beginner,Low,4,Self-Employed,2,House,214454,0.29,Save
41,756721,44700,2004008,No,0,501,Beginner,Low,2,Self-Employed,6,Wealth Creation,18360,0.0,Avoid Loan
45,1127816,70653,1522932,Yes,552990,704,Intermediate,High,1,Business,9,Retirement,23331,0.49,Avoid Loan
34,1272884,56988,1205251,Yes,698677,446,Beginner,High,4,Business,9,House,49085,0.55,Avoid Loan
41,315300,15345,422044,No,0,727,Intermediate,Medium,5,Self-Employed,2,House,10930,0.0,Save
32,287295,19287,868510,Yes,1602216,372,Expert,Medium,1,Salaried,12,Education,4654,5.58,Avoid Loan
44,604271,18564,1698216,No,0,900,Intermediate,Medium,5,Business,12,House,31791,0.0,Invest
40,2385333,143906,2036192,Yes,397458,431,Expert,High,3,Business,12,Wealth Creation,54871,0.17,Avoid Loan
23,590042,36240,2290783,Yes,513010,384,Intermediate,Low,5,Business,12,Retirement,12930,0.87,Avoid Loan
58,878524,20401,1761531,Yes,688983,635,Expert,High,0,Salaried,11,Retirement,52809,0.78,Avoid Loan
33,2459611,46983,1023394,No,0,672,Beginner,High,2,Business,5,Wealth Creation,157984,0.0,Save
35,514419,23233,1993336,No,0,606,Beginner,High,0,Salaried,10,House,19635,0.0,Save
43,900634,45592,1585890,Yes,944358,658,Intermediate,Low,2,Business,6,House,29460,1.05,Avoid Loan
35,1698942,104532,398820,No,0,355,Beginner,Medium,4,Self-Employed,6,Retirement,37046,0.0,Avoid Loan
30,2984654,144284,977339,Yes,2058172,449,Intermediate,Medium,5,Business,12,Wealth Creation,104437,0.69,Avoid Loan
46,1125665,79615,1043143,No,0,865,Intermediate,High,1,Self-Employed,11,Education,14190,0.0,Save
42,1036996,47362,819706,Yes,983079,410,Beginner,Medium,5,Self-Employed,10,Retirement,39054,0.95,Avoid Loan
53,413095,18225,79516,Yes,836565,858,Beginner,Low,2,Salaried,8,Retirement,16199,2.03,Avoid Loan
28,893477,26916,335570,No,0,783,Expert,High,1,Salaried,9,Retirement,47540,0.0,Invest
57,1999179,147044,91293,Yes,671317,688,Beginner,Medium,5,Business,4,Wealth Creation,19554,0.34,Save
54,1311616,94391,2073434,No,0,367,Intermediate,Medium,1,Salaried,4,Education,14910,0.0,Avoid Loan
53,452497,23929,276080,No,0,843,Intermediate,High,4,Business,10,Education,13779,0.0,Save
41,910903,66465,504596,Yes,905191,464,Beginner,Low,2,Self-Employed,0,House,9443,0.99,Avoid Loan
56,716181,28959,2385370,Yes,2346992,876,Expert,Low,1,Business,1,Retirement,30722,3.28,Avoid Loan
56,1198996,15764,815669,No,0,393,Intermediate,Medium,2,Business,5,House,84152,0.0,Avoid Loan
51,1976314,77538,847702,No,0,409,Beginner,Low,3,Salaried,11,Education,87154,0.0,Avoid Loan
26,1561288,57960,199582,Yes,251284,633,Beginner,High,0,Business,5,Education,72147,0.16,Save
30,1288190,21672,1090916,No,0,658,Beginner,High,2,Self-Employed,2,Education,85677,0.0,Save
40,785391,35194,1142260,Yes,1247618,493,Expert,High,1,Salaried,2,Education,30255,1.59,Avoid Loan
32,987955,66936,243210,Yes,2431679,351,Intermediate,Medium,2,Business,11,Retirement,15393,2.46,Avoid Loan
59,2124081,80293,574423,No,0,505,Intermediate,Medium,2,Business,3,House,96713,0.0,Avoid Loan
51,1765851,61551,2390210,No,0,724,Beginner,High,2,Salaried,4,Education,85603,0.0,Save
32,1120274,34261,1962260,No,0,404,Intermediate,Low,0,Salaried,4,Retirement,59095,0.0,Avoid Loan
57,891304,21074,1161749,No,0,584,Expert,High,3,Salaried,9,Wealth Creation,53201,0.0,Avoid Loan
54,2551637,86982,2264620,Yes,2263731,621,Beginner,Medium,1,Self-Employed,1,Wealth Creation,125654,0.89,Avoid Loan
58,303140,17129,100965,Yes,412737,443,Beginner,Low,1,Business,7,House,8132,1.36,Avoid Loan
46,2926998,122647,590799,No,0,551,Beginner,Low,0,Business,0,Retirement,121269,0.0,Avoid Loan
29,1540570,48934,611062,No,0,708,Expert,Medium,4,Self-Employed,5,Education,79446,0.0,Save
46,1771409,37547,587417,Yes,1416433,654,Intermediate,High,0,Salaried,2,Retirement,110070,0.8,Avoid Loan
44,454223,15296,308376,Yes,1195206,526,Beginner,High,5,Business,10,House,22555,2.63,Avoid Loan
33,1648513,37670,1961327,Yes,2440437,618,Expert,Low,2,Salaried,7,House,99706,1.48,Avoid Loan
50,441683,24877,167837,Yes,1397294,854,Intermediate,Medium,0,Salaried,4,Retirement,11929,3.16,Avoid Loan
47,2783714,204567,1071655,No,0,889,Beginner,Low,0,Self-Employed,0,House,27409,0.0,Save
36,2445118,166881,1127839,Yes,1462723,441,Beginner,Low,3,Business,6,House,36878,0.6,Avoid Loan
32,981998,35199,190400,No,0,439,Intermediate,High,0,Business,10,House,46634,0.0,Avoid Loan
34,2027539,138514,2269741,Yes,637682,808,Beginner,High,0,Salaried,0,Retirement,30447,0.31,Save
25,785167,40475,1616551,Yes,389901,482,Beginner,Medium,5,Business,12,Wealth Creation,24955,0.5,Avoid Loan
42,753575,17467,589338,No,0,707,Beginner,Low,1,Self-Employed,4,House,45330,0.0,Save
43,2500466,59764,2304749,No,0,574,Beginner,Medium,4,Salaried,3,Retirement,148608,0.0,Avoid Loan
56,480355,27291,592322,Yes,2196228,670,Beginner,Medium,2,Business,10,Retirement,12738,4.57,Avoid Loan
54,2629558,133067,1658845,No,0,474,Beginner,High,1,Salaried,4,House,86062,0.0,Avoid Loan
46,2903371,159385,1448203,No,0,774,Intermediate,High,1,Self-Employed,9,House,82562,0.0,Invest
38,656744,33202,2029908,No,0,672,Intermediate,High,5,Self-Employed,11,Wealth Creation,21526,0.0,Save
45,1368384,58724,1227183,Yes,515698,427,Beginner,Medium,0,Business,2,Retirement,55308,0.38,Avoid Loan
51,410296,15204,1096268,No,0,756,Expert,Low,1,Salaried,2,Retirement,18987,0.0,Save
23,1587494,107194,746880,Yes,2089107,535,Intermediate,High,4,Business,7,Wealth Creation,25097,1.32,Avoid Loan
21,1835484,46878,927894,No,0,873,Intermediate,Low,4,Salaried,11,Education,106079,0.0,Invest
49,2074287,135492,835846,Yes,1919084,770,Beginner,Medium,2,Business,0,House,37365,0.93,Avoid Loan
49,1044438,26928,21206,No,0,578,Beginner,Low,5,Self-Employed,10,Retirement,60108,0.0,Avoid Loan
51,2254929,36200,1132701,Yes,1021685,375,Intermediate,High,1,Self-Employed,7,House,151710,0.45,Avoid Loan
21,2399433,21272,1352521,Yes,1191444,825,Beginner,Medium,3,Self-Employed,11,Retirement,178680,0.5,Avoid Loan
22,1898350,81298,1656076,Yes,1069300,886,Beginner,Medium,4,Self-Employed,0,House,76897,0.56,Avoid Loan
40,1643324,15746,2083008,Yes,1815220,395,Beginner,Medium,3,Business,6,Wealth Creation,121197,1.1,Avoid Loan
21,2574544,62534,708442,Yes,1085284,657,Beginner,Medium,3,Self-Employed,3,Wealth Creation,152011,0.42,Save
59,985044,58458,2079897,No,0,479,Beginner,Low,4,Salaried,9,Retirement,23629,0.0,Avoid Loan
58,1800506,129617,171077,Yes,1463504,790,Intermediate,Medium,4,Business,3,House,20425,0.81,Avoid Loan
39,910506,23678,1210784,No,0,581,Beginner,High,5,Salaried,8,Retirement,52197,0.0,Avoid Loan
53,1466667,22070,622174,Yes,1921233,394,Beginner,Medium,1,Self-Employed,2,Retirement,100152,1.31,Avoid Loan
23,1224572,21088,1100300,Yes,1462656,381,Intermediate,Medium,5,Self-Employed,11,Education,80959,1.19,Avoid Loan
34,2223908,150849,1274298,Yes,1897543,496,Intermediate,High,2,Salaried,0,Wealth Creation,34476,0.85,Avoid Loan
24,301473,17699,171545,Yes,423937,514,Beginner,Medium,1,Salaried,1,House,7423,1.41,Avoid Loan
48,1644571,43904,1909598,No,0,493,Beginner,Low,0,Business,3,Retirement,93143,0.0,Avoid Loan
51,2201377,85858,2143033,Yes,1648564,534,Intermediate,High,2,Self-Employed,6,Retirement,97590,0.75,Avoid Loan
36,2919560,32490,1094471,Yes,2085585,701,Intermediate,High,2,Business,7,Retirement,210806,0.71,Avoid Loan
30,1068854,20784,1189816,Yes,2236584,527,Beginner,Low,4,Business,1,Education,68287,2.09,Avoid Loan
53,2652986,134029,1432285,Yes,1671825,581,Expert,Medium,5,Self-Employed,4,Wealth Creation,87053,0.63,Avoid Loan
26,2071990,79518,413753,No,0,760,Beginner,Medium,5,Business,6,Wealth Creation,93147,0.0,Invest
23,2171001,72137,1941765,Yes,118878,640,Beginner,Low,5,Self-Employed,9,Education,108779,0.05,Save
26,1328848,50769,2016540,No,0,595,Intermediate,Medium,4,Self-Employed,10,House,59968,0.0,Avoid Loan
54,451055,15791,2302267,No,0,638,Beginner,High,1,Salaried,3,Retirement,21796,0.0,Save
59,582396,26390,461262,No,0,363,Beginner,Low,0,Business,7,Education,22143,0.0,Avoid Loan
39,1711088,102827,2341261,No,0,418,Expert,High,1,Self-Employed,0,House,39763,0.0,Avoid Loan
53,1734907,106213,42548,Yes,1172584,604,Intermediate,High,4,Self-Employed,0,Education,38362,0.68,Avoid Loan
31,1649131,39790,642579,No,0,841,Expert,Low,1,Self-Employed,5,Education,97637,0.0,Save
34,1253111,60008,153690,No,0,653,Intermediate,Medium,0,Salaried,11,House,44417,0.0,Save
45,2183987,55751,1294148,Yes,697859,371,Intermediate,High,2,Salaried,11,Wealth Creation,126247,0.32,Avoid Loan
41,870744,22788,1051308,Yes,2331424,355,Intermediate,High,3,Self-Employed,11,Education,49774,2.68,Avoid Loan
46,686955,51162,1412004,Yes,1612807,533,Intermediate,High,4,Business,2,Wealth Creation,6084,2.35,Avoid Loan
55,1424982,38188,1050986,No,0,730,Expert,Low,3,Salaried,7,House,80560,0.0,Invest
35,1950142,15145,1390558,No,0,390,Intermediate,Low,0,Business,9,Education,147366,0.0,Avoid Loan
24,2061755,54308,1704794,Yes,873812,895,Intermediate,Low,3,Salaried,1,Retirement,117504,0.42,Save
27,1681774,109638,1725959,No,0,515,Beginner,Low,5,Self-Employed,3,Wealth Creation,30509,0.0,Avoid Loan
24,2221991,98742,1013826,Yes,1449797,417,Beginner,Medium,2,Business,1,Retirement,86423,0.65,Avoid Loan
33,2602741,175096,1871478,No,0,803,Beginner,Medium,4,Business,6,House,41799,0.0,Invest
48,2127680,128162,2016815,No,0,878,Expert,Low,5,Business,4,Retirement,49144,0.0,Save
36,2533066,129232,608387,Yes,2291979,501,Expert,Low,0,Self-Employed,0,Wealth Creation,81856,0.9,Avoid Loan
46,338904,15147,292080,Yes,829860,415,Beginner,Medium,4,Business,0,Education,13095,2.45,Avoid Loan
36,615213,15100,2347489,Yes,2406470,419,Beginner,High,3,Salaried,4,House,36167,3.91,Avoid Loan
34,645467,46576,1454216,Yes,2305558,663,Beginner,Low,5,Business,9,Education,7212,3.57,Avoid Loan
31,428271,21457,239493,Yes,1083576,626,Beginner,Medium,3,Salaried,9,House,14232,2.53,Avoid Loan
37,1020767,58458,2150421,Yes,349835,676,Intermediate,Medium,4,Salaried,3,Education,26605,0.34,Save
47,1082258,72805,1872341,Yes,1503403,473,Intermediate,Low,0,Business,7,Education,17383,1.39,Avoid Loan
54,332681,18997,264192,No,0,727,Expert,Medium,5,Salaried,4,House,8726,0.0,Save
45,345804,17828,1928340,Yes,2319789,502,Expert,Medium,3,Self-Employed,10,Retirement,10989,6.71,Avoid Loan
60,2618247,62664,1261573,No,0,702,Intermediate,Low,3,Business,6,Wealth Creation,155523,0.0,Save
46,1156363,74585,907560,Yes,920970,453,Intermediate,High,1,Business,12,Wealth Creation,21778,0.8,Avoid Loan
54,2710704,81688,855702,Yes,976511,758,Expert,Low,0,Self-Employed,8,Education,144204,0.36,Save
57,1731521,62558,700808,No,0,862,Intermediate,Low,5,Salaried,6,Education,81735,0.0,Invest
50,381967,26802,49749,No,0,750,Beginner,Low,0,Salaried,3,Wealth Creation,5028,0.0,Avoid Loan
48,1195118,51361,1547449,No,0,720,Intermediate,Medium,4,Self-Employed,10,Retirement,48232,0.0,Invest
22,1031018,38066,1630303,Yes,2359782,661,Expert,Low,2,Self-Employed,1,Retirement,47852,2.29,Avoid Loan
47,479745,22923,1353292,No,0,364,Beginner,High,1,Salaried,5,Retirement,17055,0.0,Avoid Loan
45,577869,39288,999031,No,0,595,Expert,High,3,Self-Employed,7,Retirement,8867,0.0,Avoid Loan
54,349278,21140,871726,Yes,1123347,649,Beginner,Low,0,Business,2,Wealth Creation,7966,3.22,Avoid Loan
36,846262,44043,1310681,Yes,1527004,604,Expert,Low,1,Self-Employed,0,House,26478,1.8,Avoid Loan
50,1621801,67229,1325870,No,0,839,Intermediate,Medium,3,Self-Employed,4,Education,67921,0.0,Save
23,277610,17231,2294054,No,0,416,Intermediate,Medium,1,Salaried,6,Wealth Creation,5903,0.0,Avoid Loan
52,860978,49480,1858007,No,0,403,Expert,Low,4,Self-Employed,9,House,22268,0.0,Avoid Loan
24,2119275,78449,2050487,Yes,208246,856,Expert,High,4,Business,1,Education,98157,0.1,Save
44,1667781,64212,1230168,Yes,539378,449,Intermediate,High,2,Salaried,6,House,74769,0.32,Avoid Loan
55,545691,34469,346509,Yes,852033,370,Beginner,Medium,0,Self-Employed,3,Wealth Creation,11005,1.56,Avoid Loan
22,2483006,152521,749767,Yes,1192226,354,Intermediate,Medium,3,Business,7,Education,54396,0.48,Avoid Loan
44,2078388,145702,701573,Yes,760536,413,Intermediate,Low,5,Salaried,0,House,27497,0.37,Avoid Loan
29,752326,51823,1122320,Yes,1892921,719,Expert,Medium,2,Self-Employed,2,House,10870,2.52,Avoid Loan
53,1190512,30121,1319321,No,0,772,Intermediate,Low,1,Salaried,7,Wealth Creation,69088,0.0,Invest
42,2332648,75568,2295266,No,0,624,Expert,High,4,Self-Employed,3,Wealth Creation,118819,0.0,Save
43,427132,19562,1830232,No,0,807,Expert,Medium,0,Self-Employed,2,Wealth Creation,16032,0.0,Save
39,2719892,81419,1437102,No,0,667,Beginner,Medium,4,Self-Employed,6,Retirement,145238,0.0,Save
54,2022458,32115,670750,No,0,863,Beginner,High,1,Salaried,7,House,136423,0.0,Invest
47,2624718,87328,2145978,Yes,196444,509,Intermediate,Low,4,Self-Employed,5,Retirement,131398,0.07,Avoid Loan
33,803563,18863,1816663,No,0,426,Beginner,Medium,5,Salaried,0,Wealth Creation,48100,0.0,Avoid Loan
33,2975810,70808,2027229,Yes,2009952,648,Beginner,Medium,1,Self-Employed,7,House,177176,0.68,Avoid Loan
37,1374139,38217,1734103,Yes,1268118,722,Intermediate,Low,5,Self-Employed,8,Retirement,76294,0.92,Avoid Loan
58,1504200,98553,1441295,Yes,1051404,728,Expert,Low,3,Self-Employed,4,House,26797,0.7,Avoid Loan
35,1192062,40493,1611276,Yes,2437247,633,Intermediate,Medium,5,Salaried,8,Retirement,58845,2.04,Avoid Loan
30,2503628,84033,670919,No,0,673,Beginner,Medium,2,Salaried,4,House,124602,0.0,Save
56,1738406,34056,1897650,No,0,877,Expert,Medium,2,Business,6,House,110811,0.0,Invest
59,2080233,131598,199482,No,0,771,Intermediate,High,4,Self-Employed,8,House,41754,0.0,Save
54,1321848,52315,239228,Yes,443171,624,Beginner,Low,3,Business,8,House,57839,0.34,Save
26,2463674,30861,2001711,Yes,570552,616,Beginner,Medium,0,Self-Employed,0,Wealth Creation,174445,0.23,Save
60,2711022,29451,162701,Yes,70821,783,Beginner,Low,4,Business,1,Retirement,196467,0.03,Save
39,2198658,74670,1486175,No,0,386,Expert,Low,1,Salaried,11,House,108551,0.0,Avoid Loan
35,593847,34313,2183368,Yes,2475337,817,Expert,Medium,0,Salaried,5,Education,15174,4.17,Avoid Loan
41,1812184,54602,868737,No,0,749,Expert,Medium,1,Salaried,2,House,96413,0.0,Save
53,616185,32481,362564,Yes,368734,652,Intermediate,Low,5,Self-Employed,11,Retirement,18867,0.6,Avoid Loan
38,1237607,48058,778160,Yes,653491,482,Beginner,Low,4,Self-Employed,10,Retirement,55075,0.53,Avoid Loan
41,1755411,27513,2476357,Yes,2272944,801,Expert,Low,5,Business,8,House,118771,1.29,Avoid Loan
39,1949032,117486,519003,Yes,360800,833,Intermediate,Low,4,Business,9,Retirement,44933,0.19,Invest
27,1094050,57213,274314,Yes,1269917,535,Intermediate,High,0,Business,8,Retirement,33957,1.16,Avoid Loan
44,2256372,114300,1539011,No,0,478,Intermediate,High,0,Business,4,Wealth Creation,73731,0.0,Avoid Loan
37,329640,20521,764981,No,0,524,Expert,Low,3,Self-Employed,11,Retirement,6949,0.0,Avoid Loan
40,2491087,128860,1799143,No,0,470,Expert,Medium,4,Business,10,Retirement,78730,0.0,Avoid Loan
49,2282182,61504,2054649,No,0,675,Expert,Low,1,Salaried,4,Retirement,128677,0.0,Save
41,1502018,61558,520293,Yes,2075775,369,Intermediate,Low,3,Salaried,4,Retirement,63610,1.38,Avoid Loan
38,925825,55729,891432,No,0,537,Intermediate,Medium,1,Salaried,7,Education,21423,0.0,Avoid Loan
52,1237435,31665,2377377,Yes,1080302,655,Intermediate,Medium,4,Self-Employed,2,Wealth Creation,71454,0.87,Avoid Loan
38,2255924,112519,2169038,Yes,1756000,756,Beginner,High,0,Business,6,Education,75474,0.78,Avoid Loan
29,302954,15124,1632117,No,0,577,Intermediate,High,1,Business,6,Education,10122,0.0,Avoid Loan
28,1266391,73873,2057518,No,0,617,Beginner,Low,2,Salaried,2,House,31659,0.0,Save
57,2961243,100673,1354255,No,0,543,Expert,Medium,3,Self-Employed,8,House,146097,0.0,Avoid Loan
22,2765875,145647,2292686,No,0,697,Intermediate,High,2,Self-Employed,4,Retirement,84842,0.0,Save
37,1694760,96624,1451971,Yes,270869,644,Intermediate,Medium,5,Business,4,Wealth Creation,44606,0.16,Save
29,2634263,100885,2230875,No,0,592,Intermediate,Low,1,Salaried,1,House,118636,0.0,Avoid Loan
30,1338798,33974,1650883,Yes,2139299,885,Intermediate,Low,5,Salaried,4,House,77592,1.6,Avoid Loan
57,2428849,135558,143847,Yes,124129,802,Intermediate,Low,4,Self-Employed,5,House,66846,0.05,Save
53,1180751,40407,142215,Yes,139160,895,Intermediate,Low,5,Business,12,Retirement,57988,0.12,Save
33,1869477,101663,797289,No,0,888,Beginner,Medium,4,Business,1,House,54126,0.0,Save
57,849299,44051,1629507,Yes,516712,476,Intermediate,Low,2,Salaried,4,Wealth Creation,26723,0.61,Avoid Loan
36,2502716,36804,512093,Yes,2461916,415,Intermediate,Low,1,Business,4,Retirement,171755,0.98,Avoid Loan
57,2447308,28942,551582,Yes,1360387,799,Intermediate,Medium,0,Business,2,Wealth Creation,175000,0.56,Avoid Loan
28,629999,47127,2253403,No,0,642,Beginner,Medium,5,Business,9,House,5372,0.0,Save
43,2713498,154141,1691371,Yes,1505562,540,Intermediate,Medium,4,Business,5,Wealth Creation,71983,0.55,Avoid Loan
39,604599,19037,88393,Yes,1981499,559,Beginner,Medium,2,Self-Employed,5,Wealth Creation,31346,3.28,Avoid Loan
41,276285,20549,206570,No,0,761,Expert,High,0,Salaried,9,Education,2474,0.0,Save
31,759969,47389,663159,No,0,357,Beginner,Low,5,Business,2,Retirement,15941,0.0,Avoid Loan
47,982685,23034,1625076,Yes,951078,416,Expert,High,5,Business,10,Education,58856,0.97,Avoid Loan
41,1320098,46620,2493380,No,0,633,Beginner,Medium,5,Self-Employed,8,Retirement,63388,0.0,Save
44,2916880,64572,1889455,Yes,2165168,823,Intermediate,Low,1,Self-Employed,4,House,178501,0.74,Avoid Loan
48,2594442,15679,1987689,Yes,1848153,798,Expert,High,3,Salaried,1,House,200524,0.71,Avoid Loan
24,2519969,19764,1376359,Yes,2077287,885,Beginner,Medium,5,Self-Employed,7,Wealth Creation,190233,0.82,Avoid Loan
58,725436,36890,1939669,No,0,614,Intermediate,Medium,4,Salaried,2,House,23563,0.0,Save
42,510139,18803,726447,No,0,538,Expert,High,4,Business,12,House,23708,0.0,Avoid Loan
25,2627120,20879,542164,No,0,536,Intermediate,Low,0,Business,5,House,198047,0.0,Avoid Loan
45,1460078,74333,2398075,Yes,1170330,648,Expert,Low,1,Self-Employed,8,Retirement,47340,0.8,Avoid Loan
34,2537405,89648,895907,No,0,596,Intermediate,Low,2,Salaried,6,Retirement,121802,0.0,Avoid Loan
21,1840409,121583,1616214,Yes,1196184,806,Intermediate,Medium,2,Business,12,Retirement,31784,0.65,Avoid Loan
43,862193,52354,213193,Yes,1649189,854,Beginner,Low,1,Salaried,9,Education,19495,1.91,Avoid Loan
54,1004835,35408,514109,Yes,1401131,683,Beginner,Low,3,Salaried,12,Retirement,48328,1.39,Avoid Loan
37,1988350,88460,2295618,No,0,517,Intermediate,High,2,Business,9,House,77235,0.0,Avoid Loan
44,2389523,166677,2237290,No,0,394,Beginner,Low,1,Salaried,8,Education,32449,0.0,Avoid Loan
48,2751992,52025,1307705,No,0,733,Intermediate,Low,4,Self-Employed,0,Education,177307,0.0,Save
58,1574801,69432,272593,No,0,604,Beginner,Low,2,Self-Employed,0,Education,61801,0.0,Save
32,464297,22460,663150,Yes,2016116,848,Intermediate,Low,2,Self-Employed,7,House,16231,4.34,Avoid Loan
54,327862,17997,1853035,Yes,214098,435,Intermediate,Medium,2,Salaried,8,House,9324,0.65,Avoid Loan
29,2613625,126174,632487,Yes,283626,424,Beginner,Low,5,Business,12,Wealth Creation,91628,0.11,Avoid Loan
35,1637565,65112,849562,No,0,386,Intermediate,Medium,0,Business,5,Retirement,71351,0.0,Avoid Loan
37,1713569,36832,2470082,No,0,502,Expert,Low,4,Self-Employed,5,Education,105965,0.0,Avoid Loan
27,2200979,124825,82306,No,0,468,Intermediate,Low,5,Self-Employed,9,Retirement,58589,0.0,Avoid Loan
54,690095,21423,134809,No,0,750,Intermediate,Low,0,Business,6,Education,36084,0.0,Save
35,282617,16420,1508765,Yes,62317,393,Beginner,Medium,3,Business,9,Education,7131,0.22,Avoid Loan
34,2858514,99341,2282641,Yes,1421001,730,Beginner,High,2,Business,2,Education,138868,0.5,Avoid Loan
47,2108138,97104,537268,Yes,2005305,781,Expert,Low,1,Self-Employed,0,Retirement,78574,0.95,Avoid Loan
33,1204511,41532,581799,No,0,672,Beginner,High,1,Salaried,8,Wealth Creation,58843,0.0,Save
51,2446854,115500,654917,Yes,870798,669,Beginner,Medium,0,Salaried,2,Wealth Creation,88404,0.36,Save
33,1963157,34435,409695,Yes,927337,438,Intermediate,Medium,1,Business,7,Retirement,129161,0.47,Avoid Loan
42,2135732,48520,558083,No,0,816,Beginner,High,0,Salaried,5,Wealth Creation,129457,0.0,Save
56,691530,18985,2034488,No,0,761,Expert,Low,1,Self-Employed,3,Retirement,38642,0.0,Save
30,1772916,89427,2387197,Yes,1265439,863,Beginner,High,0,Salaried,1,Wealth Creation,58316,0.71,Avoid Loan
42,473817,25448,643632,Yes,2202016,521,Expert,Low,5,Salaried,11,Education,14036,4.65,Avoid Loan
56,479293,28889,328397,Yes,445685,410,Expert,Medium,2,Salaried,12,Retirement,11052,0.93,Avoid Loan
38,1797382,49093,2449780,No,0,620,Beginner,Low,4,Business,9,Education,100688,0.0,Save
39,2089737,31926,774196,No,0,797,Beginner,Medium,2,Salaried,8,Retirement,142218,0.0,Invest
33,2964119,169811,1421575,No,0,711,Beginner,High,5,Salaried,3,Education,77198,0.0,Save
34,941196,31079,2065596,No,0,528,Expert,Low,5,Salaried,10,Retirement,47354,0.0,Avoid Loan
38,1438178,60359,1042979,No,0,850,Beginner,Low,0,Self-Employed,3,Wealth Creation,59489,0.0,Save
54,2707316,20355,1429537,Yes,2251509,893,Intermediate,Low,3,Salaried,12,Education,205254,0.83,Avoid Loan
48,2427682,99809,1946119,Yes,2372788,678,Expert,Medium,5,Business,10,Retirement,102497,0.98,Avoid Loan
35,1420061,20765,1694810,Yes,1198536,799,Beginner,Low,5,Business,0,Retirement,97573,0.84,Avoid Loan
27,697235,36804,1478988,Yes,751383,609,Expert,Medium,0,Salaried,5,Retirement,21298,1.08,Avoid Loan
43,2509878,135284,1730535,Yes,1766424,379,Beginner,High,1,Self-Employed,8,Education,73872,0.7,Avoid Loan
54,1533581,44231,2433351,No,0,839,Beginner,Low,4,Salaried,2,House,83567,0.0,Save
41,2738747,70009,2476507,No,0,759,Intermediate,Low,0,Business,5,House,158219,0.0,Save
32,2988120,63399,2031265,No,0,875,Expert,Low,3,Business,10,Education,185611,0.0,Invest
29,2536899,166434,2158911,No,0,611,Beginner,Low,4,Business,10,Education,44974,0.0,Save
48,2859262,137418,647810,No,0,747,Expert,High,4,Business,12,Education,100853,0.0,Invest
23,2334929,107555,1038453,No,0,831,Beginner,Medium,4,Business,8,Education,87022,0.0,Invest
45,2947284,28203,1545049,No,0,377,Expert,Low,3,Self-Employed,9,Retirement,217404,0.0,Avoid Loan
49,917827,53139,2079432,Yes,461917,551,Beginner,Medium,1,Salaried,4,Wealth Creation,23346,0.5,Avoid Loan
29,616717,26924,612774,No,0,468,Intermediate,Low,2,Self-Employed,10,House,24469,0.0,Avoid Loan
55,934260,37725,530905,Yes,509410,635,Beginner,High,2,Salaried,12,Education,40130,0.55,Avoid Loan
42,2902649,97976,2275159,Yes,76940,511,Beginner,Medium,5,Business,10,Education,143911,0.03,Avoid Loan
23,1658800,68941,83542,Yes,398153,819,Intermediate,Medium,3,Self-Employed,0,House,69292,0.24,Save
46,2235888,95386,602936,Yes,2051818,716,Intermediate,High,3,Salaried,3,Wealth Creation,90938,0.92,Avoid Loan
35,423970,21599,467473,Yes,963611,577,Beginner,High,4,Business,1,Education,13731,2.27,Avoid Loan
37,317064,17961,267918,No,0,659,Intermediate,High,1,Self-Employed,6,House,8461,0.0,Save
41,969604,17441,271783,Yes,808877,542,Intermediate,High,0,Business,7,Retirement,63359,0.83,Avoid Loan
60,1727814,66012,167896,No,0,775,Beginner,Low,3,Salaried,2,Education,77972,0.0,Save
38,1797149,74459,466327,Yes,256213,488,Intermediate,Low,2,Self-Employed,3,House,75303,0.14,Avoid Loan
35,2665817,197245,50557,Yes,1949012,790,Expert,High,3,Business,5,Retirement,24906,0.73,Avoid Loan
38,885834,57521,2265665,No,0,559,Expert,Medium,1,Salaried,10,Education,16298,0.0,Avoid Loan
34,1038468,35635,2010235,Yes,1381391,679,Expert,Low,5,Business,2,House,50904,1.33,Avoid Loan
47,2666593,167118,1131020,No,0,693,Beginner,Low,3,Self-Employed,8,Education,55098,0.0,Save
36,1641259,47110,2307979,Yes,2394156,537,Expert,High,3,Salaried,2,Wealth Creation,89661,1.46,Avoid Loan
24,1936508,79910,908727,Yes,1539550,472,Expert,Medium,1,Business,4,Wealth Creation,81465,0.8,Avoid Loan
40,2633909,184443,611644,No,0,499,Beginner,High,0,Self-Employed,2,Retirement,35049,0.0,Avoid Loan
53,2212666,111218,245594,No,0,475,Intermediate,Medium,3,Business,1,Retirement,73170,0.0,Avoid Loan
42,601427,26544,227341,No,0,638,Expert,Medium,0,Salaried,6,House,23574,0.0,Save
30,1545829,19428,1040876,No,0,547,Expert,Low,4,Salaried,3,Education,109391,0.0,Avoid Loan
31,1901345,57055,1033241,Yes,1329563,514,Beginner,Medium,1,Business,11,Retirement,101390,0.7,Avoid Loan
38,343339,25475,866219,Yes,695890,717,Intermediate,Low,5,Self-Employed,2,Retirement,3136,2.03,Avoid Loan
41,2440894,132365,922463,Yes,1310734,402,Expert,Medium,1,Business,4,House,71042,0.54,Avoid Loan
28,2358337,96453,1031378,Yes,1315736,460,Intermediate,High,1,Business,8,House,100075,0.56,Avoid Loan
40,1834490,78309,2127238,Yes,467028,645,Expert,High,5,Business,6,Wealth Creation,74565,0.25,Save
33,2720227,202301,1847708,Yes,263045,414,Beginner,Medium,2,Self-Employed,1,Education,24384,0.1,Avoid Loan
33,2125784,15150,2284060,Yes,259697,601,Beginner,Medium,5,Self-Employed,3,Education,161998,0.12,Save
28,659169,23618,2385551,Yes,188499,395,Intermediate,High,3,Self-Employed,5,Education,31312,0.29,Avoid Loan
57,692880,21824,1930554,Yes,2140699,816,Intermediate,Low,4,Self-Employed,4,Wealth Creation,35916,3.09,Avoid Loan
32,2059419,63794,1806707,No,0,603,Beginner,Low,1,Self-Employed,0,Wealth Creation,107824,0.0,Save
37,1189841,28623,1575087,No,0,557,Intermediate,Low,3,Salaried,6,Retirement,70530,0.0,Avoid Loan
21,1632453,121445,1385619,No,0,763,Beginner,Medium,4,Salaried,5,Wealth Creation,14592,0.0,Save
26,799886,24325,146170,Yes,864309,453,Beginner,Medium,2,Self-Employed,11,Education,42332,1.08,Avoid Loan
30,305640,20710,1548073,Yes,1733872,628,Expert,Low,2,Self-Employed,1,House,4760,5.67,Avoid Loan
28,2833067,40068,274037,Yes,2267292,508,Beginner,Medium,4,Salaried,7,Wealth Creation,196020,0.8,Avoid Loan
22,1598784,108938,2406493,No,0,798,Expert,High,3,Business,7,Education,24294,0.0,Save
33,645981,19738,524140,No,0,540,Expert,Low,4,Salaried,5,Education,34093,0.0,Avoid Loan
47,2940071,36505,1134396,No,0,528,Beginner,Low,3,Business,6,Education,208500,0.0,Avoid Loan
26,1573890,72361,1940298,No,0,761,Beginner,Medium,5,Salaried,1,Wealth Creation,58796,0.0,Save
24,2353926,102236,1927249,Yes,1259898,845,Expert,Medium,2,Business,3,Education,93924,0.54,Avoid Loan
48,314949,21699,516824,No,0,555,Beginner,Medium,5,Business,3,Wealth Creation,4546,0.0,Avoid Loan
55,394254,28658,1211394,No,0,508,Beginner,Low,0,Self-Employed,7,Retirement,4196,0.0,Avoid Loan
57,1618417,23177,546831,Yes,2425443,386,Expert,High,0,Self-Employed,4,Wealth Creation,111691,1.5,Avoid Loan
22,1366009,79439,875817,Yes,2330503,861,Beginner,Low,4,Self-Employed,2,Education,34395,1.71,Avoid Loan
21,1056486,53125,279046,No,0,534,Expert,High,0,Self-Employed,0,Retirement,34915,0.0,Avoid Loan
21,2010664,30599,1305863,No,0,859,Expert,Low,1,Business,3,Retirement,136956,0.0,Save
32,2175898,84834,1255998,Yes,552261,653,Beginner,High,4,Self-Employed,8,Wealth Creation,96490,0.25,Save
39,2557221,157894,193721,Yes,589382,629,Intermediate,High,4,Self-Employed,9,Wealth Creation,55207,0.23,Save
23,1566588,116881,1251525,No,0,593,Beginner,Low,5,Salaried,1,Retirement,13668,0.0,Avoid Loan
34,2605179,85769,1320097,Yes,2406347,623,Expert,Medium,0,Self-Employed,1,Retirement,131329,0.92,Avoid Loan
54,1976165,55609,281705,Yes,874908,448,Beginner,Low,0,Business,12,Education,109071,0.44,Avoid Loan
54,1135981,37383,226997,No,0,739,Expert,High,3,Self-Employed,1,Wealth Creation,57282,0.0,Save
44,2737655,66711,1662825,No,0,776,Intermediate,Medium,4,Self-Employed,11,Education,161426,0.0,Invest
26,1839837,39679,66848,No,0,436,Beginner,Low,3,Salaried,10,House,113640,0.0,Avoid Loan
32,1071615,54060,1309795,Yes,299782,729,Beginner,Medium,2,Salaried,12,House,35241,0.28,Invest
21,2117364,19084,1123600,Yes,930055,831,Beginner,Medium,4,Salaried,7,Education,157363,0.44,Save
52,1579850,108139,803912,Yes,843623,581,Intermediate,Medium,3,Business,5,House,23515,0.53,Avoid Loan
25,2352316,108289,1274294,Yes,102629,623,Expert,Medium,5,Self-Employed,1,Wealth Creation,87737,0.04,Save
60,1025818,27580,519569,Yes,761889,857,Beginner,Medium,0,Self-Employed,1,Retirement,57904,0.74,Avoid Loan
30,2416137,94521,101422,Yes,2488497,384,Intermediate,High,0,Self-Employed,2,Retirement,106823,1.03,Avoid Loan
22,396471,29625,2242053,Yes,1030105,900,Beginner,Low,3,Business,7,Education,3414,2.6,Avoid Loan
23,797490,37423,1878577,Yes,1072216,875,Beginner,Medium,1,Self-Employed,2,Education,29034,1.34,Avoid Loan
41,2688576,95514,992345,No,0,395,Intermediate,Low,3,Salaried,0,Education,128534,0.0,Avoid Loan
23,1127850,42998,2001534,Yes,1681280,698,Intermediate,Medium,1,Business,11,Retirement,50989,1.49,Avoid Loan
39,719494,30060,2367951,No,0,804,Intermediate,Low,4,Salaried,9,Wealth Creation,29897,0.0,Invest
24,1551051,20806,654939,Yes,1185085,888,Intermediate,Medium,5,Self-Employed,9,Retirement,108448,0.76,Avoid Loan
47,1582944,71012,954373,No,0,439,Intermediate,Low,0,Salaried,2,Wealth Creation,60900,0.0,Avoid Loan
52,2947756,63864,1665277,No,0,738,Beginner,Low,0,Salaried,10,Wealth Creation,181782,0.0,Invest
48,2657433,109582,2467580,Yes,1052659,392,Beginner,Medium,4,Salaried,10,Wealth Creation,111870,0.4,Avoid Loan
44,1738676,47698,1052244,Yes,2238422,488,Intermediate,High,2,Business,0,Education,97191,1.29,Avoid Loan
38,2159674,64544,1857753,Yes,1894414,691,Beginner,Low,5,Salaried,12,House,115428,0.88,Avoid Loan
26,1490811,55355,278231,Yes,1969891,900,Beginner,Medium,2,Business,6,Education,68879,1.32,Avoid Loan
48,2772449,85066,49808,No,0,700,Beginner,High,2,Self-Employed,9,Retirement,145971,0.0,Avoid Loan
33,2496445,126381,1591898,No,0,772,Beginner,Medium,4,Business,5,Education,81656,0.0,Save
45,2297114,21875,1328615,No,0,648,Beginner,Medium,2,Self-Employed,10,House,169551,0.0,Save
43,470261,21857,2173856,No,0,571,Beginner,High,0,Self-Employed,8,Retirement,17331,0.0,Avoid Loan
23,1568862,54840,1975299,Yes,1927476,360,Expert,High,5,Self-Employed,12,Retirement,75898,1.23,Avoid Loan
48,2942254,138391,967082,No,0,487,Intermediate,Low,1,Salaried,7,Education,106796,0.0,Avoid Loan
46,1504396,97072,2338510,Yes,340744,406,Expert,Medium,5,Business,0,House,28294,0.23,Avoid Loan
37,305033,15473,752088,No,0,843,Intermediate,Low,5,Salaried,12,House,9946,0.0,Save
23,1089115,16993,1023104,Yes,2263886,647,Beginner,Low,0,Self-Employed,8,Education,73766,2.08,Avoid Loan
55,2557224,179848,2009464,No,0,680,Intermediate,High,0,Business,11,Retirement,33254,0.0,Save
28,729661,29624,1113269,No,0,865,Beginner,Low,4,Salaried,2,Education,31181,0.0,Save
33,2433322,70145,485790,Yes,761831,604,Intermediate,Low,1,Self-Employed,9,Retirement,132631,0.31,Save
48,1156031,42877,2085272,Yes,677989,681,Expert,Medium,5,Salaried,1,Wealth Creation,53458,0.59,Avoid Loan
59,1757523,32937,418814,No,0,765,Beginner,Low,5,Self-Employed,7,Wealth Creation,113523,0.0,Invest
57,1182463,37788,2262062,Yes,1568486,784,Intermediate,Low,3,Self-Employed,11,Wealth Creation,60750,1.33,Avoid Loan
49,2790240,198211,35417,Yes,1732153,540,Expert,Low,3,Business,1,Education,34309,0.62,Avoid Loan
32,2342772,137429,2462349,No,0,585,Beginner,Medium,1,Business,0,Retirement,57802,0.0,Avoid Loan
56,1015688,72939,201081,No,0,429,Beginner,Medium,2,Self-Employed,5,House,11701,0.0,Avoid Loan
40,2675015,100360,1469589,Yes,65809,681,Beginner,High,2,Salaried,6,Wealth Creation,122557,0.02,Save
42,908975,19470,1911838,No,0,609,Expert,Low,4,Salaried,0,Retirement,56277,0.0,Save
57,1112273,73825,77678,No,0,451,Beginner,Low,0,Self-Employed,8,Wealth Creation,18864,0.0,Avoid Loan
36,2535947,93213,213113,No,0,456,Intermediate,High,5,Self-Employed,12,Retirement,118115,0.0,Avoid Loan
35,1607258,70732,1724038,Yes,2435026,533,Beginner,Low,1,Business,11,Wealth Creation,63206,1.52,Avoid Loan
47,2380159,154600,1360935,Yes,2042361,358,Intermediate,High,1,Salaried,5,Education,43746,0.86,Avoid Loan
59,2128102,142191,1434077,Yes,1617541,735,Intermediate,Medium,3,Salaried,1,Wealth Creation,35150,0.76,Avoid Loan
23,2659868,178192,1773202,Yes,934787,495,Beginner,Medium,3,Salaried,8,Education,43463,0.35,Avoid Loan
39,961774,47242,1840478,Yes,1059066,404,Beginner,High,5,Business,4,House,32905,1.1,Avoid Loan
35,375909,26338,2381893,No,0,574,Expert,High,4,Business,10,Wealth Creation,4987,0.0,Avoid Loan
51,594571,39937,228680,No,0,586,Beginner,High,5,Salaried,1,Wealth Creation,9610,0.0,Avoid Loan
31,2839627,96177,2328983,No,0,369,Beginner,Medium,1,Business,2,Education,140458,0.0,Avoid Loan
49,1187175,64981,279118,No,0,390,Beginner,High,4,Salaried,1,Wealth Creation,33950,0.0,Avoid Loan
51,1655406,51576,81702,No,0,746,Beginner,Medium,2,Self-Employed,6,Education,86374,0.0,Save
37,2184882,30175,574678,Yes,1730992,662,Intermediate,High,3,Salaried,2,Wealth Creation,151898,0.79,Avoid Loan
45,1662832,44366,1931971,Yes,107795,616,Intermediate,High,3,Business,3,House,94203,0.06,Save
47,1180758,77661,1424158,Yes,512519,536,Expert,Low,2,Business,11,Education,20735,0.43,Avoid Loan
36,2008407,127156,2298065,Yes,1660369,752,Expert,High,4,Business,8,Wealth Creation,40211,0.83,Avoid Loan
50,1826313,84015,1261512,No,0,478,Intermediate,Medium,1,Salaried,5,Wealth Creation,68177,0.0,Avoid Loan
32,1280146,81403,1533865,Yes,942265,550,Expert,High,4,Salaried,0,Wealth Creation,25275,0.74,Avoid Loan
55,263344,17413,2408657,No,0,743,Intermediate,Medium,0,Business,5,Education,4532,0.0,Save
28,1100173,21417,1962994,Yes,895630,631,Intermediate,Low,4,Business,12,Education,70264,0.81,Avoid Loan
32,2220061,151509,564390,Yes,1876714,679,Beginner,High,5,Salaried,12,Education,33496,0.85,Avoid Loan
46,1456588,104812,2087995,No,0,704,Expert,High,0,Business,4,House,16570,0.0,Save
22,1773872,72670,917840,No,0,463,Expert,High,4,Salaried,0,Education,75152,0.0,Avoid Loan
37,1372248,29015,2152041,Yes,1119249,849,Beginner,Medium,5,Self-Employed,9,House,85339,0.82,Avoid Loan
36,2626428,162880,2452479,No,0,473,Expert,Medium,4,Business,6,House,55989,0.0,Avoid Loan
26,1527498,54795,607489,No,0,667,Expert,Low,5,Self-Employed,2,Wealth Creation,72496,0.0,Save
34,472140,28414,127327,No,0,745,Intermediate,Low,3,Self-Employed,0,Education,10931,0.0,Save
56,2235255,159271,1317517,No,0,453,Beginner,Medium,0,Salaried,1,Retirement,27000,0.0,Avoid Loan
22,1032270,60859,1076192,No,0,548,Intermediate,Low,5,Salaried,10,Retirement,25163,0.0,Avoid Loan
28,938114,26537,582035,Yes,723933,356,Beginner,Low,1,Self-Employed,9,Education,51639,0.77,Avoid Loan
28,2453996,50680,2213867,No,0,554,Expert,High,2,Salaried,9,Retirement,153819,0.0,Avoid Loan
21,2367833,95611,1956692,Yes,1519486,786,Beginner,Medium,0,Self-Employed,3,Wealth Creation,101708,0.64,Avoid Loan
44,1879060,65874,1762865,Yes,1792153,371,Intermediate,Medium,5,Salaried,0,Wealth Creation,90714,0.95,Avoid Loan
27,2475983,69465,1957356,Yes,1959350,650,Intermediate,Medium,5,Business,12,Wealth Creation,136866,0.79,Avoid Loan
40,691106,24947,495377,No,0,542,Intermediate,Medium,2,Business,8,House,32645,0.0,Avoid Loan
60,995897,26085,1958448,Yes,1691273,596,Beginner,Medium,4,Self-Employed,6,Retirement,56906,1.7,Avoid Loan
27,364760,17140,1563047,Yes,1103965,496,Expert,Medium,1,Self-Employed,9,Wealth Creation,13256,3.03,Avoid Loan
59,1500240,100389,806450,No,0,821,Expert,High,0,Self-Employed,2,Retirement,24631,0.0,Save
39,1184826,81838,1754127,Yes,1532230,891,Intermediate,Low,4,Salaried,9,House,16897,1.29,Avoid Loan
54,2220635,93712,262422,Yes,897829,362,Beginner,Medium,1,Salaried,6,Wealth Creation,91340,0.4,Avoid Loan
35,2161560,20783,708741,Yes,2448152,856,Intermediate,Low,5,Business,4,Education,159347,1.13,Avoid Loan
25,1991370,137790,721485,Yes,2475605,767,Intermediate,Medium,5,Self-Employed,4,Education,28157,1.24,Avoid Loan
26,2303346,159639,237492,Yes,886831,483,Beginner,Low,3,Self-Employed,5,Retirement,32306,0.39,Avoid Loan
42,2991115,169110,59826,Yes,2035077,804,Expert,Low,3,Salaried,4,Retirement,80149,0.68,Avoid Loan
21,2990869,158760,1981266,Yes,712223,826,Intermediate,High,2,Salaried,2,House,90479,0.24,Save
29,1108463,27623,1366595,Yes,2018724,886,Intermediate,High,3,Salaried,2,Retirement,64748,1.82,Avoid Loan
47,266770,17387,2224125,Yes,832941,599,Intermediate,Low,4,Self-Employed,5,Wealth Creation,4843,3.12,Avoid Loan
33,2949047,182560,363935,No,0,369,Intermediate,Low,4,Business,12,House,63193,0.0,Avoid Loan
49,1130079,30420,2344479,Yes,251548,498,Expert,Medium,1,Business,11,Retirement,63753,0.22,Avoid Loan
21,1455920,85841,1567123,No,0,584,Intermediate,Medium,0,Self-Employed,8,Wealth Creation,35485,0.0,Avoid Loan
58,1016223,34191,1826084,No,0,500,Beginner,High,2,Business,1,Retirement,50494,0.0,Avoid Loan
43,2966532,78408,1635763,Yes,186555,607,Beginner,High,3,Business,3,Wealth Creation,168803,0.06,Save
36,306488,16940,345218,Yes,516435,807,Beginner,Low,2,Business,7,Education,8600,1.69,Avoid Loan
26,260938,15317,1135599,Yes,1842257,539,Beginner,Medium,4,Salaried,5,Wealth Creation,6427,7.06,Avoid Loan
35,286780,17194,2386376,Yes,624574,476,Intermediate,Medium,2,Business,4,Education,6704,2.18,Avoid Loan
51,2526697,63445,1099051,No,0,475,Beginner,Low,5,Business,4,Retirement,147113,0.0,Avoid Loan
37,1693045,84680,790392,Yes,882951,668,Beginner,High,4,Self-Employed,4,House,56407,0.52,Avoid Loan
41,362237,17639,2216634,Yes,1736837,399,Beginner,Low,1,Salaried,12,Retirement,12547,4.79,Avoid Loan
49,1970112,25606,95462,No,0,460,Beginner,Medium,4,Business,9,Education,138570,0.0,Avoid Loan
35,854739,24636,2318470,Yes,2032095,699,Expert,High,4,Salaried,10,Education,46592,2.38,Avoid Loan
32,2274779,126901,1231684,No,0,848,Beginner,Medium,3,Business,1,House,62663,0.0,Save
31,564979,39592,967689,No,0,787,Intermediate,High,3,Business,2,Wealth Creation,7489,0.0,Save
46,713790,32564,1734672,No,0,435,Beginner,Low,4,Business,11,House,26918,0.0,Avoid Loan
29,795154,17155,1479373,No,0,793,Expert,Low,1,Salaried,8,Retirement,49107,0.0,Invest
21,516370,29146,728228,Yes,1674376,417,Expert,Low,0,Salaried,11,House,13884,3.24,Avoid Loan
47,523230,38469,2300169,Yes,611075,575,Intermediate,High,4,Business,0,Education,5133,1.17,Avoid Loan
60,1620815,60861,486607,No,0,727,Intermediate,Medium,4,Business,4,Retirement,74206,0.0,Save
50,1750948,28156,1744315,No,0,721,Intermediate,High,1,Self-Employed,12,Retirement,117756,0.0,Invest
48,535765,21577,1436048,Yes,562740,894,Intermediate,Low,2,Business,4,Wealth Creation,23070,1.05,Avoid Loan
50,1189837,82106,894915,No,0,867,Beginner,Medium,4,Self-Employed,10,Retirement,17047,0.0,Save
23,2300845,97896,575729,Yes,1313125,447,Expert,Low,3,Self-Employed,5,Wealth Creation,93841,0.57,Avoid Loan
21,1402472,17216,1426642,Yes,335781,579,Intermediate,Medium,0,Self-Employed,6,Retirement,99656,0.24,Avoid Loan
57,2847758,70458,981916,Yes,835457,882,Intermediate,Low,3,Salaried,9,Wealth Creation,166855,0.29,Invest
24,648183,39355,765573,Yes,919789,519,Beginner,Medium,0,Self-Employed,4,Retirement,14660,1.42,Avoid Loan
38,777051,29957,1631048,No,0,796,Expert,Medium,0,Self-Employed,4,Retirement,34797,0.0,Save
60,994005,69724,500415,No,0,447,Expert,Medium,3,Salaried,0,Retirement,13109,0.0,Avoid Loan
38,2091749,54410,588297,No,0,667,Expert,Low,3,Self-Employed,5,Education,119902,0.0,Save
23,955871,31402,1922467,Yes,277336,623,Expert,High,0,Self-Employed,6,House,48253,0.29,Save
33,1589063,106995,410710,Yes,2346942,652,Expert,Medium,0,Business,12,House,25426,1.48,Avoid Loan
34,1285948,91166,1948985,No,0,353,Expert,Low,3,Business,2,Education,15996,0.0,Avoid Loan
55,755685,18340,1659913,No,0,811,Expert,Low,1,Business,6,Wealth Creation,44633,0.0,Invest
27,1761160,53235,302754,No,0,747,Intermediate,High,4,Self-Employed,7,House,93528,0.0,Invest
40,1026047,64378,424649,No,0,466,Beginner,Low,2,Self-Employed,12,Education,21125,0.0,Avoid Loan
47,882158,40796,1435180,No,0,605,Expert,Medium,4,Salaried,8,Retirement,32717,0.0,Save
52,944836,33580,1814178,No,0,373,Beginner,Medium,4,Self-Employed,12,Retirement,45156,0.0,Avoid Loan
41,2867972,144549,49046,No,0,454,Intermediate,Low,0,Salaried,1,Retirement,94448,0.0,Avoid Loan
22,808708,28521,394230,Yes,1758336,850,Expert,Low,5,Business,11,House,38871,2.17,Avoid Loan
45,2814927,76829,2215065,Yes,1161448,491,Intermediate,Medium,2,Salaried,6,Education,157748,0.41,Avoid Loan
49,2198134,41444,625387,No,0,541,Intermediate,Low,1,Salaried,10,Wealth Creation,141733,0.0,Avoid Loan
41,2301993,52879,185939,Yes,1614359,659,Intermediate,Low,1,Self-Employed,1,House,138953,0.7,Avoid Loan
44,2294587,49276,640191,Yes,262260,352,Beginner,High,0,Business,10,Retirement,141939,0.11,Avoid Loan
33,768681,27953,2174368,Yes,2049376,782,Intermediate,Medium,2,Business,2,House,36103,2.67,Avoid Loan
41,1080916,22776,1948277,Yes,850383,383,Beginner,Medium,2,Salaried,9,Wealth Creation,67300,0.79,Avoid Loan
47,2228054,59204,654508,Yes,1364324,659,Beginner,Low,1,Business,8,Education,126467,0.61,Avoid Loan
55,2018835,130063,1997066,No,0,365,Beginner,Medium,0,Business,10,Wealth Creation,38173,0.0,Avoid Loan
43,332142,16601,610966,No,0,391,Beginner,Low,5,Business,8,Wealth Creation,11077,0.0,Avoid Loan
28,2211430,137138,319163,Yes,913095,881,Expert,Medium,5,Business,6,Education,47147,0.41,Save
58,2638954,113689,2176583,Yes,2077349,410,Beginner,High,4,Self-Employed,3,Retirement,106223,0.79,Avoid Loan
33,2800145,86430,146483,Yes,2479237,454,Beginner,High,3,Business,4,Wealth Creation,146915,0.89,Avoid Loan
45,2863805,123932,1615732,No,0,816,Beginner,Medium,4,Salaried,12,Education,114718,0.0,Invest
21,1923623,21089,842831,Yes,512928,809,Beginner,Medium,1,Salaried,3,Education,139212,0.27,Save
26,1681443,98931,2096572,No,0,559,Beginner,High,0,Salaried,5,House,41189,0.0,Avoid Loan
35,1996099,122761,762024,Yes,1186658,543,Beginner,High,4,Business,8,House,43580,0.59,Avoid Loan
42,1355442,100320,1704932,No,0,384,Expert,Medium,2,Salaried,7,Education,12633,0.0,Avoid Loan
25,532019,18687,2034958,Yes,1144704,710,Beginner,High,1,Salaried,12,Wealth Creation,25647,2.15,Avoid Loan
33,340688,23380,2348024,No,0,719,Expert,Medium,1,Business,2,Wealth Creation,5010,0.0,Save
26,2561686,141551,1056631,No,0,362,Beginner,Low,1,Business,8,Retirement,71922,0.0,Avoid Loan
48,995402,55882,1648666,No,0,671,Beginner,Low,5,Salaried,12,Education,27068,0.0,Save
31,468774,34521,567498,Yes,1403876,404,Beginner,Medium,1,Business,1,Wealth Creation,4543,2.99,Avoid Loan
29,2969669,34956,462644,No,0,827,Beginner,Medium,3,Business,5,Education,212516,0.0,Save
21,2332451,96035,246914,No,0,784,Beginner,High,3,Salaried,9,Wealth Creation,98335,0.0,Save
26,2277826,167319,1163230,Yes,2183850,809,Intermediate,High,4,Self-Employed,11,Education,22499,0.96,Avoid Loan
59,2851433,19860,2023359,No,0,764,Intermediate,Medium,0,Salaried,12,House,217759,0.0,Invest
34,481453,30264,2444545,No,0,677,Expert,Low,5,Business,6,Wealth Creation,9857,0.0,Save
24,2276373,93607,982440,No,0,411,Beginner,High,3,Business,12,Wealth Creation,96090,0.0,Avoid Loan
25,1382538,19373,1553737,Yes,360013,655,Beginner,Medium,3,Business,6,Wealth Creation,95838,0.26,Save
50,1185286,88311,237752,No,0,468,Intermediate,High,1,Self-Employed,9,Education,10462,0.0,Avoid Loan
38,337368,18442,1020538,No,0,430,Expert,High,4,Business,6,Education,9672,0.0,Avoid Loan
42,620678,28100,2352220,Yes,538949,882,Intermediate,Medium,4,Business,5,Wealth Creation,23623,0.87,Avoid Loan
50,821323,34767,152758,No,0,468,Beginner,Low,5,Salaried,9,Education,33676,0.0,Avoid Loan
49,2517438,49482,1471361,No,0,364,Beginner,High,4,Salaried,0,House,160304,0.0,Avoid Loan
58,2826317,185855,408646,No,0,670,Beginner,Low,3,Business,11,Education,49671,0.0,Save
31,1666719,37023,750398,No,0,583,Beginner,Low,3,Self-Employed,2,House,101870,0.0,Avoid Loan
25,403512,15024,1857046,No,0,485,Beginner,Low,3,Business,0,Retirement,18602,0.0,Avoid Loan
23,2533281,132278,302096,No,0,426,Intermediate,Low,5,Business,10,Education,78828,0.0,Avoid Loan
50,2793172,186399,1244475,No,0,606,Expert,Low,4,Salaried,11,Wealth Creation,46365,0.0,Save
57,1649256,87149,1714020,Yes,2293568,525,Expert,Medium,1,Self-Employed,7,Education,50289,1.39,Avoid Loan
38,2126497,77532,2410811,No,0,632,Expert,High,2,Self-Employed,1,Wealth Creation,99676,0.0,Save
34,1622362,93699,2108999,Yes,1946172,411,Intermediate,Low,3,Business,0,Education,41497,1.2,Avoid Loan
50,2280498,144918,2221864,Yes,2070961,523,Beginner,Medium,3,Self-Employed,8,Education,45123,0.91,Avoid Loan
40,1754649,121779,2461813,Yes,1851564,728,Beginner,Medium,5,Business,0,Wealth Creation,24441,1.06,Avoid Loan
23,1369841,57441,2141462,Yes,1780095,701,Beginner,High,0,Salaried,10,House,56712,1.3,Avoid Loan
50,526918,23590,2045532,No,0,820,Intermediate,Medium,1,Self-Employed,2,Wealth Creation,20319,0.0,Save
48,1909076,57003,1224761,Yes,2474288,401,Beginner,High,3,Self-Employed,11,Education,102086,1.3,Avoid Loan
55,2943858,77878,519227,Yes,1545206,506,Beginner,Medium,4,Salaried,3,Wealth Creation,167443,0.52,Avoid Loan
24,2373525,173712,1002821,No,0,808,Beginner,Low,3,Self-Employed,11,Wealth Creation,24081,0.0,Save
31,1517060,112097,20169,No,0,536,Intermediate,Medium,0,Business,11,Retirement,14324,0.0,Avoid Loan
46,501923,32595,1083655,No,0,799,Beginner,High,5,Salaried,2,Retirement,9231,0.0,Save
59,2763629,196603,2183935,No,0,456,Intermediate,High,4,Salaried,7,Education,33699,0.0,Avoid Loan
38,2254496,97922,1045341,Yes,2362529,835,Beginner,Low,0,Self-Employed,3,Education,89952,1.05,Avoid Loan
54,434091,24686,455739,Yes,916063,602,Expert,Low,3,Self-Employed,6,Retirement,11488,2.11,Avoid Loan
46,2296586,107316,1208704,Yes,1533100,591,Intermediate,Low,1,Business,8,Education,84066,0.67,Avoid Loan
27,1209366,52833,591445,Yes,1660661,539,Beginner,High,4,Self-Employed,5,House,47947,1.37,Avoid Loan
48,375530,24674,514174,Yes,767623,651,Beginner,High,2,Self-Employed,7,House,6620,2.04,Avoid Loan
60,2421767,38401,1246169,No,0,580,Expert,High,5,Business,9,House,163412,0.0,Avoid Loan
43,451270,19354,118245,Yes,2107954,351,Beginner,Low,1,Self-Employed,11,House,18251,4.67,Avoid Loan
32,2204483,73374,2459358,Yes,1667077,826,Intermediate,Low,4,Business,8,House,110332,0.76,Avoid Loan
59,1164497,61773,2424765,Yes,434562,713,Expert,Medium,0,Salaried,0,House,35268,0.37,Save
35,1721653,105848,679187,No,0,397,Expert,Low,2,Business,11,Education,37623,0.0,Avoid Loan
40,473194,32878,2134517,No,0,864,Beginner,Medium,5,Salaried,5,House,6554,0.0,Save
50,1498846,47367,2070458,Yes,426538,628,Beginner,Medium,5,Self-Employed,4,House,77536,0.28,Save
56,1922977,103999,287151,Yes,1681436,842,Intermediate,Medium,0,Business,6,House,56249,0.87,Avoid Loan
43,485505,22602,2497367,Yes,1870804,466,Intermediate,Medium,1,Business,12,Wealth Creation,17856,3.85,Avoid Loan
21,2561899,53298,2336434,Yes,2352014,361,Intermediate,High,2,Salaried,12,Education,160193,0.92,Avoid Loan
37,2513555,143321,1213412,Yes,740568,880,Beginner,High,4,Salaried,12,Retirement,66141,0.29,Invest
53,1452219,73892,1244796,No,0,365,Intermediate,Medium,2,Business,1,House,47126,0.0,Avoid Loan
51,2744552,76587,722186,Yes,184261,699,Intermediate,Medium,3,Salaried,3,Wealth Creation,152125,0.07,Save
43,1195531,50771,1823821,No,0,462,Beginner,Medium,1,Salaried,11,Education,48856,0.0,Avoid Loan
32,2394200,133991,2331356,Yes,1641571,889,Intermediate,High,0,Self-Employed,10,Retirement,65525,0.69,Avoid Loan
33,2916667,159308,1050479,No,0,710,Intermediate,Medium,3,Salaried,4,Education,83747,0.0,Save
32,591983,15254,1845114,No,0,851,Intermediate,High,4,Business,11,Retirement,34077,0.0,Invest
41,889979,28877,2318657,No,0,765,Intermediate,High,3,Self-Employed,3,Retirement,45287,0.0,Save
43,2410341,87433,552773,No,0,600,Beginner,Medium,4,Salaried,11,Retirement,113428,0.0,Save
53,670272,32675,2035031,Yes,1436759,703,Beginner,Medium,4,Self-Employed,8,Education,23181,2.14,Avoid Loan
38,931158,27644,1821838,No,0,424,Beginner,Low,0,Business,5,Retirement,49952,0.0,Avoid Loan
43,1414270,101994,2181163,No,0,605,Expert,High,2,Salaried,6,House,15861,0.0,Save
58,1599932,52777,2177858,No,0,814,Intermediate,Medium,5,Salaried,10,Education,80550,0.0,Invest
56,1760243,20688,1184579,Yes,656831,454,Intermediate,High,1,Salaried,6,House,125998,0.37,Avoid Loan
59,2543978,19905,1054906,No,0,872,Beginner,Medium,1,Salaried,8,Education,192093,0.0,Invest
33,2788429,93566,673433,No,0,701,Intermediate,High,0,Business,8,House,138803,0.0,Save
47,2084642,126157,1142010,No,0,455,Intermediate,Low,0,Self-Employed,2,Retirement,47563,0.0,Avoid Loan
45,1592303,69143,1234098,No,0,732,Intermediate,Low,0,Business,12,Education,63548,0.0,Invest
46,2586258,153598,1869679,Yes,2453032,665,Intermediate,Low,3,Self-Employed,1,Wealth Creation,61923,0.95,Avoid Loan
21,957880,20199,1984383,No,0,629,Expert,High,0,Salaried,4,House,59624,0.0,Save
38,1195254,25156,405358,Yes,1734549,535,Beginner,Low,0,Business,2,Retirement,74448,1.45,Avoid Loan
26,1286206,70974,2324557,No,0,351,Intermediate,Low,2,Self-Employed,1,House,36209,0.0,Avoid Loan
23,346693,18460,265990,No,0,835,Expert,High,0,Business,12,Retirement,10431,0.0,Save
28,1769922,91880,2405376,Yes,1752740,470,Beginner,Medium,3,Business,3,Wealth Creation,55613,0.99,Avoid Loan
41,2603528,182250,2090967,Yes,1522710,856,Intermediate,Low,3,Salaried,7,Education,34710,0.58,Avoid Loan
22,658559,24426,1832108,No,0,529,Beginner,Low,0,Business,6,Wealth Creation,30453,0.0,Avoid Loan
49,1477468,47112,2137790,Yes,926404,843,Beginner,Medium,5,Self-Employed,9,Wealth Creation,76010,0.63,Avoid Loan
37,2874500,129466,2314254,No,0,777,Beginner,High,1,Salaried,4,Wealth Creation,110075,0.0,Save
56,2856747,185580,805235,No,0,885,Intermediate,Low,4,Self-Employed,5,Education,52482,0.0,Save
58,813543,55758,182299,Yes,549160,624,Expert,High,5,Business,4,House,12037,0.68,Avoid Loan
27,2002221,50220,402499,No,0,506,Beginner,Medium,5,Business,4,Retirement,116631,0.0,Avoid Loan
31,1881619,69166,1157680,Yes,1271232,536,Beginner,Medium,2,Business,7,Retirement,87635,0.68,Avoid Loan
31,1509516,58886,2369822,No,0,717,Intermediate,Medium,0,Salaried,5,House,66907,0.0,Save
54,1299163,47577,1257447,Yes,1720611,535,Beginner,High,3,Business,2,Retirement,60686,1.32,Avoid Loan
56,853258,23238,235612,No,0,898,Beginner,Medium,2,Business,11,Retirement,47866,0.0,Save
50,656772,26843,882542,Yes,398034,571,Beginner,Medium,0,Business,2,House,27888,0.61,Avoid Loan
34,2053792,114594,1359469,Yes,1716284,561,Expert,Medium,3,Business,5,Retirement,56555,0.84,Avoid Loan
31,2018603,30637,174061,No,0,762,Beginner,Medium,0,Business,9,Wealth Creation,137579,0.0,Save
46,630949,20978,2259639,No,0,395,Beginner,Medium,1,Salaried,1,Retirement,31601,0.0,Avoid Loan
46,721777,32421,1211725,Yes,2228361,859,Expert,Low,1,Business,3,Retirement,27727,3.09,Avoid Loan
42,1272318,65615,436000,Yes,2499595,492,Intermediate,Low,2,Salaried,9,Education,40411,1.96,Avoid Loan
34,2202503,101619,600316,Yes,2033985,520,Beginner,Medium,3,Salaried,6,Retirement,81922,0.92,Avoid Loan
37,1279616,28073,1180523,Yes,492631,761,Expert,Medium,4,Self-Employed,0,House,78561,0.38,Save
29,1414913,71761,1947827,No,0,476,Intermediate,Low,3,Business,3,House,46148,0.0,Avoid Loan
37,2856714,205418,2097064,Yes,1547897,897,Beginner,Low,4,Self-Employed,7,Wealth Creation,32641,0.54,Avoid Loan
29,875779,23113,2204324,Yes,841166,756,Beginner,High,3,Salaried,8,Retirement,49868,0.96,Avoid Loan
51,291041,15732,2085131,No,0,707,Expert,High,2,Business,0,House,8521,0.0,Save
59,1516105,76567,1780819,Yes,299403,859,Intermediate,High,0,Self-Employed,0,House,49775,0.2,Save
34,1827407,66489,155223,Yes,1086558,788,Intermediate,High,5,Self-Employed,6,Wealth Creation,85794,0.59,Avoid Loan
46,1295017,40010,1898436,Yes,1973800,674,Beginner,Medium,0,Business,2,Education,67908,1.52,Avoid Loan
53,368153,24273,2032164,No,0,659,Beginner,High,1,Self-Employed,12,Retirement,6406,0.0,Save
50,2561206,112681,1411976,Yes,1400163,883,Beginner,High,2,Salaried,11,Retirement,100752,0.55,Avoid Loan
33,1667920,54536,1814547,Yes,1946357,661,Intermediate,High,3,Business,6,House,84457,1.17,Avoid Loan
59,885724,63593,387756,No,0,668,Expert,High,3,Salaried,8,Wealth Creation,10217,0.0,Save
44,1159010,56138,2386831,Yes,1411477,577,Beginner,Low,3,Salaried,1,Wealth Creation,40446,1.22,Avoid Loan
29,1891600,104180,1298880,Yes,761089,368,Beginner,Low,0,Self-Employed,7,Retirement,53453,0.4,Avoid Loan
57,2968316,57582,2395818,No,0,552,Intermediate,High,0,Self-Employed,0,Retirement,189777,0.0,Avoid Loan
35,1979138,27283,920456,Yes,529171,721,Intermediate,Medium,1,Business,12,House,137645,0.27,Invest
46,2596992,87972,1752216,Yes,503598,457,Intermediate,High,5,Salaried,0,House,128444,0.19,Avoid Loan
25,1607691,104299,769851,No,0,475,Intermediate,Low,3,Self-Employed,10,Education,29675,0.0,Avoid Loan
34,2762702,99722,1784442,Yes,1967393,789,Beginner,Medium,3,Salaried,3,Education,130503,0.71,Avoid Loan
21,2648569,44719,526112,No,0,396,Intermediate,Low,2,Self-Employed,8,Education,175995,0.0,Avoid Loan
60,2623278,183486,1358799,Yes,576806,752,Expert,High,2,Self-Employed,10,Retirement,35120,0.22,Invest
36,2056164,59426,917076,Yes,962240,371,Beginner,Low,3,Self-Employed,0,Wealth Creation,111921,0.47,Avoid Loan
32,2251608,102320,2134102,No,0,364,Expert,Medium,0,Salaried,12,Education,85314,0.0,Avoid Loan
39,1854703,55146,1678751,Yes,726736,442,Beginner,High,2,Self-Employed,8,Wealth Creation,99412,0.39,Avoid Loan
48,1542975,109179,1594552,Yes,2193516,412,Intermediate,Medium,5,Self-Employed,0,Wealth Creation,19402,1.42,Avoid Loan
58,1824961,94194,2385755,No,0,628,Beginner,Low,4,Business,0,Education,57886,0.0,Save
34,560962,37572,548055,No,0,662,Intermediate,Medium,4,Self-Employed,1,House,9174,0.0,Save
33,1244369,62217,158660,Yes,1573994,521,Beginner,Low,4,Self-Employed,6,Education,41480,1.26,Avoid Loan
38,2354143,33437,1097030,No,0,707,Beginner,Medium,5,Salaried,1,Education,162741,0.0,Save
50,1876910,99050,321739,Yes,1401712,770,Intermediate,High,5,Business,2,Retirement,57359,0.75,Avoid Loan
56,985754,35895,811788,No,0,371,Intermediate,Low,3,Self-Employed,8,Education,46251,0.0,Avoid Loan
59,2297877,17582,680506,No,0,426,Beginner,Low,0,Business,2,Wealth Creation,173907,0.0,Avoid Loan
38,2796148,172614,229308,No,0,719,Beginner,Medium,0,Salaried,0,Education,60398,0.0,Save
40,1640248,71020,29685,No,0,371,Expert,Low,1,Self-Employed,8,Retirement,65667,0.0,Avoid Loan
34,2960942,150624,1227649,No,0,532,Expert,Medium,1,Business,9,Wealth Creation,96121,0.0,Avoid Loan
34,962058,31387,740890,No,0,673,Intermediate,Medium,1,Self-Employed,6,Education,48784,0.0,Save
22,2921660,212255,24354,Yes,2343893,845,Beginner,High,0,Salaried,9,House,31216,0.8,Avoid Loan
59,2374186,123262,2363984,No,0,504,Beginner,High,4,Business,7,House,74586,0.0,Avoid Loan
24,2396748,89187,984910,No,0,755,Intermediate,Medium,2,Business,11,Retirement,110542,0.0,Invest
36,1318866,23555,2474051,Yes,861096,711,Beginner,High,0,Self-Employed,1,House,86350,0.65,Avoid Loan
37,1882693,107030,2196692,No,0,737,Beginner,Medium,5,Self-Employed,4,Education,49861,0.0,Save
30,2777689,134787,2340555,Yes,2444702,809,Beginner,Medium,2,Self-Employed,3,House,96687,0.88,Avoid Loan
46,1663647,64734,2374364,No,0,503,Beginner,Medium,1,Self-Employed,8,Wealth Creation,73903,0.0,Avoid Loan
31,723802,31560,597644,No,0,541,Beginner,Medium,0,Salaried,2,Education,28756,0.0,Avoid Loan
58,632746,22291,1035351,Yes,860340,385,Beginner,Medium,0,Salaried,3,Wealth Creation,30437,1.36,Avoid Loan
21,2169967,70107,221938,Yes,1250439,474,Expert,High,5,Salaried,3,House,110723,0.58,Avoid Loan
58,367499,22327,2029274,Yes,2271551,379,Expert,Low,4,Self-Employed,8,House,8297,6.18,Avoid Loan
28,1467073,17259,439344,Yes,1090156,376,Intermediate,Medium,5,Self-Employed,11,House,104997,0.74,Avoid Loan
52,2934671,133535,727891,No,0,356,Expert,High,0,Salaried,12,Retirement,111020,0.0,Avoid Loan
44,400173,22197,170574,Yes,1539719,421,Beginner,Medium,3,Salaried,1,Education,11150,3.85,Avoid Loan
22,2998471,156760,1820330,Yes,1695536,355,Beginner,Medium,0,Business,2,Wealth Creation,93112,0.57,Avoid Loan
51,769702,24146,1523533,No,0,795,Expert,Medium,2,Salaried,1,Education,39995,0.0,Save
37,834896,36796,2222241,No,0,840,Expert,High,2,Salaried,12,House,32778,0.0,Invest
60,1878987,137946,2231876,No,0,687,Beginner,Medium,1,Self-Employed,4,Education,18636,0.0,Save
57,2008117,116304,663663,No,0,420,Beginner,Medium,2,Self-Employed,2,Retirement,51039,0.0,Avoid Loan
52,499284,19661,1879579,No,0,871,Intermediate,Low,4,Business,11,Wealth Creation,21946,0.0,Save
52,2028320,127653,163882,No,0,751,Intermediate,Medium,5,Salaried,10,House,41373,0.0,Save
53,1324526,88705,2011553,Yes,496402,493,Beginner,Low,0,Self-Employed,9,Retirement,21672,0.37,Avoid Loan
28,1455392,106897,1195487,Yes,1960740,510,Intermediate,Medium,4,Business,6,Wealth Creation,14385,1.35,Avoid Loan
57,556496,16381,608663,Yes,1512777,678,Beginner,Medium,2,Salaried,0,Retirement,29993,2.72,Avoid Loan
28,2107530,141747,1927333,No,0,370,Intermediate,High,0,Salaried,6,Retirement,33880,0.0,Avoid Loan
42,2188529,77890,1078000,Yes,362770,761,Expert,Low,0,Self-Employed,3,Retirement,104487,0.17,Save
36,1986610,43292,1392223,No,0,695,Beginner,Low,1,Salaried,3,Wealth Creation,122258,0.0,Save
24,2841583,172737,2057138,No,0,615,Expert,Low,0,Business,5,Education,64061,0.0,Save
22,377333,16784,2067578,Yes,2313861,580,Intermediate,Low,2,Salaried,12,House,14660,6.13,Avoid Loan
58,2274828,144629,1020156,No,0,896,Beginner,Low,0,Salaried,8,Education,44940,0.0,Invest
28,538391,23793,2389129,Yes,2378456,543,Intermediate,Low,2,Business,12,Retirement,21072,4.42,Avoid Loan
60,1712546,89911,783615,No,0,819,Expert,Medium,5,Self-Employed,0,Wealth Creation,52801,0.0,Save
57,1008969,64912,1500012,No,0,896,Beginner,Medium,4,Business,3,Wealth Creation,19168,0.0,Save
47,1855555,60226,1277373,Yes,123350,456,Beginner,Medium,2,Self-Employed,2,Education,94403,0.07,Avoid Loan
36,345979,18759,1899606,No,0,364,Expert,High,0,Self-Employed,0,Education,10072,0.0,Avoid Loan
42,1023221,15572,394326,Yes,499251,530,Intermediate,High,1,Business,2,Retirement,69696,0.49,Avoid Loan
41,1473853,30435,854459,No,0,444,Beginner,Low,3,Self-Employed,12,Wealth Creation,92386,0.0,Avoid Loan
29,357279,26490,1165143,No,0,586,Intermediate,Low,0,Business,10,Retirement,3283,0.0,Avoid Loan
45,719957,51817,1039159,Yes,738501,865,Intermediate,Medium,5,Business,11,Education,8179,1.03,Avoid Loan
45,833064,32665,2404210,Yes,1582665,763,Intermediate,High,0,Salaried,10,Education,36757,1.9,Avoid Loan
35,2331210,106796,1537154,Yes,67443,859,Beginner,Medium,0,Self-Employed,8,Retirement,87471,0.03,Invest
40,2975464,150433,546220,Yes,1992492,422,Beginner,Medium,0,Salaried,1,House,97522,0.67,Avoid Loan
48,481894,22103,165676,No,0,840,Expert,High,2,Salaried,8,Retirement,18054,0.0,Save
29,2184475,96264,589683,No,0,366,Beginner,High,1,Business,8,Wealth Creation,85775,0.0,Avoid Loan
35,2769099,107445,208319,Yes,1609297,393,Expert,Medium,3,Self-Employed,1,Wealth Creation,123313,0.58,Avoid Loan
21,2610234,63886,634473,Yes,1137814,772,Intermediate,Low,1,Business,10,House,153633,0.44,Save
41,1586089,108792,952420,No,0,483,Beginner,High,5,Salaried,2,Wealth Creation,23382,0.0,Avoid Loan
49,2824687,42669,338943,Yes,1245794,788,Expert,Medium,3,Self-Employed,10,Retirement,192721,0.44,Save
45,2430639,144004,711396,Yes,1590343,518,Intermediate,High,4,Self-Employed,12,House,58549,0.65,Avoid Loan
59,1217660,44547,2138285,Yes,1783959,518,Beginner,High,3,Business,9,House,56924,1.47,Avoid Loan
57,1246340,40500,1048013,Yes,2385493,366,Beginner,High,2,Business,5,Wealth Creation,63361,1.91,Avoid Loan
21,537242,17285,1537531,No,0,809,Intermediate,High,2,Self-Employed,7,House,27485,0.0,Invest
54,1584394,109725,302930,Yes,1806092,520,Beginner,Medium,0,Business,7,Retirement,22307,1.14,Avoid Loan
33,1169466,76988,2158761,Yes,1157265,639,Intermediate,Medium,5,Business,2,Wealth Creation,20467,0.99,Avoid Loan
56,2221530,16581,1181991,Yes,1644282,790,Beginner,Low,4,Business,6,Wealth Creation,168546,0.74,Avoid Loan
38,2966568,100244,2472546,No,0,572,Beginner,Medium,1,Business,11,Wealth Creation,146970,0.0,Avoid Loan
26,2581878,184308,966338,No,0,599,Beginner,Low,1,Business,3,Education,30848,0.0,Avoid Loan
46,2190074,138865,1002591,No,0,424,Intermediate,High,2,Self-Employed,12,Retirement,43641,0.0,Avoid Loan
57,1903117,36343,507473,Yes,826997,829,Expert,High,3,Salaried,5,Education,122250,0.43,Save
23,796947,24929,1237357,Yes,941265,524,Intermediate,High,2,Salaried,11,Retirement,41483,1.18,Avoid Loan
24,2260597,143677,1614353,Yes,1825235,426,Intermediate,High,1,Business,4,Education,44706,0.81,Avoid Loan
47,1974064,144935,83640,No,0,736,Beginner,Medium,1,Salaried,3,Education,19570,0.0,Save
30,2767443,150421,843968,No,0,664,Beginner,Medium,5,Self-Employed,2,Wealth Creation,80199,0.0,Save
51,2686471,184481,731631,Yes,2315859,487,Beginner,Low,2,Business,5,Retirement,39391,0.86,Avoid Loan
50,956418,66133,1531038,Yes,1486525,565,Beginner,Medium,0,Salaried,11,Retirement,13568,1.55,Avoid Loan
32,2666222,90175,500858,Yes,758662,453,Beginner,Low,4,Business,0,Retirement,132010,0.28,Avoid Loan
25,594350,24840,1243015,Yes,1388947,474,Beginner,Low,5,Salaried,9,Wealth Creation,24689,2.34,Avoid Loan
33,1291524,39958,388356,No,0,594,Expert,Low,1,Self-Employed,9,Retirement,67669,0.0,Avoid Loan
40,582604,37150,1847384,Yes,1970849,734,Intermediate,High,1,Self-Employed,9,Education,11400,3.38,Avoid Loan
40,2177641,61207,1364973,No,0,887,Intermediate,Low,1,Business,10,Wealth Creation,120263,0.0,Invest
24,2055916,145882,222945,Yes,1831482,709,Beginner,High,1,Self-Employed,11,Education,25444,0.89,Avoid Loan
58,2391130,111954,685229,No,0,689,Beginner,High,4,Self-Employed,0,Retirement,87306,0.0,Save
57,597532,20654,312579,No,0,369,Beginner,Medium,5,Self-Employed,0,Retirement,29140,0.0,Avoid Loan
51,2412197,164094,1002103,Yes,1938356,625,Beginner,Medium,4,Business,10,Wealth Creation,36922,0.8,Avoid Loan
23,2425046,118385,182130,Yes,2042430,868,Intermediate,High,3,Business,12,House,83702,0.84,Avoid Loan
30,2813416,100604,717052,Yes,1599465,759,Beginner,Low,0,Salaried,3,Education,133847,0.57,Avoid Loan
41,2713861,93506,161906,Yes,110589,856,Beginner,Medium,1,Self-Employed,9,Retirement,132649,0.04,Save
38,2742610,168186,621586,No,0,562,Intermediate,Medium,4,Self-Employed,6,Retirement,60364,0.0,Avoid Loan
41,2408627,50438,2051771,Yes,2316430,690,Beginner,Low,0,Self-Employed,2,Retirement,150280,0.96,Avoid Loan
46,2690071,83331,981564,No,0,570,Expert,Medium,2,Self-Employed,12,Retirement,140841,0.0,Avoid Loan
59,1324551,70515,1784124,Yes,1850522,782,Beginner,Low,0,Salaried,9,Wealth Creation,39864,1.4,Avoid Loan
41,2730951,87180,376608,Yes,2133830,835,Beginner,High,4,Self-Employed,7,Wealth Creation,140399,0.78,Avoid Loan
41,2666439,182183,1085043,Yes,960795,560,Expert,High,0,Self-Employed,2,Wealth Creation,40020,0.36,Avoid Loan
35,765874,28976,416845,No,0,716,Intermediate,Medium,4,Self-Employed,11,Retirement,34846,0.0,Save
45,1268935,48368,2188867,No,0,632,Beginner,High,1,Salaried,4,Retirement,57376,0.0,Save
60,2790744,71320,344129,Yes,518769,652,Expert,Medium,2,Self-Employed,1,House,161242,0.19,Save
37,556153,24314,274348,Yes,1016003,718,Beginner,Medium,0,Salaried,11,Education,22032,1.83,Avoid Loan
21,481115,30335,1963129,No,0,510,Expert,Medium,1,Business,11,Education,9757,0.0,Avoid Loan
28,2553874,142576,183044,No,0,804,Intermediate,Medium,2,Salaried,6,Retirement,70246,0.0,Save
28,1649034,21613,1519831,Yes,1604870,897,Expert,Medium,4,Business,11,Retirement,115806,0.97,Avoid Loan
35,437157,19112,474658,Yes,1517218,400,Beginner,Low,5,Business,2,Wealth Creation,17317,3.47,Avoid Loan
54,2753048,139997,2019407,No,0,488,Expert,High,4,Business,4,Wealth Creation,89423,0.0,Avoid Loan
51,1544650,63008,1919066,Yes,1098487,600,Beginner,Medium,4,Salaried,9,Education,65712,0.71,Avoid Loan
48,1692859,112561,736974,No,0,476,Beginner,Low,2,Business,1,Education,28510,0.0,Avoid Loan
50,726527,45312,2216362,Yes,2400545,825,Expert,Low,5,Business,11,Retirement,15231,3.3,Avoid Loan
26,2436305,180473,457074,No,0,552,Beginner,Low,2,Salaried,6,Retirement,22552,0.0,Avoid Loan
54,2742603,135071,722930,Yes,354318,411,Beginner,High,1,Salaried,3,Education,93479,0.13,Avoid Loan
23,1857044,46579,750529,No,0,543,Intermediate,Medium,5,Salaried,7,House,108174,0.0,Avoid Loan
43,1509614,28614,2343497,Yes,406327,498,Beginner,Medium,5,Business,8,Wealth Creation,97187,0.27,Avoid Loan
31,2348054,101382,2091871,Yes,1248150,853,Intermediate,Low,3,Self-Employed,9,House,94289,0.53,Avoid Loan
41,456180,22298,781884,Yes,2397593,413,Beginner,High,2,Business,1,Education,15717,5.26,Avoid Loan
60,1713869,31073,1736172,Yes,1317806,408,Beginner,Low,5,Self-Employed,5,Education,111749,0.77,Avoid Loan
52,511945,30467,1362521,No,0,882,Beginner,High,2,Business,8,House,12195,0.0,Save
39,1979836,127096,106306,Yes,577617,720,Intermediate,Medium,1,Business,11,Wealth Creation,37890,0.29,Save
60,371475,23836,426647,Yes,2499756,725,Expert,Low,3,Salaried,9,Retirement,7120,6.73,Avoid Loan
46,2684541,172990,2147490,Yes,736368,656,Beginner,Low,4,Self-Employed,0,Retirement,50721,0.27,Save
28,416955,20990,1419939,No,0,725,Intermediate,Low,2,Business,12,House,13756,0.0,Save
30,1354607,43337,809670,Yes,1688752,657,Beginner,High,4,Business,11,Wealth Creation,69546,1.25,Avoid Loan
34,1759330,24611,1571983,No,0,506,Beginner,Medium,1,Self-Employed,2,House,121999,0.0,Avoid Loan
58,1508944,30791,845329,No,0,514,Expert,Low,0,Business,6,Wealth Creation,94954,0.0,Avoid Loan
35,1061639,17850,1290399,Yes,902563,532,Beginner,Low,0,Business,7,Education,70619,0.85,Avoid Loan
53,2479957,153960,572516,No,0,722,Beginner,High,3,Salaried,4,Education,52703,0.0,Save
41,678596,21400,1224280,Yes,1017782,685,Beginner,Medium,1,Business,1,Retirement,35149,1.5,Avoid Loan
51,293418,21908,1077922,No,0,443,Intermediate,Medium,3,Salaried,12,House,2543,0.0,Avoid Loan
21,322237,17963,1725040,Yes,2075736,453,Expert,High,3,Self-Employed,11,Wealth Creation,8890,6.44,Avoid Loan
38,1901881,59823,1127365,No,0,395,Beginner,High,5,Salaried,10,House,98667,0.0,Avoid Loan
33,1347963,74911,143379,Yes,1542385,629,Beginner,Medium,3,Business,10,House,37419,1.14,Avoid Loan
51,1113807,78031,1284297,Yes,1882255,643,Intermediate,Low,5,Salaried,1,Retirement,14786,1.69,Avoid Loan
23,1675209,112646,890256,No,0,566,Intermediate,High,3,Self-Employed,8,Retirement,26954,0.0,Avoid Loan
34,394406,27616,159286,Yes,1748631,537,Beginner,Low,4,Salaried,6,Education,5251,4.43,Avoid Loan
36,532189,29891,2150743,Yes,445412,559,Intermediate,Medium,5,Salaried,12,Retirement,14458,0.84,Avoid Loan
31,2191854,161015,1633443,No,0,482,Intermediate,Medium,0,Self-Employed,12,House,21639,0.0,Avoid Loan
60,2040397,36756,1812455,No,0,797,Beginner,Medium,4,Salaried,7,Wealth Creation,133277,0.0,Invest
26,1486693,26674,301253,Yes,2389590,473,Expert,Low,4,Self-Employed,9,Education,97217,1.61,Avoid Loan
57,900071,52798,250165,No,0,688,Beginner,Medium,2,Self-Employed,7,Wealth Creation,22207,0.0,Save
41,400562,24845,55631,Yes,1669722,490,Beginner,Low,1,Salaried,5,Wealth Creation,8535,4.17,Avoid Loan
38,2708139,27028,1020737,Yes,1683439,780,Intermediate,High,3,Salaried,3,Education,198650,0.62,Avoid Loan
59,634742,44876,66891,Yes,288862,393,Beginner,Medium,3,Self-Employed,12,Education,8019,0.46,Avoid Loan
30,2393638,28983,525355,Yes,1767174,537,Intermediate,Medium,2,Salaried,11,House,170486,0.74,Avoid Loan
51,1067713,38963,422027,Yes,269445,549,Intermediate,Low,3,Salaried,5,House,50013,0.25,Avoid Loan
58,1453820,81246,2135330,No,0,731,Beginner,Low,4,Self-Employed,1,Retirement,39905,0.0,Save
29,1265437,59917,566341,No,0,592,Beginner,Low,3,Business,5,Education,45536,0.0,Avoid Loan
36,452522,33818,2327994,Yes,1617155,756,Beginner,Medium,2,Self-Employed,5,House,3892,3.57,Avoid Loan
45,937784,25286,944926,Yes,2044473,503,Beginner,Low,3,Business,2,House,52862,2.18,Avoid Loan
21,2699410,146198,1148201,Yes,454630,560,Beginner,Medium,3,Salaried,6,Education,78752,0.17,Avoid Loan
35,1085825,60780,1283431,No,0,748,Beginner,High,2,Self-Employed,6,Wealth Creation,29705,0.0,Invest
58,1338559,37545,1185964,Yes,1571694,777,Beginner,Medium,5,Business,2,House,74001,1.17,Avoid Loan
28,1590719,109689,2007406,No,0,855,Intermediate,Low,2,Salaried,5,Retirement,22870,0.0,Save
60,1790255,28397,186051,Yes,1503197,884,Intermediate,Medium,1,Salaried,9,House,120790,0.84,Avoid Loan
52,2413096,166271,959067,Yes,1313815,721,Intermediate,Low,1,Business,5,Wealth Creation,34820,0.54,Avoid Loan
22,653305,18039,1663545,No,0,882,Intermediate,High,4,Business,8,Education,36403,0.0,Invest
30,1494412,58167,763938,No,0,675,Beginner,Medium,2,Salaried,10,Retirement,66367,0.0,Save
34,598350,15044,402962,No,0,837,Beginner,Low,4,Salaried,5,Wealth Creation,34818,0.0,Save
38,849223,40562,1628314,Yes,1296089,523,Intermediate,Low,1,Self-Employed,3,Education,30206,1.53,Avoid Loan
44,1387032,49509,2019757,No,0,781,Intermediate,Medium,4,Business,8,Retirement,66077,0.0,Invest
51,790939,18428,1528485,No,0,481,Beginner,Medium,4,Self-Employed,3,Wealth Creation,47483,0.0,Avoid Loan
32,1790282,118802,2374756,Yes,114949,677,Beginner,High,0,Self-Employed,3,Wealth Creation,30388,0.06,Save
49,2831014,172395,1450351,Yes,1769056,864,Beginner,Low,2,Salaried,9,House,63522,0.62,Avoid Loan
40,2439702,48772,2097171,No,0,395,Beginner,High,1,Salaried,4,House,154536,0.0,Avoid Loan
44,1792027,24436,347552,Yes,1394649,845,Intermediate,High,4,Salaried,5,Retirement,124899,0.78,Avoid Loan
59,1336508,49313,1392481,Yes,1432940,408,Expert,Medium,0,Salaried,6,Education,62062,1.07,Avoid Loan
46,1327305,16870,2419091,Yes,1323503,576,Beginner,Low,4,Business,3,Retirement,93738,1.0,Avoid Loan
59,2198595,25205,363588,Yes,1680886,412,Intermediate,Medium,3,Salaried,12,House,158011,0.76,Avoid Loan
41,1418645,64449,1204067,No,0,441,Expert,Medium,2,Business,5,Retirement,53771,0.0,Avoid Loan
43,1179265,57770,230047,Yes,1351318,830,Intermediate,Low,0,Self-Employed,4,Education,40502,1.15,Avoid Loan
60,914804,41527,233456,No,0,672,Beginner,Low,5,Business,5,House,34706,0.0,Save
29,1390705,34746,1720647,Yes,1334615,684,Expert,Medium,2,Salaried,9,House,81146,0.96,Avoid Loan
38,2258827,24323,2411603,No,0,870,Beginner,High,2,Self-Employed,8,Education,163912,0.0,Invest
53,1964128,20707,2106223,No,0,490,Expert,Medium,2,Salaried,8,House,142970,0.0,Avoid Loan
51,2880097,187910,52980,No,0,772,Expert,High,5,Salaried,0,House,52098,0.0,Save
29,2058180,63394,957750,No,0,681,Intermediate,Medium,2,Business,12,Education,108121,0.0,Save
50,731839,29190,291135,No,0,474,Beginner,Medium,1,Self-Employed,8,Education,31796,0.0,Avoid Loan
37,2685404,97295,248737,Yes,1420971,502,Intermediate,Low,4,Business,10,Education,126488,0.53,Avoid Loan
58,1368074,44217,599289,Yes,1403764,828,Beginner,Low,2,Self-Employed,11,House,69789,1.03,Avoid Loan
43,2634165,44733,422946,No,0,555,Intermediate,High,2,Business,9,Education,174780,0.0,Avoid Loan
59,769231,21780,345219,Yes,2299227,374,Beginner,Medium,3,Self-Employed,3,House,42322,2.99,Avoid Loan
44,1574321,29196,2212778,No,0,755,Intermediate,Medium,0,Business,7,Retirement,101997,0.0,Invest
46,337654,23478,192755,No,0,515,Beginner,Low,3,Business,7,Retirement,4659,0.0,Avoid Loan
32,2401331,97849,945611,No,0,379,Beginner,Low,2,Salaried,8,Retirement,102261,0.0,Avoid Loan
52,1504695,107428,438524,No,0,687,Beginner,Medium,0,Business,5,Wealth Creation,17963,0.0,Save
37,2445647,36257,146612,Yes,1709616,868,Expert,Medium,4,Business,7,Education,167546,0.7,Avoid Loan
52,360134,26926,1038916,No,0,750,Beginner,Medium,1,Business,5,Wealth Creation,3085,0.0,Save
53,986583,34037,2458364,Yes,2396555,599,Beginner,Low,4,Self-Employed,3,Education,48178,2.43,Avoid Loan
32,1078124,22348,294908,Yes,118892,757,Beginner,High,2,Self-Employed,10,Wealth Creation,67495,0.11,Save
41,2827591,199840,673975,Yes,2083686,889,Intermediate,Low,1,Self-Employed,3,Education,35792,0.74,Avoid Loan
55,2952866,103676,2384242,No,0,369,Beginner,Low,4,Business,5,Retirement,142396,0.0,Avoid Loan
34,1899705,100170,644054,Yes,184579,836,Intermediate,Low,3,Salaried,7,Retirement,58138,0.1,Invest
46,2330986,88022,1914673,Yes,778610,819,Expert,High,1,Business,10,Education,106226,0.33,Save
28,2755396,46095,903804,Yes,133036,522,Intermediate,Medium,3,Business,11,House,183521,0.05,Avoid Loan
36,1036052,21165,1220707,Yes,830293,555,Beginner,High,3,Business,3,House,65172,0.8,Avoid Loan
37,1668268,73280,1133290,Yes,601368,820,Beginner,Medium,0,Self-Employed,5,Retirement,65742,0.36,Save
46,1649153,90815,852337,Yes,2142751,499,Beginner,Medium,1,Salaried,2,Wealth Creation,46614,1.3,Avoid Loan
29,2553136,111926,669673,No,0,756,Intermediate,High,3,Self-Employed,9,Retirement,100835,0.0,Invest
48,315821,15912,1942368,Yes,1325069,488,Expert,Medium,2,Business,5,Retirement,10406,4.2,Avoid Loan
26,2960515,119187,2219556,Yes,1290854,741,Expert,Low,5,Business,11,Retirement,127522,0.44,Save
32,339893,18626,2349183,No,0,644,Intermediate,High,3,Business,6,Education,9698,0.0,Save
49,277778,18619,44253,No,0,433,Expert,Medium,3,Business,6,Retirement,4529,0.0,Avoid Loan
30,1559987,76506,2455304,Yes,957379,833,Expert,Medium,1,Business,11,House,53492,0.61,Avoid Loan
29,2202853,114288,494318,Yes,642746,885,Beginner,Medium,2,Business,6,Wealth Creation,69283,0.29,Invest
40,2022167,149318,650722,Yes,498663,883,Expert,Low,4,Business,12,House,19195,0.25,Save
57,1647124,92918,1918219,No,0,449,Intermediate,Low,4,Business,9,Education,44342,0.0,Avoid Loan
49,2294980,148454,1042958,Yes,1749098,819,Intermediate,Low,5,Self-Employed,7,Retirement,42794,0.76,Avoid Loan
48,1194238,23604,2019507,Yes,477262,382,Beginner,Low,4,Salaried,8,Education,75915,0.4,Avoid Loan
52,2568939,75603,1080932,No,0,858,Beginner,Low,1,Salaried,2,Retirement,138475,0.0,Save
58,2142704,129407,429751,Yes,1466839,352,Intermediate,Medium,0,Self-Employed,8,Retirement,49151,0.68,Avoid Loan
23,2237780,128511,93823,No,0,399,Expert,High,5,Business,4,Education,57970,0.0,Avoid Loan
57,2517968,114314,1174548,Yes,414169,551,Beginner,Low,0,Self-Employed,5,Retirement,95516,0.16,Avoid Loan
36,614284,32811,2090917,Yes,992959,588,Beginner,Low,5,Self-Employed,12,Education,18379,1.62,Avoid Loan
41,1369054,52755,2311408,No,0,865,Expert,Medium,5,Self-Employed,1,Education,61332,0.0,Save
58,2054092,47047,278859,No,0,481,Intermediate,Medium,5,Business,12,Education,124127,0.0,Avoid Loan
45,783437,56830,2198406,No,0,787,Beginner,Low,1,Salaried,6,House,8456,0.0,Save
58,2596306,18678,1554569,No,0,462,Beginner,Low,3,Business,5,Retirement,197680,0.0,Avoid Loan
60,2452330,160466,469737,Yes,830780,566,Beginner,High,0,Self-Employed,10,Education,43894,0.34,Avoid Loan
41,819426,16647,1684102,Yes,738765,779,Intermediate,Medium,4,Business,2,Retirement,51638,0.9,Avoid Loan
39,337725,18819,642922,No,0,457,Beginner,High,5,Business,12,House,9324,0.0,Avoid Loan
34,2519327,23615,1035115,Yes,2142296,843,Intermediate,Low,2,Self-Employed,10,Education,186328,0.85,Avoid Loan
23,2090791,48280,1103687,Yes,1117198,480,Beginner,High,4,Self-Employed,7,House,125952,0.53,Avoid Loan
21,565101,24310,115987,No,0,611,Intermediate,High,4,Salaried,11,Education,22781,0.0,Save
26,495542,25049,1784238,Yes,307941,677,Beginner,Low,1,Self-Employed,10,House,16246,0.62,Avoid Loan
56,1527893,94065,2175361,Yes,1488379,564,Beginner,Medium,1,Self-Employed,9,Retirement,33259,0.97,Avoid Loan
31,2956809,149708,590230,Yes,2031286,850,Intermediate,Medium,2,Self-Employed,8,Education,96692,0.69,Avoid Loan
28,1164753,61678,1214915,Yes,136814,586,Intermediate,Medium,4,Business,9,Wealth Creation,35384,0.12,Avoid Loan
44,1507320,67911,603956,Yes,891696,374,Expert,High,5,Self-Employed,9,Education,57699,0.59,Avoid Loan
42,2185685,106882,1425074,No,0,738,Beginner,Medium,0,Self-Employed,8,Wealth Creation,75258,0.0,Invest
30,2533547,140993,1630481,No,0,547,Expert,Medium,0,Business,9,Education,70135,0.0,Avoid Loan
37,1262944,53689,2074090,Yes,1044558,617,Beginner,High,2,Salaried,2,House,51556,0.83,Avoid Loan
43,1732753,123226,324578,No,0,497,Beginner,Medium,3,Salaried,8,House,21170,0.0,Avoid Loan
46,1646523,46986,1661372,Yes,1900454,838,Beginner,Low,5,Business,3,Retirement,90224,1.15,Avoid Loan
32,283392,15854,1194300,No,0,547,Intermediate,Medium,5,Business,3,House,7762,0.0,Avoid Loan
34,405824,23997,1481909,No,0,698,Beginner,Low,1,Business,0,House,9821,0.0,Save
56,595867,30223,2247667,No,0,488,Intermediate,Medium,4,Business,3,Education,19432,0.0,Avoid Loan
39,588453,21050,1330261,No,0,414,Expert,High,0,Business,3,Retirement,27987,0.0,Avoid Loan
25,2535267,92951,987009,Yes,162592,617,Beginner,Medium,0,Self-Employed,0,Education,118321,0.06,Save
38,2338037,169716,1253456,Yes,2301076,654,Intermediate,High,3,Business,8,House,25120,0.98,Avoid Loan
59,823949,28032,137145,No,0,652,Intermediate,Medium,2,Salaried,8,Education,40630,0.0,Save
31,753751,26089,522070,No,0,778,Beginner,High,4,Salaried,1,Retirement,36723,0.0,Save
58,1614591,74641,414624,No,0,375,Intermediate,Medium,2,Salaried,3,House,59908,0.0,Avoid Loan
56,1248779,43739,1157446,Yes,1164287,519,Beginner,Medium,1,Salaried,12,House,60325,0.93,Avoid Loan
31,508255,36611,2026040,Yes,1968358,532,Beginner,Low,4,Business,10,Retirement,5743,3.87,Avoid Loan
58,1765539,31825,1432502,No,0,809,Expert,Medium,3,Business,1,Education,115303,0.0,Save
30,1841796,124686,2102180,Yes,1229015,640,Beginner,Low,0,Salaried,4,Wealth Creation,28797,0.67,Avoid Loan
59,379798,28389,1198041,Yes,1614205,464,Beginner,Low,1,Self-Employed,3,Education,3260,4.25,Avoid Loan
40,1531033,23652,1494246,No,0,638,Beginner,Medium,5,Self-Employed,10,Retirement,103934,0.0,Save
31,933619,62325,2308149,No,0,367,Intermediate,Low,2,Self-Employed,9,Education,15476,0.0,Avoid Loan
24,2623076,192137,2251308,Yes,146932,592,Intermediate,Medium,0,Salaried,5,Wealth Creation,26452,0.06,Avoid Loan
35,1694331,88626,677323,No,0,611,Intermediate,Low,1,Salaried,5,Wealth Creation,52568,0.0,Save
46,515301,29112,1078093,Yes,653109,673,Beginner,Low,1,Self-Employed,1,Education,13829,1.27,Avoid Loan
33,1069565,42783,2017498,Yes,853262,865,Expert,High,1,Self-Employed,6,Wealth Creation,46347,0.8,Avoid Loan
56,1467030,91400,1408320,Yes,800476,495,Beginner,Low,3,Salaried,8,House,30852,0.55,Avoid Loan
54,904157,57413,2289445,No,0,385,Beginner,High,5,Business,8,Retirement,17933,0.0,Avoid Loan
50,1181346,41723,1178618,Yes,797828,466,Intermediate,Medium,3,Self-Employed,12,House,56722,0.68,Avoid Loan
28,2066398,23774,1618720,No,0,424,Intermediate,High,3,Business,5,Retirement,148425,0.0,Avoid Loan
26,1009911,67797,795468,No,0,444,Beginner,Medium,2,Salaried,1,Retirement,16362,0.0,Avoid Loan
58,1895635,104630,511588,No,0,386,Intermediate,Medium,2,Salaried,9,House,53339,0.0,Avoid Loan
34,2727759,172009,1820760,No,0,612,Intermediate,High,2,Self-Employed,12,House,55304,0.0,Save
53,1205832,42613,1018773,Yes,1418102,688,Intermediate,Medium,2,Salaried,7,House,57873,1.18,Avoid Loan
44,2378469,60436,1573299,No,0,512,Expert,Low,1,Self-Employed,3,Wealth Creation,137769,0.0,Avoid Loan
47,2622942,49050,1572424,No,0,573,Intermediate,High,2,Salaried,9,House,169528,0.0,Avoid Loan
58,2263603,35831,1633866,Yes,1106348,383,Intermediate,Medium,1,Self-Employed,12,Wealth Creation,152802,0.49,Avoid Loan
24,1122145,64386,346315,Yes,703519,558,Intermediate,Low,4,Salaried,6,Wealth Creation,29126,0.63,Avoid Loan
50,2105580,147459,1706687,No,0,352,Beginner,Medium,4,Salaried,10,Wealth Creation,28006,0.0,Avoid Loan
55,2955964,204812,1015155,No,0,523,Expert,Medium,4,Self-Employed,2,Wealth Creation,41518,0.0,Avoid Loan
36,540695,27506,1024984,No,0,505,Intermediate,Medium,4,Salaried,8,House,17551,0.0,Avoid Loan
60,1352849,54205,933335,No,0,483,Beginner,Low,3,Business,6,Wealth Creation,58532,0.0,Avoid Loan
54,1086336,16781,871519,Yes,228866,553,Beginner,Low,4,Self-Employed,8,Wealth Creation,73747,0.21,Avoid Loan
22,1327298,57303,2237954,No,0,615,Beginner,Medium,1,Business,12,House,53305,0.0,Save
34,733037,27087,599747,No,0,593,Intermediate,Low,3,Business,4,Education,33999,0.0,Avoid Loan
41,2024193,95345,1605617,No,0,889,Expert,High,5,Salaried,4,Retirement,73337,0.0,Save
36,1724496,86084,1974443,Yes,672082,553,Beginner,Low,5,Self-Employed,2,Wealth Creation,57624,0.39,Avoid Loan
34,1465591,66872,1218126,Yes,1474171,465,Intermediate,Medium,4,Self-Employed,12,House,55260,1.01,Avoid Loan
48,603620,20401,854029,Yes,981403,785,Beginner,Low,5,Self-Employed,7,Education,29900,1.63,Avoid Loan
25,2662877,167271,1959256,Yes,520028,712,Expert,Medium,2,Salaried,3,Wealth Creation,54635,0.2,Save
51,285268,16408,817196,No,0,828,Beginner,High,2,Self-Employed,12,Wealth Creation,7364,0.0,Save
44,2648962,105239,1444052,No,0,546,Expert,Low,5,Salaried,9,House,115507,0.0,Avoid Loan
37,2716393,143529,1352825,Yes,1536046,645,Beginner,Medium,0,Salaried,6,Retirement,82837,0.57,Avoid Loan
26,747816,18483,2146493,No,0,492,Intermediate,High,5,Self-Employed,6,House,43835,0.0,Avoid Loan
35,278899,19336,2411603,No,0,451,Beginner,High,5,Self-Employed,6,House,3905,0.0,Avoid Loan
23,568602,33318,1660632,No,0,845,Beginner,Low,4,Business,11,Retirement,14065,0.0,Save
37,2884954,180051,780483,Yes,1456331,899,Beginner,Low,1,Salaried,9,Education,60361,0.5,Avoid Loan
41,2831765,211930,2393350,No,0,624,Beginner,Medium,5,Salaried,11,House,24050,0.0,Save
59,1288881,84196,1202083,No,0,569,Beginner,Medium,2,Salaried,3,Education,23210,0.0,Avoid Loan
45,1956196,114576,636594,No,0,453,Beginner,Medium,2,Self-Employed,7,House,48440,0.0,Avoid Loan
55,428732,31967,1694313,Yes,1215047,584,Intermediate,High,1,Business,8,Wealth Creation,3760,2.83,Avoid Loan
41,2239141,30067,1247449,Yes,1449247,660,Intermediate,Medium,0,Salaried,6,House,156528,0.65,Avoid Loan
43,2102631,115332,1332664,No,0,430,Beginner,Medium,3,Salaried,12,Education,59887,0.0,Avoid Loan
54,255300,15375,2140640,Yes,1936127,526,Expert,High,3,Business,6,Retirement,5900,7.58,Avoid Loan
32,2105309,95251,481669,No,0,502,Beginner,Low,5,Business,9,Education,80191,0.0,Avoid Loan
41,1489334,51458,1827331,Yes,1145053,425,Beginner,High,0,Salaried,9,Education,72653,0.77,Avoid Loan
33,1798741,69236,672833,No,0,512,Beginner,High,4,Salaried,8,Wealth Creation,80659,0.0,Avoid Loan
25,1248137,22619,2410086,Yes,132290,446,Expert,Low,2,Self-Employed,7,Wealth Creation,81392,0.11,Avoid Loan
48,1827944,33587,533762,Yes,1762246,580,Intermediate,Medium,2,Self-Employed,10,House,118741,0.96,Avoid Loan
26,266373,19257,454954,No,0,623,Intermediate,Medium,4,Business,9,Education,2940,0.0,Save
24,352763,21574,1078019,Yes,248647,776,Intermediate,Medium,3,Salaried,0,Retirement,7822,0.7,Avoid Loan
26,363473,21398,1490531,Yes,775777,549,Intermediate,High,1,Business,10,House,8891,2.13,Avoid Loan
49,2697394,201685,2249132,Yes,2256921,565,Beginner,Low,5,Self-Employed,11,Education,23097,0.84,Avoid Loan
38,1013275,40281,2213946,No,0,865,Beginner,High,1,Business,2,Wealth Creation,44158,0.0,Save
33,1154232,83901,1612113,Yes,1194539,812,Intermediate,Medium,2,Salaried,1,Wealth Creation,12285,1.03,Avoid Loan
28,958466,39357,1573139,No,0,839,Intermediate,Medium,0,Business,9,Wealth Creation,40515,0.0,Invest
36,1420257,68044,53385,Yes,947975,660,Beginner,Low,5,Business,1,Wealth Creation,50310,0.67,Avoid Loan
60,2944668,181575,1492915,Yes,1150524,678,Intermediate,Medium,2,Self-Employed,10,Education,63814,0.39,Save
39,2656384,161215,1799184,Yes,1077755,672,Beginner,High,1,Salaried,1,House,60150,0.41,Save
41,2518312,97605,366127,No,0,568,Beginner,Low,1,Business,5,Retirement,112254,0.0,Avoid Loan
44,2356703,41962,2438678,Yes,996974,741,Beginner,Medium,3,Self-Employed,8,Wealth Creation,154429,0.42,Save
56,1136799,36784,488568,No,0,697,Beginner,Low,4,Salaried,9,Wealth Creation,57949,0.0,Save
30,1611768,84448,1026565,No,0,457,Beginner,High,5,Business,6,Wealth Creation,49866,0.0,Avoid Loan
59,2182497,110668,1755535,No,0,583,Intermediate,Medium,3,Salaried,1,Education,71206,0.0,Avoid Loan
42,2906569,74164,636403,Yes,714224,624,Intermediate,Low,2,Business,11,Education,168050,0.25,Save
36,1319863,73669,514458,Yes,529718,511,Beginner,Medium,5,Salaried,6,Wealth Creation,36319,0.4,Avoid Loan
22,603265,41708,1403430,Yes,2452265,585,Intermediate,Low,1,Self-Employed,11,Retirement,8564,4.06,Avoid Loan
31,2687309,179728,2248014,No,0,881,Intermediate,Medium,1,Salaried,11,Retirement,44214,0.0,Invest
42,1565920,87316,644866,No,0,598,Intermediate,Low,4,Salaried,11,Retirement,43177,0.0,Avoid Loan
21,411734,18905,1617527,Yes,1280169,604,Intermediate,Medium,0,Salaried,9,House,15406,3.11,Avoid Loan
53,849609,45972,585291,No,0,809,Beginner,Medium,2,Salaried,10,House,24828,0.0,Save
54,1958404,42084,1904118,Yes,827784,494,Intermediate,Low,2,Self-Employed,7,House,121116,0.42,Avoid Loan
41,2398834,48820,798066,Yes,82004,785,Beginner,Low,3,Self-Employed,0,House,151082,0.03,Save
42,2684432,166409,473782,No,0,836,Expert,High,0,Business,2,Retirement,57293,0.0,Save
36,674927,42601,867135,Yes,2374195,840,Beginner,Low,3,Salaried,8,Retirement,13642,3.52,Avoid Loan
38,2282078,70725,1083452,Yes,1766981,892,Intermediate,Medium,5,Self-Employed,10,Retirement,119448,0.77,Avoid Loan
42,2949675,52378,1971921,No,0,548,Beginner,Medium,5,Business,4,Retirement,193428,0.0,Avoid Loan
44,256754,17477,1653357,Yes,1740637,487,Expert,High,4,Self-Employed,7,Retirement,3919,6.78,Avoid Loan
30,2213725,145526,2215938,Yes,614107,653,Beginner,High,4,Self-Employed,7,Education,38951,0.28,Save
48,1508505,57122,1410436,Yes,1309127,783,Beginner,High,3,Salaried,11,House,68586,0.87,Avoid Loan
55,2491524,21838,2111281,Yes,1941664,423,Expert,Low,3,Salaried,5,House,185789,0.78,Avoid Loan
44,1075733,29424,1767110,Yes,1327540,644,Expert,Low,5,Business,1,Retirement,60220,1.23,Avoid Loan
52,671177,45161,1947027,Yes,928889,365,Beginner,Medium,1,Salaried,10,Education,10770,1.38,Avoid Loan
35,2683268,80885,1864116,No,0,864,Expert,Low,3,Salaried,10,House,142720,0.0,Invest
33,381227,25934,1497775,Yes,1770968,804,Intermediate,Medium,2,Salaried,12,Education,5834,4.65,Avoid Loan
34,2513970,57058,694138,No,0,602,Expert,Low,3,Self-Employed,7,Wealth Creation,152439,0.0,Save
49,1172624,52344,555765,No,0,378,Intermediate,Medium,3,Self-Employed,3,Retirement,45374,0.0,Avoid Loan
45,1104556,73708,1419243,Yes,1855455,497,Intermediate,Low,4,Business,2,Retirement,18338,1.68,Avoid Loan
21,2490717,132923,1904253,No,0,708,Intermediate,Medium,4,Salaried,4,Wealth Creation,74636,0.0,Save
46,1098578,44588,660083,Yes,771065,884,Intermediate,Low,2,Business,0,Education,46960,0.7,Avoid Loan
28,1289488,96474,1620404,Yes,316350,567,Intermediate,High,3,Salaried,5,Retirement,10983,0.25,Avoid Loan
38,903558,29026,1161099,No,0,612,Intermediate,Low,0,Self-Employed,1,House,46270,0.0,Save
45,810391,41881,599596,Yes,2178570,724,Intermediate,High,0,Salaried,1,Education,25651,2.69,Avoid Loan
54,807774,16103,2210890,No,0,411,Intermediate,Medium,5,Self-Employed,8,Education,51211,0.0,Avoid Loan
21,2089578,121817,2102149,Yes,941052,800,Expert,Low,5,Self-Employed,4,House,52314,0.45,Save
21,2379497,97518,1379090,No,0,619,Beginner,Low,2,Self-Employed,6,Wealth Creation,100773,0.0,Save
42,1197794,55283,1874923,Yes,2497225,849,Intermediate,High,1,Business,8,House,44533,2.08,Avoid Loan
30,2806822,46143,969351,Yes,2228246,393,Beginner,Low,1,Salaried,8,Wealth Creation,187758,0.79,Avoid Loan
60,1588797,92750,671689,Yes,2218770,477,Intermediate,High,0,Salaried,3,Wealth Creation,39649,1.4,Avoid Loan
23,1324854,38369,1029941,Yes,2203533,591,Intermediate,Medium,2,Business,1,Retirement,72035,1.66,Avoid Loan
37,1937699,120635,1292725,No,0,712,Intermediate,High,1,Business,0,Education,40839,0.0,Save
55,2719403,74232,282175,Yes,1743936,746,Beginner,Medium,3,Self-Employed,4,House,152384,0.64,Avoid Loan
40,940288,49141,2171234,Yes,1043462,553,Intermediate,Low,5,Salaried,9,Wealth Creation,29216,1.11,Avoid Loan
30,376306,21708,194024,Yes,1345975,387,Intermediate,Low,4,Self-Employed,7,Retirement,9650,3.58,Avoid Loan
50,2601066,92792,1292655,Yes,2172546,728,Expert,High,4,Business,7,Education,123963,0.84,Avoid Loan
33,284462,16957,222032,Yes,2261826,869,Expert,Medium,4,Salaried,2,Education,6748,7.95,Avoid Loan
59,1620341,87650,2310454,No,0,526,Beginner,Medium,3,Salaried,1,Retirement,47378,0.0,Avoid Loan
23,1492993,18209,433087,No,0,571,Beginner,High,0,Salaried,3,Retirement,106207,0.0,Avoid Loan
22,1738183,50433,1913958,Yes,2269693,769,Beginner,High,1,Self-Employed,3,House,94415,1.31,Avoid Loan
58,1075872,62618,1407446,No,0,370,Beginner,Low,5,Self-Employed,10,Education,27038,0.0,Avoid Loan
56,2486646,159395,228746,Yes,952613,366,Beginner,Low,2,Self-Employed,6,Education,47825,0.38,Avoid Loan
29,1801731,52287,90275,Yes,1528139,438,Beginner,Low,3,Salaried,10,House,97857,0.85,Avoid Loan
42,2089061,129256,104113,Yes,396529,723,Beginner,Medium,0,Business,7,Wealth Creation,44832,0.19,Save
43,1502134,38098,1570236,No,0,368,Beginner,Low,2,Salaried,6,House,87079,0.0,Avoid Loan
45,731137,17742,1338903,Yes,997542,772,Beginner,Medium,1,Business,11,Retirement,43186,1.36,Avoid Loan
55,2716865,125066,670951,No,0,703,Intermediate,High,4,Salaried,1,House,101339,0.0,Save
54,2999084,51637,2362091,No,0,709,Beginner,Low,2,Self-Employed,12,House,198286,0.0,Save
50,2715851,36821,50499,No,0,822,Beginner,Medium,0,Self-Employed,7,Wealth Creation,189499,0.0,Save
52,1321467,89282,1582734,No,0,380,Intermediate,Low,5,Business,8,Wealth Creation,20840,0.0,Avoid Loan
31,684683,50416,2444324,No,0,434,Intermediate,Low,3,Self-Employed,11,Retirement,6640,0.0,Avoid Loan
57,1836303,87760,1959286,Yes,1365314,704,Beginner,Medium,2,Salaried,4,Wealth Creation,65265,0.74,Avoid Loan
40,2703852,30159,2142535,No,0,453,Beginner,Low,2,Business,8,Wealth Creation,195162,0.0,Avoid Loan
35,2759183,86042,852235,Yes,732187,693,Intermediate,High,5,Business,9,Retirement,143889,0.27,Save
26,2332328,153769,1992952,Yes,1705261,428,Beginner,Low,4,Salaried,9,Retirement,40591,0.73,Avoid Loan
47,758743,43940,2047152,Yes,1362669,856,Intermediate,High,3,Self-Employed,9,Wealth Creation,19288,1.8,Avoid Loan
21,743191,27056,31326,Yes,2032729,826,Intermediate,Low,1,Self-Employed,8,Education,34876,2.74,Avoid Loan
46,2337720,48997,220098,Yes,1653187,499,Intermediate,Low,2,Salaried,3,Education,145813,0.71,Avoid Loan
58,319450,22537,1357498,Yes,1444026,668,Beginner,Medium,2,Self-Employed,11,Retirement,4083,4.52,Avoid Loan
59,2805443,182840,2358003,No,0,751,Beginner,Low,4,Business,11,Wealth Creation,50946,0.0,Invest
47,1535909,76344,1554042,No,0,827,Expert,High,4,Business,6,Education,51648,0.0,Invest
26,2830313,27725,1021847,No,0,688,Expert,Medium,4,Business,7,Wealth Creation,208134,0.0,Save
46,2480016,54029,1075729,No,0,810,Beginner,Low,5,Business,6,Education,152639,0.0,Invest
60,1295383,23982,931728,No,0,664,Intermediate,High,2,Business,1,House,83966,0.0,Save
28,2912110,118139,2319109,No,0,651,Expert,Low,5,Self-Employed,4,Wealth Creation,124536,0.0,Save
59,1603214,38224,230037,Yes,319443,711,Beginner,Medium,4,Business,8,Wealth Creation,95377,0.2,Save
52,942078,19357,136724,No,0,493,Intermediate,High,5,Self-Employed,6,House,59149,0.0,Avoid Loan
27,2229163,90251,727543,No,0,462,Beginner,Low,5,Business,5,Retirement,95512,0.0,Avoid Loan
55,1329097,45925,775992,Yes,2436485,757,Intermediate,High,0,Business,8,House,64833,1.83,Avoid Loan
30,280097,16896,1160893,Yes,1532923,788,Beginner,Medium,2,Self-Employed,0,Retirement,6445,5.47,Avoid Loan
39,293678,15589,1649890,Yes,417935,570,Beginner,High,2,Salaried,2,Education,8884,1.42,Avoid Loan
21,1169749,71419,2347735,Yes,401436,494,Beginner,Medium,3,Self-Employed,3,House,26060,0.34,Avoid Loan
26,318773,16561,2435497,No,0,640,Intermediate,High,4,Business,8,House,10003,0.0,Save
26,673566,42869,165622,Yes,1645893,809,Beginner,Medium,5,Salaried,3,Wealth Creation,13261,2.44,Avoid Loan
37,1649493,111281,2143800,Yes,1554284,855,Intermediate,Medium,3,Self-Employed,10,Wealth Creation,26176,0.94,Avoid Loan
22,1526718,92501,916409,No,0,638,Expert,High,0,Self-Employed,4,Retirement,34725,0.0,Save
37,2360050,17700,717561,Yes,1834824,427,Intermediate,Medium,0,Salaried,7,House,178970,0.78,Avoid Loan
36,1060719,41381,1365380,Yes,2024437,418,Beginner,Low,0,Business,7,House,47012,1.91,Avoid Loan
40,1862953,71744,109856,Yes,206953,807,Intermediate,Medium,0,Self-Employed,6,Wealth Creation,83502,0.11,Save
55,671131,21751,228398,No,0,414,Beginner,High,1,Salaried,4,Retirement,34176,0.0,Avoid Loan
50,811672,27858,673542,No,0,811,Intermediate,Low,2,Business,4,House,39781,0.0,Save
23,2925977,74676,404353,No,0,428,Beginner,High,0,Business,8,House,169155,0.0,Avoid Loan
59,604667,28876,1462036,Yes,1060139,863,Expert,Medium,2,Business,2,Retirement,21512,1.75,Avoid Loan
52,1165862,22645,1134524,Yes,1202255,579,Intermediate,High,1,Business,5,Retirement,74510,1.03,Avoid Loan
30,897646,15863,1243288,No,0,581,Beginner,Low,1,Self-Employed,5,Education,58940,0.0,Avoid Loan
58,756371,31213,2299790,Yes,500348,878,Beginner,Low,4,Self-Employed,11,Wealth Creation,31817,0.66,Avoid Loan
22,2485105,75863,1199284,No,0,879,Beginner,Low,4,Self-Employed,1,Education,131229,0.0,Save
44,2837125,196646,1434666,No,0,897,Intermediate,Medium,1,Salaried,0,Education,39781,0.0,Save
53,918125,18051,1934274,Yes,1974461,639,Expert,Medium,5,Business,0,House,58459,2.15,Avoid Loan
60,1706544,71219,2132126,No,0,426,Intermediate,Low,3,Business,10,Education,70993,0.0,Avoid Loan
27,1169808,44190,2397116,Yes,996433,671,Intermediate,Low,1,Salaried,11,Retirement,53294,0.85,Avoid Loan
47,620996,25378,1556247,No,0,595,Expert,Low,2,Business,4,Wealth Creation,26371,0.0,Avoid Loan
57,855593,48419,983765,No,0,740,Expert,Medium,1,Self-Employed,12,House,22880,0.0,Save
47,488193,34468,137487,Yes,1492694,415,Intermediate,High,2,Self-Employed,9,Retirement,6214,3.06,Avoid Loan
54,1805163,17825,793223,Yes,2238086,840,Beginner,Medium,5,Salaried,9,Retirement,132605,1.24,Avoid Loan
41,513088,22782,193634,Yes,1726617,677,Beginner,Low,5,Self-Employed,1,Retirement,19975,3.37,Avoid Loan
23,2639920,97709,799497,No,0,667,Beginner,Medium,2,Self-Employed,3,Wealth Creation,122284,0.0,Save
33,961544,63865,1792189,No,0,638,Intermediate,Medium,4,Self-Employed,7,Education,16263,0.0,Save
54,1242838,17315,1270294,No,0,848,Beginner,Medium,5,Salaried,10,House,86254,0.0,Invest
24,962351,18665,970758,Yes,584306,505,Beginner,High,0,Business,12,Retirement,61530,0.61,Avoid Loan
53,2311197,136892,1368938,No,0,801,Beginner,Medium,0,Self-Employed,5,Wealth Creation,55707,0.0,Save
49,701490,23117,1184925,No,0,638,Beginner,Medium,3,Salaried,12,Wealth Creation,35340,0.0,Save
53,2982611,152343,2098610,Yes,1980455,515,Intermediate,Low,4,Self-Employed,10,Retirement,96207,0.66,Avoid Loan
37,1639116,106328,1654994,No,0,479,Intermediate,Medium,2,Self-Employed,7,Wealth Creation,30265,0.0,Avoid Loan
59,1533041,49326,1334272,Yes,1532256,512,Intermediate,Low,0,Salaried,5,Wealth Creation,78427,1.0,Avoid Loan
25,2349288,149211,1130311,No,0,390,Intermediate,Low,2,Business,1,Education,46563,0.0,Avoid Loan
38,1811016,61438,375687,No,0,873,Expert,Low,5,Self-Employed,6,House,89480,0.0,Invest
48,1443774,73872,2471264,No,0,420,Beginner,Low,3,Salaried,2,Education,46442,0.0,Avoid Loan
35,2964639,36469,1996418,No,0,373,Beginner,Low,4,Business,7,Retirement,210584,0.0,Avoid Loan
29,273103,16276,493162,No,0,856,Beginner,Medium,2,Self-Employed,0,House,6482,0.0,Save
30,1533377,16368,1034476,Yes,2337312,853,Intermediate,Low,4,Salaried,10,House,111413,1.52,Avoid Loan
55,2483209,97909,742076,Yes,1494059,366,Intermediate,High,5,Business,0,Wealth Creation,109025,0.6,Avoid Loan
28,361271,25711,1774005,No,0,675,Expert,Low,0,Self-Employed,4,House,4394,0.0,Save
40,323391,19059,2330075,No,0,895,Expert,High,4,Self-Employed,2,Wealth Creation,7890,0.0,Save
54,636395,17410,299295,Yes,2492364,562,Intermediate,High,4,Business,5,House,35622,3.92,Avoid Loan
50,940237,40562,343732,No,0,820,Intermediate,Low,1,Self-Employed,1,Retirement,37791,0.0,Save
53,354588,24290,1051745,Yes,2488895,833,Expert,Medium,2,Salaried,3,House,5259,7.02,Avoid Loan
42,836868,62511,1028398,Yes,614650,390,Intermediate,Medium,2,Business,2,Retirement,7228,0.73,Avoid Loan
39,1748257,110708,2338019,No,0,522,Intermediate,High,3,Self-Employed,2,Education,34980,0.0,Avoid Loan
43,2758132,174314,1358571,Yes,1327407,517,Beginner,High,5,Self-Employed,2,House,55530,0.48,Avoid Loan
47,698933,38048,460526,Yes,1417921,523,Intermediate,Medium,0,Business,0,Retirement,20196,2.03,Avoid Loan
30,1842135,119524,423111,Yes,645303,587,Expert,High,3,Business,3,Retirement,33987,0.35,Avoid Loan
51,973749,15382,954169,No,0,778,Beginner,Low,0,Salaried,11,Education,65763,0.0,Invest
44,576433,35714,2193908,Yes,633458,637,Beginner,Low,5,Salaried,12,Education,12322,1.1,Avoid Loan
24,622958,25172,549884,No,0,501,Beginner,Low,1,Self-Employed,3,Retirement,26741,0.0,Avoid Loan
29,924193,15277,945876,Yes,1748380,793,Beginner,Medium,0,Business,2,House,61739,1.89,Avoid Loan
48,1477843,104242,74775,Yes,2227406,706,Beginner,Low,5,Business,5,Wealth Creation,18911,1.51,Avoid Loan
33,1885243,112030,2248554,Yes,1186837,450,Intermediate,High,4,Salaried,11,Retirement,45073,0.63,Avoid Loan
30,2077194,79982,1610478,No,0,375,Beginner,Medium,4,Self-Employed,8,Wealth Creation,93117,0.0,Avoid Loan
58,1272032,55583,2374444,No,0,817,Beginner,Low,5,Salaried,3,Education,50419,0.0,Save
24,590697,32126,2295673,Yes,652623,506,Beginner,Low,2,Business,4,Wealth Creation,17098,1.1,Avoid Loan
33,2945975,53887,2163476,Yes,680908,412,Intermediate,Low,1,Business,0,Wealth Creation,191610,0.23,Avoid Loan
33,1868031,48689,1621594,No,0,830,Beginner,Low,1,Salaried,8,Wealth Creation,106980,0.0,Invest
40,2952966,204160,643197,Yes,421008,547,Intermediate,Low,1,Business,5,Education,41920,0.14,Avoid Loan
56,1841213,15826,2434773,No,0,851,Beginner,Low,0,Self-Employed,11,House,137608,0.0,Invest
46,2952062,36316,1358777,No,0,673,Beginner,Medium,5,Salaried,5,Education,209689,0.0,Save
25,2031370,51572,1720736,No,0,851,Intermediate,Medium,5,Self-Employed,0,Wealth Creation,117708,0.0,Save
32,2524932,96063,1979076,No,0,813,Intermediate,Low,5,Salaried,2,Wealth Creation,114348,0.0,Save
33,1934592,73479,2452009,No,0,692,Beginner,High,3,Salaried,12,Retirement,87737,0.0,Save
58,1731872,74128,2364564,No,0,727,Beginner,High,0,Salaried,7,House,70194,0.0,Invest
30,1504484,49412,796500,Yes,546765,541,Beginner,Medium,2,Self-Employed,10,Education,75961,0.36,Avoid Loan
42,2358751,82799,831697,Yes,1442557,796,Beginner,High,1,Business,0,Retirement,113763,0.61,Avoid Loan
54,2884983,16120,2394891,Yes,2393178,890,Expert,Low,4,Business,3,Education,224295,0.83,Avoid Loan
29,2956497,130545,394417,No,0,792,Expert,High,4,Self-Employed,8,Retirement,115829,0.0,Invest
47,457417,20128,323499,No,0,511,Beginner,Low,1,Self-Employed,8,Wealth Creation,17990,0.0,Avoid Loan
41,2447571,77532,332250,Yes,609874,468,Beginner,Medium,2,Business,9,House,126432,0.25,Avoid Loan
57,1987805,76299,1630236,Yes,2165697,493,Beginner,Low,3,Self-Employed,0,Education,89351,1.09,Avoid Loan
48,1038198,15929,428648,No,0,694,Expert,Medium,3,Business,6,Education,70587,0.0,Save
42,2744920,152752,67019,No,0,668,Beginner,Low,3,Salaried,5,Retirement,75991,0.0,Save
47,1213850,47833,2344671,Yes,2073887,696,Intermediate,High,3,Self-Employed,8,House,53321,1.71,Avoid Loan
33,2839805,199698,1200575,Yes,1136435,548,Beginner,Medium,1,Business,1,Retirement,36952,0.4,Avoid Loan
25,1090683,56244,797546,Yes,1728178,690,Beginner,High,0,Salaried,6,Wealth Creation,34646,1.58,Avoid Loan
31,1643397,116358,1595359,No,0,780,Beginner,High,0,Self-Employed,11,Retirement,20591,0.0,Save
44,1857361,44025,1561942,Yes,2145333,374,Beginner,Low,5,Salaried,8,Retirement,110755,1.16,Avoid Loan
24,2743159,178215,813835,No,0,791,Beginner,Medium,2,Salaried,6,Wealth Creation,50381,0.0,Invest
55,1732579,52046,280713,No,0,621,Beginner,Medium,2,Business,5,House,92335,0.0,Save
37,865251,26118,1859593,No,0,862,Beginner,Medium,1,Salaried,7,House,45986,0.0,Invest
49,1927691,69517,1700736,Yes,749547,629,Beginner,Low,4,Business,10,Wealth Creation,91123,0.39,Save
31,650741,46274,232859,Yes,157875,640,Expert,High,3,Self-Employed,7,Education,7954,0.24,Avoid Loan
29,315108,19698,2132464,No,0,567,Beginner,Medium,1,Self-Employed,3,Education,6561,0.0,Avoid Loan
24,2665891,16652,1394804,Yes,1196807,467,Beginner,Low,4,Salaried,5,Education,205505,0.45,Avoid Loan
28,1714101,61559,555875,Yes,1049645,521,Beginner,Medium,0,Self-Employed,6,House,81282,0.61,Avoid Loan
21,1740655,66551,1475913,Yes,1869795,815,Intermediate,Low,2,Business,4,Education,78503,1.07,Avoid Loan
54,1907321,47570,507812,No,0,515,Beginner,Medium,1,Business,0,House,111373,0.0,Avoid Loan
23,1741800,21036,1213380,No,0,590,Beginner,Medium,1,Self-Employed,9,Wealth Creation,124114,0.0,Avoid Loan
24,1664101,86841,1946006,No,0,872,Expert,Medium,3,Business,4,Wealth Creation,51834,0.0,Save
48,1681947,53914,55112,No,0,394,Intermediate,High,0,Business,5,Wealth Creation,86248,0.0,Avoid Loan
43,2165533,43817,2178804,No,0,405,Beginner,Low,1,Salaried,7,House,136644,0.0,Avoid Loan
31,1787606,29771,1910008,No,0,353,Intermediate,Medium,1,Business,5,Retirement,119196,0.0,Avoid Loan
24,745665,54178,1146357,No,0,697,Intermediate,High,3,Self-Employed,7,Education,7960,0.0,Save
22,1027468,74216,631324,No,0,543,Intermediate,Medium,5,Salaried,0,Retirement,11406,0.0,Avoid Loan
24,1371616,102543,1135909,No,0,450,Intermediate,Medium,5,Salaried,7,Education,11758,0.0,Avoid Loan
33,2842357,121321,1159833,Yes,1048063,554,Intermediate,Medium,4,Salaried,11,Education,115542,0.37,Avoid Loan
58,1273565,64584,1452535,No,0,647,Intermediate,Low,5,Self-Employed,1,Education,41546,0.0,Save
28,1481826,15815,1412208,Yes,753941,889,Beginner,High,3,Salaried,3,Retirement,107670,0.51,Avoid Loan
56,486405,23415,877030,No,0,367,Intermediate,Low,2,Self-Employed,3,Education,17118,0.0,Avoid Loan
21,2593296,188714,913963,No,0,763,Beginner,Low,0,Self-Employed,2,Wealth Creation,27394,0.0,Save
53,2179026,46157,213791,Yes,941476,641,Intermediate,Medium,3,Business,7,Retirement,135428,0.43,Save
35,1323603,45555,2423607,No,0,671,Beginner,Low,2,Salaried,0,Education,64745,0.0,Save
39,1546077,89848,919036,No,0,616,Beginner,Medium,4,Salaried,4,Education,38991,0.0,Save
52,343251,17858,1311833,No,0,697,Beginner,Medium,1,Self-Employed,11,House,10746,0.0,Save
44,1872254,39244,871782,No,0,896,Intermediate,Medium,3,Salaried,7,Education,116777,0.0,Invest
43,1150527,66157,1060309,Yes,218561,525,Beginner,Low,0,Salaried,9,Education,29720,0.19,Avoid Loan
25,1510567,28615,1900545,No,0,641,Beginner,High,0,Business,5,House,97265,0.0,Save
39,1746954,74131,2018340,No,0,525,Expert,Medium,5,Salaried,11,Education,71448,0.0,Avoid Loan
38,569814,41311,1945165,Yes,377046,871,Beginner,High,5,Salaried,5,Wealth Creation,6173,0.66,Avoid Loan
26,1020097,66972,1481188,No,0,603,Intermediate,Medium,1,Self-Employed,1,House,18036,0.0,Save
43,1953655,102732,2409678,Yes,833305,651,Intermediate,Medium,2,Business,9,House,60072,0.43,Save
59,1242568,42023,2197879,Yes,216907,610,Expert,Low,2,Business,0,Retirement,61524,0.17,Save
35,2746101,43703,1301206,No,0,393,Intermediate,Low,4,Business,10,House,185138,0.0,Avoid Loan
51,917034,45592,864269,Yes,1099853,631,Expert,High,3,Salaried,5,Retirement,30827,1.2,Avoid Loan
35,2045757,124673,292527,No,0,611,Beginner,Medium,4,Self-Employed,0,Retirement,45806,0.0,Save
60,631570,36340,1928288,No,0,822,Intermediate,Low,2,Salaried,9,Wealth Creation,16290,0.0,Save
33,2618622,120875,119225,No,0,580,Intermediate,Medium,5,Self-Employed,11,Education,97343,0.0,Avoid Loan
60,2245404,45645,28695,No,0,504,Beginner,Low,5,Self-Employed,9,Education,141472,0.0,Avoid Loan
30,1371221,22151,2479531,No,0,863,Intermediate,Medium,0,Salaried,11,Education,92117,0.0,Invest
53,2316210,88278,1270636,No,0,382,Intermediate,Low,2,Self-Employed,6,Education,104739,0.0,Avoid Loan
46,562809,23387,2370307,No,0,585,Intermediate,Medium,2,Salaried,1,Education,23513,0.0,Avoid Loan
46,1077771,64746,1185289,No,0,604,Beginner,Medium,2,Salaried,0,Education,25068,0.0,Save
28,418749,30063,143812,Yes,354969,356,Beginner,High,3,Self-Employed,0,House,4832,0.85,Avoid Loan
23,2415531,34756,1994707,Yes,953711,410,Beginner,High,1,Self-Employed,0,Retirement,166538,0.39,Avoid Loan
46,1095476,45579,1128840,No,0,781,Expert,Medium,1,Salaried,7,Education,45710,0.0,Invest
45,1463780,72111,2329814,Yes,599066,400,Beginner,Low,0,Salaried,12,House,49870,0.41,Avoid Loan
44,862974,37204,1239032,No,0,640,Intermediate,Medium,5,Self-Employed,9,Education,34710,0.0,Save
55,2557638,62599,213381,No,0,777,Beginner,Medium,1,Self-Employed,8,House,150537,0.0,Save
56,1566588,46894,1854865,Yes,2081345,759,Expert,Medium,2,Business,11,Education,83655,1.33,Avoid Loan
53,1206799,53775,1115755,No,0,760,Intermediate,Medium,5,Business,5,House,46791,0.0,Save
44,661137,27777,209836,Yes,1646605,756,Intermediate,Medium,0,Business,9,Retirement,27317,2.49,Avoid Loan
51,1696315,74365,348376,Yes,250057,376,Expert,Medium,2,Business,10,Education,66994,0.15,Avoid Loan
32,600293,33129,1564560,Yes,1190541,737,Beginner,Low,5,Self-Employed,4,Wealth Creation,16895,1.98,Avoid Loan
46,341828,15977,375141,No,0,552,Beginner,Medium,2,Salaried,6,Education,12508,0.0,Avoid Loan
27,331680,21434,1200168,No,0,758,Expert,High,2,Business,11,House,6206,0.0,Save
36,354763,22698,1416596,No,0,385,Expert,Low,2,Business,1,House,6865,0.0,Avoid Loan
48,2046737,91670,1212052,Yes,1918671,566,Beginner,High,2,Self-Employed,5,Wealth Creation,78891,0.94,Avoid Loan
35,997676,15156,695807,No,0,655,Beginner,High,3,Salaried,7,Wealth Creation,67983,0.0,Save
52,942119,48090,2168944,Yes,705042,504,Intermediate,Medium,5,Salaried,7,House,30419,0.75,Avoid Loan
46,2940236,183206,1232737,Yes,1185013,718,Beginner,Low,3,Salaried,6,Retirement,61813,0.4,Save
45,994843,16299,2162173,Yes,1314114,410,Beginner,Low,3,Salaried,4,Wealth Creation,66604,1.32,Avoid Loan
47,475380,24585,75096,Yes,578063,601,Intermediate,High,5,Business,3,Wealth Creation,15030,1.22,Avoid Loan
22,1359690,20007,1470030,Yes,1024246,393,Intermediate,Medium,0,Salaried,5,Retirement,93300,0.75,Avoid Loan
27,424159,19301,1707142,Yes,1828840,768,Intermediate,Medium,4,Business,9,Education,16045,4.31,Avoid Loan
25,1000553,35074,564285,No,0,377,Intermediate,Low,0,Business,10,Retirement,48305,0.0,Avoid Loan
22,593208,36300,1295306,Yes,2150990,867,Intermediate,Low,2,Self-Employed,2,Retirement,13134,3.63,Avoid Loan
28,811678,18088,2034973,No,0,887,Intermediate,Low,3,Business,5,Education,49551,0.0,Save
60,2405308,93330,1178937,No,0,738,Intermediate,High,0,Salaried,9,House,107112,0.0,Invest
52,399479,27989,678495,Yes,2007388,884,Beginner,High,5,Self-Employed,0,House,5300,5.03,Avoid Loan
44,2170468,152497,1480089,Yes,542710,789,Beginner,Low,3,Business,7,Education,28375,0.25,Invest
27,1664023,47558,2039479,No,0,679,Expert,Medium,0,Self-Employed,6,House,91110,0.0,Save
60,2736245,189230,1071769,Yes,944525,405,Beginner,Low,5,Business,4,Retirement,38790,0.35,Avoid Loan
29,764896,20452,792551,No,0,871,Beginner,Medium,3,Business,9,Education,43289,0.0,Invest
60,1875222,36414,92761,No,0,723,Expert,Low,2,Self-Employed,11,Education,119854,0.0,Save
39,2443501,88758,107531,Yes,2028008,704,Beginner,Medium,5,Business,2,Education,114867,0.83,Avoid Loan
57,1686380,123295,2333973,No,0,365,Intermediate,High,5,Self-Employed,1,Education,17236,0.0,Avoid Loan
60,2691469,162764,894886,No,0,804,Intermediate,Low,0,Salaried,9,Education,61525,0.0,Invest
43,1177841,62793,847894,Yes,1893168,689,Intermediate,Medium,5,Self-Employed,5,Wealth Creation,35360,1.61,Avoid Loan
54,1469438,66016,1265330,No,0,627,Expert,High,5,Business,2,Education,56437,0.0,Save
54,862568,55734,1750025,Yes,1975598,722,Beginner,High,0,Self-Employed,10,Education,16146,2.29,Avoid Loan
24,1074883,52734,2162089,Yes,1200365,502,Intermediate,Medium,4,Business,6,Education,36839,1.12,Avoid Loan
26,1291553,72798,1712179,No,0,504,Beginner,High,4,Salaried,9,House,34831,0.0,Avoid Loan
38,2556138,154115,1588671,No,0,712,Beginner,Medium,1,Salaried,0,Education,58896,0.0,Save
60,2027677,136384,1399905,Yes,2269406,700,Beginner,Low,5,Self-Employed,1,Retirement,32589,1.12,Avoid Loan
24,1075277,20379,2231905,No,0,523,Intermediate,Medium,4,Self-Employed,4,Retirement,69227,0.0,Avoid Loan
46,796996,22755,600628,No,0,869,Beginner,Low,0,Self-Employed,2,Wealth Creation,43661,0.0,Save
32,1502259,57461,2097223,Yes,952301,720,Beginner,Low,0,Business,7,Retirement,67727,0.63,Avoid Loan
43,2427499,87146,1809793,No,0,434,Expert,Medium,1,Self-Employed,10,House,115145,0.0,Avoid Loan
36,2275083,161392,2492740,No,0,593,Beginner,Low,1,Salaried,1,House,28198,0.0,Avoid Loan
34,1068843,45800,209571,No,0,436,Intermediate,Medium,1,Business,12,House,43270,0.0,Avoid Loan
29,1975279,58782,2457330,Yes,2098380,855,Expert,Medium,3,Salaried,3,House,105824,1.06,Avoid Loan
37,2574186,191557,2090604,Yes,978395,421,Expert,Low,2,Business,7,House,22958,0.38,Avoid Loan
32,2272435,55695,2165503,No,0,462,Intermediate,Low,0,Business,11,House,133674,0.0,Avoid Loan
58,1620673,103703,871474,Yes,2249612,543,Beginner,Medium,3,Business,5,Education,31353,1.39,Avoid Loan
49,2485201,22111,677429,No,0,609,Beginner,Low,5,Self-Employed,11,Wealth Creation,184989,0.0,Save
35,1483936,110926,1433290,No,0,513,Intermediate,High,1,Self-Employed,4,Wealth Creation,12735,0.0,Avoid Loan
58,1276943,68169,794679,Yes,78170,798,Beginner,Medium,5,Salaried,3,Retirement,38242,0.06,Save
44,2360325,16451,840056,Yes,1838861,393,Beginner,High,2,Business,3,House,180242,0.78,Avoid Loan
59,2363973,87778,95815,No,0,511,Beginner,High,4,Salaried,2,Retirement,109219,0.0,Avoid Loan
47,2119638,124164,1122890,Yes,896414,484,Intermediate,Medium,3,Self-Employed,10,House,52472,0.42,Avoid Loan
27,1608804,37393,253158,No,0,534,Beginner,Medium,5,Self-Employed,10,Wealth Creation,96674,0.0,Avoid Loan
45,604198,19294,1157297,Yes,577285,536,Intermediate,Low,0,Self-Employed,4,Wealth Creation,31055,0.96,Avoid Loan
31,2973402,136991,1326703,Yes,448317,685,Beginner,Medium,2,Salaried,11,House,110792,0.15,Save
24,497902,24106,1162887,No,0,568,Intermediate,Medium,2,Business,7,Retirement,17385,0.0,Avoid Loan
50,2987114,112315,2110258,Yes,2293748,597,Beginner,High,3,Salaried,12,Education,136611,0.77,Avoid Loan
25,1501401,98639,67091,Yes,1381994,896,Beginner,High,3,Business,10,Retirement,26477,0.92,Avoid Loan
40,2479495,130805,1571841,No,0,797,Expert,Medium,4,Self-Employed,10,Education,75819,0.0,Invest
54,340597,16309,736839,No,0,564,Intermediate,Medium,1,Business,3,Retirement,12074,0.0,Avoid Loan
21,296772,15825,1135788,No,0,403,Intermediate,Medium,4,Salaried,11,Education,8906,0.0,Avoid Loan
57,1561915,64598,2127314,Yes,2197253,589,Beginner,Medium,5,Self-Employed,3,House,65561,1.41,Avoid Loan
32,457454,22167,2356590,No,0,455,Intermediate,Low,1,Salaried,1,Retirement,15954,0.0,Avoid Loan
28,819139,47956,1710626,No,0,365,Beginner,Low,5,Salaried,4,House,20305,0.0,Avoid Loan
46,2000641,25634,54884,Yes,1421091,603,Beginner,Medium,0,Salaried,7,Wealth Creation,141086,0.71,Avoid Loan
48,2829020,132406,855190,No,0,401,Intermediate,Low,2,Self-Employed,12,Retirement,103345,0.0,Avoid Loan
29,2528619,150850,409289,Yes,1197274,529,Beginner,Low,2,Self-Employed,10,Education,59868,0.47,Avoid Loan
52,987406,63235,2111756,No,0,456,Intermediate,High,4,Salaried,9,Retirement,19048,0.0,Avoid Loan
49,2261300,63961,1715785,No,0,789,Intermediate,Low,5,Salaried,6,Wealth Creation,124480,0.0,Invest
32,2925416,102249,1199723,Yes,1893989,875,Beginner,Low,1,Business,7,Retirement,141535,0.65,Avoid Loan
35,1197105,39337,1732086,Yes,109156,873,Intermediate,High,1,Business,2,Retirement,60421,0.09,Save
38,1010896,64240,1233907,Yes,708162,777,Intermediate,Medium,4,Salaried,0,Education,20001,0.7,Avoid Loan
47,744574,51919,1789562,No,0,780,Intermediate,High,4,Salaried,2,Retirement,10128,0.0,Save
25,1803098,131616,1159282,Yes,728780,650,Expert,Low,1,Business,6,House,18642,0.4,Save
43,714621,51135,1036105,Yes,1315886,458,Intermediate,Low,0,Salaried,9,Education,8416,1.84,Avoid Loan
53,625117,42673,1083544,Yes,169707,403,Intermediate,High,1,Self-Employed,1,House,9420,0.27,Avoid Loan
35,630483,44288,287888,No,0,721,Intermediate,Low,3,Salaried,1,House,8252,0.0,Save
22,1390488,48974,1711314,Yes,1540803,626,Beginner,Low,3,Self-Employed,11,Wealth Creation,66900,1.11,Avoid Loan
52,2316498,149536,2461485,No,0,362,Intermediate,Low,1,Self-Employed,12,Wealth Creation,43505,0.0,Avoid Loan
56,1253065,85969,2298760,Yes,1929117,808,Intermediate,Medium,0,Business,6,Wealth Creation,18453,1.54,Avoid Loan
24,982115,16885,1754669,Yes,153374,399,Beginner,High,0,Self-Employed,8,Wealth Creation,64957,0.16,Avoid Loan
34,1568645,78792,2290216,Yes,2361319,430,Intermediate,High,5,Salaried,9,Retirement,51928,1.51,Avoid Loan
39,2053834,42429,1223944,Yes,1751344,752,Intermediate,Medium,1,Salaried,1,Retirement,128723,0.85,Avoid Loan
24,957816,21238,969328,No,0,696,Beginner,Low,1,Self-Employed,1,House,58580,0.0,Save
36,2543809,188304,2204344,No,0,773,Beginner,Low,4,Salaried,4,House,23680,0.0,Save
53,2523932,58981,660632,No,0,407,Beginner,Medium,1,Salaried,10,Wealth Creation,151346,0.0,Avoid Loan
43,283218,16154,747399,No,0,616,Beginner,Low,4,Salaried,8,Retirement,7447,0.0,Save
21,686887,30702,1340254,Yes,2321693,894,Beginner,Low,1,Salaried,12,Education,26538,3.38,Avoid Loan
29,2636557,159970,660073,No,0,598,Beginner,Low,0,Business,0,Education,59743,0.0,Avoid Loan
31,2209152,26381,1257448,No,0,591,Beginner,High,3,Business,11,Retirement,157715,0.0,Avoid Loan
32,907027,49882,742180,Yes,1285613,541,Intermediate,Medium,2,Self-Employed,10,House,25703,1.42,Avoid Loan
39,1449003,45790,1394725,Yes,2029639,435,Beginner,Low,2,Business,7,Education,74960,1.4,Avoid Loan
54,2569758,142810,2464399,No,0,610,Expert,Medium,1,Business,3,Retirement,71336,0.0,Save
32,507822,25932,880210,Yes,2444995,392,Beginner,High,1,Salaried,4,Wealth Creation,16386,4.81,Avoid Loan
30,2124060,55997,1652257,No,0,359,Beginner,High,3,Self-Employed,2,Education,121008,0.0,Avoid Loan
25,2746196,198170,2168902,Yes,2187339,611,Expert,Medium,4,Business,3,Wealth Creation,30679,0.8,Avoid Loan
27,1457252,49484,780506,Yes,366742,394,Expert,High,0,Business,12,Retirement,71953,0.25,Avoid Loan
54,1212954,59790,494382,No,0,831,Intermediate,Low,2,Business,5,Wealth Creation,41289,0.0,Save
31,2390012,27347,1818278,No,0,499,Beginner,Medium,4,Self-Employed,0,Wealth Creation,171820,0.0,Avoid Loan
52,2859904,117419,1157246,Yes,998883,565,Intermediate,Medium,4,Self-Employed,10,Education,120906,0.35,Avoid Loan
31,1125988,31617,1421481,Yes,51543,420,Beginner,Medium,3,Salaried,9,Retirement,62215,0.05,Avoid Loan
53,490540,30436,1741277,Yes,134438,569,Intermediate,Low,5,Self-Employed,9,Education,10442,0.27,Avoid Loan
54,253993,17803,1118380,Yes,1177264,476,Intermediate,High,5,Salaried,10,Wealth Creation,3363,4.64,Avoid Loan
53,656237,31686,254779,No,0,851,Expert,Medium,1,Self-Employed,11,Retirement,23000,0.0,Save
41,2584346,68019,1615510,No,0,584,Beginner,Low,1,Self-Employed,2,Retirement,147343,0.0,Avoid Loan
52,499612,16414,2218108,No,0,800,Beginner,High,2,Business,3,House,25220,0.0,Save
33,333706,15863,2487093,No,0,573,Expert,Low,5,Salaried,1,Wealth Creation,11945,0.0,Avoid Loan
55,1066093,32830,44399,Yes,1913124,475,Beginner,Low,2,Self-Employed,0,Education,56011,1.79,Avoid Loan
52,1708453,86198,860889,Yes,1634193,596,Intermediate,Low,1,Self-Employed,8,House,56173,0.96,Avoid Loan
46,1080822,20728,1509724,No,0,586,Expert,Low,5,Salaried,5,Education,69340,0.0,Avoid Loan
54,2878184,111154,1476367,No,0,679,Beginner,Medium,2,Self-Employed,0,Wealth Creation,128694,0.0,Save
59,2376602,125839,1721894,Yes,517669,808,Intermediate,Low,2,Salaried,4,Wealth Creation,72211,0.22,Save
45,1148997,18072,306340,Yes,1011806,680,Expert,Low,3,Salaried,1,Wealth Creation,77677,0.88,Avoid Loan
26,445030,17528,97621,No,0,543,Expert,Medium,0,Self-Employed,5,Retirement,19557,0.0,Avoid Loan
25,391701,27456,1875097,No,0,601,Intermediate,Medium,5,Self-Employed,12,Education,5185,0.0,Save
33,2359315,48270,2333175,No,0,585,Beginner,Low,3,Salaried,2,House,148339,0.0,Avoid Loan
40,436720,29355,1622283,Yes,899438,668,Intermediate,High,5,Salaried,7,House,7038,2.06,Avoid Loan
33,1830424,102475,2158908,Yes,770080,421,Intermediate,Low,2,Self-Employed,7,Retirement,50060,0.42,Avoid Loan
34,1837337,61002,1911444,Yes,1170813,559,Expert,High,4,Business,7,Retirement,92109,0.64,Avoid Loan
46,2617871,145194,442595,No,0,441,Expert,Low,1,Self-Employed,11,Education,72961,0.0,Avoid Loan
53,1508687,55910,121187,No,0,732,Intermediate,High,4,Business,11,Wealth Creation,69813,0.0,Save
56,793705,22778,1272574,Yes,1144431,441,Intermediate,Low,0,Business,2,House,43364,1.44,Avoid Loan
42,600854,27128,2433758,Yes,1181706,411,Beginner,Low,0,Salaried,4,Wealth Creation,22943,1.97,Avoid Loan
33,2802219,95439,1600405,No,0,800,Intermediate,High,2,Self-Employed,2,House,138079,0.0,Save
49,356570,20772,208778,No,0,810,Expert,Low,5,Salaried,1,Education,8942,0.0,Save
26,1431668,29266,677609,No,0,405,Beginner,Medium,1,Self-Employed,6,Retirement,90039,0.0,Avoid Loan
21,1082566,20966,308969,Yes,600780,770,Expert,Medium,1,Self-Employed,0,House,69247,0.55,Avoid Loan
37,788719,26357,1691631,Yes,919703,588,Intermediate,Medium,3,Self-Employed,3,Education,39369,1.17,Avoid Loan
47,780901,37928,2141750,Yes,2107473,799,Beginner,High,3,Business,12,Retirement,27147,2.7,Avoid Loan
40,1026240,15554,1174283,No,0,756,Intermediate,Medium,4,Self-Employed,9,Retirement,69966,0.0,Invest
48,1484263,44951,2137940,No,0,440,Beginner,Low,3,Self-Employed,0,Wealth Creation,78737,0.0,Avoid Loan
46,2259592,132854,691801,Yes,866708,837,Intermediate,Medium,1,Business,5,Wealth Creation,55445,0.38,Save
30,1155663,82677,2192306,No,0,769,Intermediate,Low,4,Salaried,12,Wealth Creation,13628,0.0,Save
39,553291,27973,1526055,No,0,589,Beginner,Medium,1,Business,2,Wealth Creation,18134,0.0,Avoid Loan
43,2071670,63224,400484,Yes,1697144,705,Beginner,Low,1,Self-Employed,2,Retirement,109415,0.82,Avoid Loan
38,2853573,156788,2094491,Yes,1742158,674,Beginner,High,4,Self-Employed,4,House,81009,0.61,Avoid Loan
24,1119619,46739,1728420,Yes,1944891,552,Beginner,High,3,Self-Employed,7,Education,46562,1.74,Avoid Loan
24,2619619,90988,2307450,No,0,425,Intermediate,High,4,Salaried,12,House,127313,0.0,Avoid Loan
36,2997437,177480,71673,No,0,369,Intermediate,Low,4,Self-Employed,8,Wealth Creation,72306,0.0,Avoid Loan
41,1156357,82384,487736,No,0,651,Beginner,Medium,5,Business,12,House,13979,0.0,Save
52,760353,52027,1598864,Yes,1721725,512,Beginner,Medium,0,Business,0,Education,11335,2.26,Avoid Loan
29,2139552,133610,483691,No,0,575,Expert,Low,2,Salaried,10,Retirement,44686,0.0,Avoid Loan
35,2361480,118110,421758,Yes,213102,865,Intermediate,Medium,2,Business,9,House,78680,0.09,Invest
57,337791,17255,2340071,No,0,688,Beginner,Medium,3,Self-Employed,4,Wealth Creation,10894,0.0,Save
39,2118353,114274,639781,Yes,590783,861,Expert,Low,1,Business,11,Retirement,62255,0.28,Invest
35,2007919,61246,1527934,No,0,697,Expert,Low,5,Business,11,House,106080,0.0,Save
26,1388892,15772,1932310,Yes,1084345,403,Beginner,Medium,1,Self-Employed,0,Education,99969,0.78,Avoid Loan
56,1964388,129494,83185,Yes,490613,805,Expert,Medium,4,Business,0,Retirement,34205,0.25,Save
34,2503179,109836,2151985,No,0,739,Intermediate,Medium,2,Business,8,Retirement,98762,0.0,Invest
47,870338,21551,672334,Yes,1335026,885,Expert,High,5,Self-Employed,7,Retirement,50977,1.53,Avoid Loan
48,1779162,61465,571717,No,0,458,Intermediate,Medium,5,Self-Employed,12,House,86798,0.0,Avoid Loan
29,903426,44043,2471136,No,0,725,Beginner,High,2,Self-Employed,5,House,31242,0.0,Save
23,2428033,91845,1019069,No,0,761,Beginner,Medium,1,Self-Employed,8,Retirement,110491,0.0,Invest
49,1573951,58326,138602,Yes,887363,526,Intermediate,Medium,3,Business,2,Retirement,72836,0.56,Avoid Loan
22,1836534,75709,565724,No,0,457,Expert,Medium,0,Salaried,12,House,77335,0.0,Avoid Loan
52,1537621,41169,1145158,Yes,2404202,664,Beginner,High,4,Self-Employed,8,Education,86966,1.56,Avoid Loan
49,765945,21904,193268,Yes,1328933,727,Expert,Medium,4,Salaried,5,Wealth Creation,41924,1.74,Avoid Loan
49,1577517,107876,692328,Yes,2097780,755,Beginner,Medium,2,Salaried,1,Wealth Creation,23583,1.33,Avoid Loan
36,2401196,82350,1998205,No,0,564,Intermediate,High,3,Salaried,12,Education,117749,0.0,Avoid Loan
33,2926378,104451,1624462,Yes,983281,525,Beginner,Medium,5,Business,7,Wealth Creation,139413,0.34,Avoid Loan
42,982182,16411,300556,Yes,1896086,846,Intermediate,Medium,4,Salaried,9,Wealth Creation,65437,1.93,Avoid Loan
41,1714028,73124,510083,Yes,67703,597,Beginner,High,2,Salaried,7,House,69711,0.04,Avoid Loan
22,1138080,41097,1628391,Yes,1356795,405,Beginner,Low,2,Salaried,5,Wealth Creation,53743,1.19,Avoid Loan
42,884003,34395,97634,Yes,248436,816,Intermediate,Low,3,Self-Employed,1,Retirement,39271,0.28,Save
43,1121318,82734,1713367,Yes,1519936,715,Beginner,Medium,3,Self-Employed,12,House,10709,1.36,Avoid Loan
27,2896208,161202,1370372,Yes,1286137,689,Expert,High,5,Self-Employed,1,Wealth Creation,80148,0.44,Save
60,1949822,58552,1866997,Yes,1648518,866,Intermediate,Medium,4,Business,3,Education,103933,0.85,Avoid Loan
48,2990963,222027,1361785,Yes,1759964,511,Expert,Low,2,Business,0,Education,27219,0.59,Avoid Loan
51,1707684,120815,1289633,No,0,541,Beginner,Low,1,Self-Employed,8,Wealth Creation,21492,0.0,Avoid Loan
21,503479,27834,238008,No,0,655,Expert,High,4,Business,3,Education,14122,0.0,Save
26,2902549,53918,2309715,Yes,2104333,405,Beginner,Low,5,Self-Employed,5,House,187961,0.72,Avoid Loan
32,794634,33084,647707,Yes,534496,443,Beginner,Low,4,Salaried,4,Retirement,33135,0.67,Avoid Loan
29,394162,22632,2376201,No,0,404,Intermediate,Low,1,Self-Employed,12,House,10214,0.0,Avoid Loan
51,1826110,128838,2080570,No,0,644,Beginner,Low,3,Self-Employed,12,Wealth Creation,23337,0.0,Save
58,1439205,38918,175737,Yes,1885221,619,Beginner,High,1,Salaried,4,Wealth Creation,81015,1.31,Avoid Loan
60,2143654,28840,1869863,No,0,732,Beginner,Medium,1,Self-Employed,6,House,149797,0.0,Invest
30,1954148,137711,1079169,No,0,863,Intermediate,Medium,5,Business,8,Wealth Creation,25134,0.0,Invest
24,2563619,38011,441514,No,0,794,Beginner,Medium,3,Business,6,Retirement,175623,0.0,Invest
29,1634204,98455,1064829,No,0,421,Intermediate,Medium,0,Self-Employed,10,Retirement,37728,0.0,Avoid Loan
30,1604124,59971,38356,No,0,842,Beginner,Low,2,Business,9,Education,73706,0.0,Avoid Loan
52,263057,15015,1642914,Yes,1996027,715,Beginner,Low,5,Salaried,3,Wealth Creation,6906,7.59,Avoid Loan
24,1233238,78523,961870,No,0,496,Beginner,Medium,4,Salaried,7,Wealth Creation,24246,0.0,Avoid Loan
55,2636438,101639,878502,No,0,363,Beginner,Medium,3,Salaried,1,Wealth Creation,118064,0.0,Avoid Loan
27,2447450,61698,1904965,No,0,779,Expert,Low,0,Business,11,Education,142256,0.0,Invest
51,1629681,62598,2053890,No,0,512,Intermediate,Medium,4,Business,6,Retirement,73208,0.0,Avoid Loan
56,275751,17146,314113,No,0,454,Beginner,Medium,0,Business,5,House,5833,0.0,Avoid Loan
37,1469738,27401,1169145,Yes,2240514,584,Intermediate,Low,3,Salaried,7,Education,95077,1.52,Avoid Loan
32,2241004,47483,121512,No,0,510,Expert,Medium,0,Salaried,3,Education,139267,0.0,Avoid Loan
30,1330720,58043,994315,No,0,662,Expert,Low,5,Salaried,10,Education,52850,0.0,Save
46,863912,45006,1568252,Yes,330947,410,Expert,Low,1,Business,11,Retirement,26986,0.38,Avoid Loan
30,584638,41856,410970,No,0,527,Beginner,Medium,3,Salaried,3,Education,6863,0.0,Avoid Loan
47,1922059,48633,1214601,No,0,391,Beginner,High,0,Business,5,House,111538,0.0,Avoid Loan
54,2151706,160099,2139231,No,0,568,Intermediate,Low,1,Business,5,Education,19209,0.0,Avoid Loan
56,375280,27879,1077949,Yes,693812,667,Beginner,Low,4,Salaried,1,House,3394,1.85,Avoid Loan
57,845027,30792,1499208,Yes,978931,582,Beginner,High,0,Salaried,10,House,39626,1.16,Avoid Loan
59,2239948,37819,1129026,Yes,254235,541,Expert,Low,0,Self-Employed,10,Wealth Creation,148843,0.11,Avoid Loan
33,2138826,96099,840258,Yes,501114,747,Intermediate,High,3,Self-Employed,12,Wealth Creation,82136,0.23,Invest
31,655605,20126,2108171,No,0,832,Intermediate,High,3,Salaried,3,Education,34507,0.0,Save
47,1473277,84838,128741,No,0,458,Beginner,Low,0,Business,11,Education,37935,0.0,Avoid Loan
26,719456,53245,2204608,Yes,131777,737,Expert,Low,1,Business,3,Education,6709,0.18,Avoid Loan
27,2994087,121914,740030,No,0,670,Intermediate,Medium,2,Self-Employed,10,House,127593,0.0,Save
54,1965159,78005,1269161,Yes,1192849,893,Intermediate,Medium,3,Self-Employed,0,Education,85758,0.61,Avoid Loan
25,1044321,60105,616587,No,0,352,Beginner,Medium,5,Salaried,4,Retirement,26921,0.0,Avoid Loan
51,691841,26453,1972181,Yes,97624,486,Beginner,High,1,Self-Employed,4,Retirement,31200,0.14,Avoid Loan
27,1711556,48518,1382793,No,0,728,Beginner,Low,5,Salaried,2,Wealth Creation,94111,0.0,Save
26,2726968,101708,2109776,Yes,1100342,607,Beginner,Medium,3,Business,0,Education,125539,0.4,Save
56,937276,32805,1070637,No,0,631,Intermediate,High,4,Business,2,Education,45301,0.0,Save
59,1972757,64751,1247225,Yes,893348,671,Beginner,Low,2,Business,1,Education,99645,0.45,Save
47,1690874,33927,771945,No,0,720,Intermediate,Low,5,Self-Employed,3,Retirement,106979,0.0,Save
33,637321,37222,42045,Yes,1743057,432,Beginner,High,5,Self-Employed,6,Retirement,15888,2.73,Avoid Loan
30,521179,29564,2264718,Yes,251175,402,Beginner,Medium,4,Self-Employed,2,House,13867,0.48,Avoid Loan
44,685771,31264,172288,Yes,736856,547,Intermediate,Medium,1,Self-Employed,8,House,25883,1.07,Avoid Loan
59,2004671,94420,206801,Yes,1342392,589,Beginner,Low,2,Business,1,Education,72635,0.67,Avoid Loan
39,2389573,69637,1625507,No,0,598,Beginner,Low,4,Salaried,7,Wealth Creation,129494,0.0,Avoid Loan
41,615791,18071,2088425,Yes,1356982,379,Intermediate,High,1,Self-Employed,7,Wealth Creation,33244,2.2,Avoid Loan
31,1993036,89928,1904852,Yes,679158,697,Intermediate,Medium,3,Business,6,Wealth Creation,76158,0.34,Save
56,1628406,19025,1666086,No,0,480,Expert,Low,0,Self-Employed,4,Wealth Creation,116675,0.0,Avoid Loan
22,842735,24372,1955152,Yes,755776,350,Intermediate,Low,2,Business,11,Wealth Creation,45855,0.9,Avoid Loan
21,727373,24824,903456,No,0,568,Intermediate,High,2,Self-Employed,10,Education,35790,0.0,Avoid Loan
41,330527,24339,1951721,Yes,716836,616,Beginner,Medium,4,Salaried,6,Wealth Creation,3204,2.17,Avoid Loan
44,735996,24182,1066552,No,0,815,Beginner,Low,2,Salaried,7,House,37151,0.0,Invest
34,2339695,31088,2138862,No,0,381,Expert,Medium,4,Salaried,9,Retirement,163886,0.0,Avoid Loan
49,2865616,120927,2244274,Yes,932160,725,Beginner,Medium,2,Business,5,House,117874,0.33,Save
43,1343520,62037,2267116,Yes,1457428,744,Beginner,Medium,1,Business,4,Education,49923,1.08,Avoid Loan
39,1374420,96895,1543913,Yes,1149075,874,Intermediate,High,0,Self-Employed,6,Education,17640,0.84,Avoid Loan
34,1096392,23394,760003,No,0,852,Intermediate,Medium,3,Salaried,5,Wealth Creation,67972,0.0,Save
39,1779756,82179,33460,Yes,1791019,776,Beginner,Low,3,Self-Employed,10,Wealth Creation,66134,1.01,Avoid Loan
27,918209,65033,1988886,Yes,1464047,515,Intermediate,Medium,0,Business,0,House,11484,1.59,Avoid Loan
41,1275402,49403,2107237,Yes,1445687,361,Beginner,Medium,0,Business,10,Wealth Creation,56880,1.13,Avoid Loan
47,2965864,216415,2357027,Yes,707217,451,Intermediate,High,4,Self-Employed,10,Retirement,30740,0.24,Avoid Loan
48,551401,19221,633808,Yes,1057377,689,Intermediate,High,2,Self-Employed,12,House,26729,1.92,Avoid Loan
44,2937316,61182,56863,No,0,423,Intermediate,Medium,0,Salaried,11,Education,183594,0.0,Avoid Loan
59,2969731,156988,922337,Yes,55899,698,Beginner,Medium,4,Salaried,0,Education,90489,0.02,Save
51,1158923,79567,264238,Yes,1851227,850,Intermediate,Medium,3,Salaried,0,Wealth Creation,17009,1.6,Avoid Loan
33,440055,26636,219755,No,0,796,Intermediate,High,5,Salaried,1,House,10035,0.0,Save
40,1457076,35819,1585699,No,0,749,Intermediate,High,1,Self-Employed,6,Education,85604,0.0,Invest
41,2855313,207323,824025,No,0,660,Beginner,Medium,2,Self-Employed,0,Education,30619,0.0,Save
24,1589608,105793,127773,No,0,712,Beginner,Medium,3,Salaried,1,Education,26674,0.0,Save
58,1771331,62018,344946,Yes,1700757,898,Intermediate,Low,2,Salaried,7,Retirement,85592,0.96,Avoid Loan
43,1867106,43003,370087,No,0,891,Expert,Medium,1,Self-Employed,8,Education,112589,0.0,Invest
22,2776118,153918,2089382,Yes,564166,806,Intermediate,Low,0,Salaried,1,Education,77425,0.2,Save
44,863774,39171,1329082,Yes,1754401,487,Beginner,High,0,Salaried,4,Retirement,32810,2.03,Avoid Loan
36,1212642,88185,1338592,No,0,373,Intermediate,Low,2,Self-Employed,3,House,12868,0.0,Avoid Loan
23,2480007,42752,1757733,No,0,707,Beginner,Medium,2,Self-Employed,6,Wealth Creation,163915,0.0,Save
47,766641,54923,1194706,No,0,595,Beginner,Medium,4,Self-Employed,11,Education,8963,0.0,Avoid Loan
21,863062,59386,1819902,No,0,861,Expert,Medium,3,Salaried,8,House,12535,0.0,Save
28,716030,25915,1656220,No,0,891,Intermediate,Medium,5,Business,3,Retirement,33754,0.0,Save
45,1629157,102869,2286928,No,0,704,Intermediate,Low,0,Salaried,12,Education,32894,0.0,Save
25,483873,28959,1199715,Yes,476632,814,Beginner,Low,4,Business,4,Wealth Creation,11363,0.99,Avoid Loan
29,2109587,26459,2482325,No,0,809,Beginner,High,4,Self-Employed,2,Retirement,149339,0.0,Save
25,2848006,135654,2016640,Yes,1793635,588,Expert,Low,1,Salaried,3,Wealth Creation,101679,0.63,Avoid Loan
22,1360823,62503,1982958,No,0,682,Intermediate,Medium,3,Salaried,8,House,50898,0.0,Save
56,1264172,40776,129820,No,0,380,Beginner,Low,1,Business,0,Wealth Creation,64571,0.0,Avoid Loan
26,2432418,155690,1583155,No,0,623,Expert,Medium,3,Salaried,0,Education,47011,0.0,Save
56,685511,45498,2424753,Yes,202004,893,Expert,High,0,Self-Employed,11,House,11627,0.29,Save
44,2221772,69493,755455,No,0,697,Intermediate,Low,0,Business,4,Retirement,115654,0.0,Save
38,516960,21204,514584,No,0,383,Beginner,Low,3,Self-Employed,1,Wealth Creation,21876,0.0,Avoid Loan
32,1517937,54627,579713,Yes,1497986,598,Beginner,Low,4,Salaried,8,Retirement,71867,0.99,Avoid Loan
43,1146611,32594,933041,No,0,723,Beginner,Low,2,Salaried,1,Education,62956,0.0,Save
33,604108,23090,467411,No,0,762,Intermediate,Low,4,Business,12,Education,27252,0.0,Invest
40,2094409,101850,1718578,Yes,2354497,624,Beginner,High,5,Self-Employed,9,Wealth Creation,72684,1.12,Avoid Loan
35,2341511,160835,227813,Yes,1793419,768,Beginner,Low,1,Business,5,Wealth Creation,34290,0.77,Avoid Loan
45,2388432,131867,591987,No,0,401,Intermediate,High,4,Business,6,Education,67169,0.0,Avoid Loan
43,2490136,73683,2108020,Yes,1776009,680,Intermediate,Low,5,Self-Employed,12,Retirement,133828,0.71,Avoid Loan
55,592444,44276,432759,No,0,882,Expert,Medium,2,Business,4,House,5094,0.0,Save
28,2934413,81923,1272296,No,0,800,Beginner,Low,2,Salaried,6,Wealth Creation,162611,0.0,Invest
58,1855887,78163,1949940,Yes,689363,704,Beginner,High,2,Self-Employed,9,Retirement,76494,0.37,Save
49,1994864,122620,2398816,Yes,1238773,376,Intermediate,High,4,Business,11,Education,43618,0.62,Avoid Loan
59,637243,19417,917317,Yes,1245052,476,Expert,Medium,0,Self-Employed,4,House,33686,1.95,Avoid Loan
46,2033375,135787,1721961,No,0,521,Intermediate,High,3,Business,8,House,33660,0.0,Avoid Loan
49,520824,19474,41371,No,0,659,Beginner,High,2,Business,11,Education,23928,0.0,Avoid Loan
54,1799334,66836,218469,Yes,1796185,522,Intermediate,Low,2,Business,3,Retirement,83108,1.0,Avoid Loan
60,1589841,23573,2387683,Yes,2190841,509,Expert,High,3,Self-Employed,3,Education,108913,1.38,Avoid Loan
44,973709,19259,447378,Yes,749098,802,Intermediate,Medium,0,Business,4,Education,61883,0.77,Avoid Loan
43,2230570,80822,1966144,No,0,437,Beginner,Low,0,Business,7,Wealth Creation,105058,0.0,Avoid Loan
42,2299696,135304,349271,No,0,421,Beginner,Medium,4,Business,5,Education,56337,0.0,Avoid Loan
40,2227955,81586,271767,No,0,727,Intermediate,High,0,Business,1,Wealth Creation,104076,0.0,Save
37,2229134,78961,2345107,No,0,886,Expert,Medium,2,Self-Employed,1,Education,106800,0.0,Save
34,1268453,92681,2050090,Yes,1638017,614,Beginner,Low,1,Business,5,House,13023,1.29,Avoid Loan
25,679422,36467,2354702,Yes,1706676,608,Intermediate,Medium,5,Self-Employed,4,Wealth Creation,20151,2.51,Avoid Loan
52,2490251,74370,2290718,No,0,708,Beginner,Low,0,Self-Employed,12,House,133150,0.0,Save
31,2431966,129947,1895306,Yes,1832781,589,Beginner,Medium,5,Self-Employed,6,Retirement,72716,0.75,Avoid Loan
21,1498590,88171,1119692,No,0,503,Expert,High,2,Salaried,1,Education,36711,0.0,Avoid Loan
34,2566456,16258,109802,Yes,2497268,509,Intermediate,Low,1,Salaried,6,Retirement,197613,0.97,Avoid Loan
39,2676134,48404,1528358,Yes,2049408,378,Intermediate,Medium,1,Self-Employed,1,Retirement,174607,0.77,Avoid Loan
37,2400531,38176,704220,Yes,2032435,603,Beginner,Low,4,Self-Employed,8,Wealth Creation,161868,0.85,Avoid Loan
23,2060994,42764,2178167,Yes,2263716,595,Beginner,Medium,1,Self-Employed,12,House,128985,1.1,Avoid Loan
38,1620787,63356,1001124,No,0,670,Intermediate,High,5,Business,11,Retirement,71709,0.0,Save
22,367894,17481,429859,Yes,2302404,472,Beginner,Medium,4,Self-Employed,9,House,13176,6.26,Avoid Loan
46,656152,44935,787132,Yes,2488139,851,Beginner,Low,3,Business,4,Education,9744,3.79,Avoid Loan
26,474688,25937,1920709,No,0,700,Intermediate,Medium,2,Salaried,11,House,13620,0.0,Save
42,2169222,63210,1380233,No,0,739,Intermediate,Medium,4,Self-Employed,8,Wealth Creation,117558,0.0,Invest
36,890461,30757,480252,No,0,387,Beginner,High,0,Business,8,Retirement,43448,0.0,Avoid Loan
31,777667,49320,1521292,Yes,1789606,792,Intermediate,Medium,4,Self-Employed,0,House,15485,2.3,Avoid Loan
53,1125035,40573,2237411,No,0,817,Beginner,Medium,5,Self-Employed,8,Education,53179,0.0,Invest
48,1686193,97762,1502665,No,0,675,Beginner,Medium,4,Self-Employed,1,Retirement,42754,0.0,Save
38,1678406,100412,1063418,Yes,1295407,452,Beginner,High,4,Salaried,6,Retirement,39455,0.77,Avoid Loan
31,1753258,23681,600736,Yes,546517,536,Expert,Medium,0,Business,12,Wealth Creation,122423,0.31,Avoid Loan
22,1907481,99772,116485,No,0,388,Beginner,High,2,Salaried,10,Wealth Creation,59184,0.0,Avoid Loan
39,2501196,75046,525865,No,0,624,Beginner,Low,0,Salaried,4,Education,133387,0.0,Save
59,2427198,58898,996732,Yes,1637619,381,Beginner,Medium,2,Self-Employed,1,Wealth Creation,143368,0.67,Avoid Loan
45,360144,25619,694016,No,0,395,Beginner,Low,2,Business,12,House,4393,0.0,Avoid Loan
41,2715818,199565,560247,Yes,1690991,890,Intermediate,High,3,Self-Employed,8,Retirement,26753,0.62,Avoid Loan
35,1825930,39465,1319485,No,0,354,Beginner,Medium,0,Salaried,0,Education,112695,0.0,Avoid Loan
26,580941,42534,468902,Yes,2400479,526,Expert,Low,0,Salaried,9,Wealth Creation,5877,4.13,Avoid Loan
47,1241512,63647,674601,No,0,411,Beginner,High,5,Salaried,4,Retirement,39812,0.0,Avoid Loan
29,1649775,49061,759146,No,0,416,Beginner,High,1,Self-Employed,2,Retirement,88420,0.0,Avoid Loan
60,1040434,56420,1635766,No,0,499,Beginner,Low,4,Salaried,12,Education,30282,0.0,Avoid Loan
56,552986,17782,143611,Yes,1118461,757,Beginner,High,4,Self-Employed,7,House,28300,2.02,Avoid Loan
47,942419,41280,1155564,No,0,410,Expert,Low,0,Self-Employed,6,House,37254,0.0,Avoid Loan
32,2086052,106541,744890,No,0,379,Intermediate,Low,2,Self-Employed,2,Wealth Creation,67296,0.0,Avoid Loan
52,2007757,119776,1869790,No,0,463,Expert,Medium,1,Business,7,Education,47537,0.0,Avoid Loan
46,2779188,158333,2267374,Yes,1344847,585,Intermediate,Medium,2,Salaried,7,Retirement,73266,0.48,Avoid Loan
23,405807,28334,2120269,Yes,1355971,622,Beginner,High,3,Business,12,Education,5483,3.34,Avoid Loan
29,2411091,33776,2343880,Yes,2072509,671,Expert,Medium,4,Salaried,2,Wealth Creation,167148,0.86,Avoid Loan
48,2189719,33552,1281183,No,0,811,Beginner,High,4,Salaried,7,Retirement,148924,0.0,Invest
30,2929050,110022,2024314,Yes,1029842,787,Beginner,High,0,Salaried,6,Education,134065,0.35,Save
57,349363,18159,1116957,No,0,799,Beginner,Medium,2,Business,1,House,10954,0.0,Save
48,638398,39638,2239829,Yes,663804,690,Intermediate,Medium,3,Business,0,Wealth Creation,13561,1.04,Avoid Loan
52,1303872,64711,686248,Yes,1080899,790,Beginner,High,3,Salaried,0,Wealth Creation,43945,0.83,Avoid Loan
57,648420,22623,2059407,Yes,127216,441,Expert,Low,2,Self-Employed,4,Retirement,31412,0.2,Avoid Loan
38,2651230,117129,988572,Yes,1768792,564,Expert,Medium,1,Self-Employed,0,House,103806,0.67,Avoid Loan
25,2979368,184441,2250085,No,0,605,Expert,Low,3,Salaried,2,House,63839,0.0,Save
51,1417987,69577,2219211,No,0,574,Intermediate,Low,1,Salaried,5,Wealth Creation,48588,0.0,Avoid Loan
58,2299857,73143,2435164,No,0,827,Beginner,High,1,Self-Employed,3,Retirement,118511,0.0,Save
24,2043609,92418,492523,No,0,351,Expert,Medium,2,Business,6,Education,77882,0.0,Avoid Loan
47,1971338,141870,1095781,No,0,500,Expert,Low,4,Business,8,Wealth Creation,22408,0.0,Avoid Loan
29,2497873,118008,1266250,No,0,448,Beginner,Medium,1,Salaried,12,Education,90148,0.0,Avoid Loan
35,1927120,67831,2040945,Yes,1073033,861,Intermediate,High,1,Salaried,4,House,92762,0.56,Avoid Loan
42,1718292,101608,106625,No,0,456,Intermediate,High,0,Business,10,Wealth Creation,41583,0.0,Avoid Loan
31,653133,27913,388782,Yes,893513,897,Beginner,High,4,Business,0,House,26514,1.37,Avoid Loan
47,548782,29212,2295295,Yes,1093525,516,Expert,Medium,3,Business,11,House,16519,1.99,Avoid Loan
31,2157660,81450,660024,No,0,726,Intermediate,High,3,Business,1,House,98355,0.0,Save
29,575306,19800,1642226,Yes,2110809,642,Beginner,Medium,5,Self-Employed,9,House,28142,3.67,Avoid Loan
43,1019227,51110,1318329,Yes,613442,553,Expert,Low,3,Salaried,4,Education,33825,0.6,Avoid Loan
39,1910363,125463,1574151,Yes,405262,492,Intermediate,Medium,5,Salaried,9,Education,33733,0.21,Avoid Loan
57,2808317,46241,303002,No,0,453,Intermediate,Medium,4,Self-Employed,9,Wealth Creation,187785,0.0,Avoid Loan
40,2204023,100495,2255931,No,0,619,Intermediate,High,3,Salaried,12,Wealth Creation,83173,0.0,Save
26,854131,18343,219661,Yes,781965,815,Beginner,Medium,4,Self-Employed,1,Wealth Creation,52834,0.92,Avoid Loan
45,1648949,58418,1025944,Yes,1001793,552,Intermediate,High,2,Business,1,Retirement,78994,0.61,Avoid Loan
33,1026316,57969,1130134,No,0,623,Intermediate,High,0,Business,5,Retirement,27557,0.0,Save
46,731583,23457,2357797,No,0,696,Expert,Medium,4,Business,9,Wealth Creation,37508,0.0,Save
54,1862511,46449,800165,Yes,1740626,569,Intermediate,Low,2,Self-Employed,10,Wealth Creation,108760,0.93,Avoid Loan
34,2571153,129273,1838749,Yes,465625,853,Intermediate,Low,0,Business,10,Retirement,84989,0.18,Invest
35,1949589,75855,237140,No,0,479,Expert,Low,4,Self-Employed,3,Wealth Creation,86610,0.0,Avoid Loan
38,2150142,104202,167645,Yes,2229864,357,Expert,Low,0,Salaried,11,House,74976,1.04,Avoid Loan
37,1509932,52942,1330298,Yes,693766,623,Expert,High,0,Business,0,House,72885,0.46,Avoid Loan
57,2634384,37476,531798,No,0,577,Expert,Low,2,Self-Employed,3,Wealth Creation,182056,0.0,Avoid Loan
54,1475459,20320,46498,Yes,1624921,684,Beginner,Medium,4,Self-Employed,3,Wealth Creation,102634,1.1,Avoid Loan
54,1657893,94962,1249095,Yes,2024573,804,Beginner,Low,1,Self-Employed,5,Retirement,43195,1.22,Avoid Loan
29,2691150,98857,2013932,Yes,2082302,386,Beginner,Medium,5,Salaried,5,Education,125405,0.77,Avoid Loan
23,261650,18463,1294344,No,0,429,Expert,Medium,3,Salaried,11,House,3341,0.0,Avoid Loan
59,1012397,75707,1909222,No,0,885,Beginner,Low,4,Business,7,Wealth Creation,8659,0.0,Save
30,2227370,69653,995441,Yes,1465970,612,Intermediate,Low,3,Self-Employed,4,Retirement,115961,0.66,Avoid Loan
43,875342,22645,172886,Yes,999498,376,Intermediate,High,3,Business,0,Education,50300,1.14,Avoid Loan
21,1844370,39188,1303426,No,0,569,Beginner,Low,5,Self-Employed,8,House,114509,0.0,Avoid Loan
44,1638860,16622,1549775,No,0,526,Expert,Medium,0,Salaried,11,Wealth Creation,119949,0.0,Avoid Loan
49,2554326,177584,1428559,No,0,439,Intermediate,Medium,4,Self-Employed,8,Retirement,35276,0.0,Avoid Loan
45,1807088,42729,1313341,Yes,238416,737,Intermediate,Medium,2,Self-Employed,7,House,107861,0.13,Invest
26,1677432,96334,1013290,No,0,778,Expert,Low,1,Business,5,Retirement,43452,0.0,Save
44,563122,21605,1719497,No,0,882,Intermediate,Low,5,Business,4,Wealth Creation,25321,0.0,Save
60,465959,29057,784215,Yes,1601663,880,Intermediate,High,5,Business,6,Education,9772,3.44,Avoid Loan
39,2536517,20211,768049,No,0,594,Beginner,High,0,Self-Employed,12,Retirement,191165,0.0,Avoid Loan
24,1927875,15922,1563046,No,0,747,Beginner,Medium,5,Business,0,Education,144734,0.0,Save
33,423006,23812,279563,No,0,785,Beginner,Low,2,Salaried,8,Wealth Creation,11438,0.0,Save
27,2593378,103514,712539,No,0,731,Intermediate,Medium,1,Self-Employed,10,Education,112600,0.0,Invest
37,2964195,89857,1550617,Yes,1170352,866,Beginner,Low,5,Business,4,House,157159,0.39,Save
27,315256,17117,776523,No,0,770,Beginner,Low,2,Salaried,8,Education,9154,0.0,Save
22,636673,35042,2204315,No,0,598,Beginner,Medium,2,Business,6,Wealth Creation,18014,0.0,Avoid Loan
48,2688707,86091,2131455,No,0,797,Intermediate,High,1,Self-Employed,11,House,137967,0.0,Invest
29,575001,18274,513773,Yes,1717494,500,Intermediate,Medium,5,Business,8,Education,29642,2.99,Avoid Loan
47,2234267,65949,1607936,Yes,1593037,460,Beginner,Medium,2,Business,6,Education,120239,0.71,Avoid Loan
24,536763,35824,748812,No,0,798,Beginner,Medium,3,Salaried,4,Retirement,8906,0.0,Save
34,2200448,23252,1627785,No,0,423,Beginner,Low,3,Self-Employed,4,House,160118,0.0,Avoid Loan
27,466753,15998,759918,No,0,609,Beginner,Low,4,Salaried,5,Wealth Creation,22898,0.0,Save
40,2577853,80816,938461,Yes,1901862,781,Beginner,High,4,Business,4,Retirement,134005,0.74,Avoid Loan
23,2249604,123972,1017633,No,0,570,Intermediate,High,4,Business,12,Wealth Creation,63495,0.0,Avoid Loan
30,2749067,63211,2203147,No,0,536,Intermediate,Medium,1,Self-Employed,9,House,165877,0.0,Avoid Loan
32,2088655,127390,1175975,No,0,653,Beginner,Medium,3,Self-Employed,2,Retirement,46664,0.0,Save
46,928372,62511,2203088,Yes,914696,517,Beginner,High,2,Business,4,House,14853,0.99,Avoid Loan
22,2193377,25343,57151,Yes,1781551,401,Beginner,Medium,5,Self-Employed,8,Retirement,157438,0.81,Avoid Loan
49,2954016,183227,2220671,No,0,629,Beginner,High,0,Self-Employed,10,House,62941,0.0,Save
56,563997,35185,2227861,Yes,1251860,475,Expert,Medium,1,Self-Employed,2,House,11814,2.22,Avoid Loan
27,1285304,27491,2281462,Yes,1990826,607,Intermediate,Medium,3,Business,10,Education,79617,1.55,Avoid Loan
45,253146,15388,2036572,No,0,465,Intermediate,Low,2,Self-Employed,3,Retirement,5707,0.0,Avoid Loan
49,2139343,155873,580490,No,0,879,Expert,Low,4,Salaried,8,Retirement,22405,0.0,Save
30,2405348,31910,526875,Yes,1030352,534,Beginner,Medium,0,Self-Employed,10,Wealth Creation,168535,0.43,Avoid Loan
60,436211,24007,130845,No,0,676,Intermediate,High,3,Self-Employed,0,Retirement,12343,0.0,Save
44,1511958,42969,47461,No,0,591,Intermediate,Low,0,Business,3,Wealth Creation,83027,0.0,Avoid Loan
54,2633466,135764,48985,Yes,1936672,637,Expert,High,4,Business,6,Education,83691,0.74,Avoid Loan
33,1072654,70386,296820,Yes,2144076,558,Beginner,Medium,0,Self-Employed,9,House,19001,2.0,Avoid Loan
27,2670893,100647,909105,Yes,438120,366,Beginner,Medium,2,Salaried,5,Retirement,121927,0.16,Avoid Loan
26,400161,16827,685694,No,0,705,Beginner,High,2,Salaried,7,Education,16519,0.0,Save
40,1851177,105570,1095684,Yes,1715171,881,Intermediate,Low,1,Salaried,10,Wealth Creation,48694,0.93,Avoid Loan
37,2853901,204922,2261489,No,0,880,Beginner,Medium,1,Salaried,2,Retirement,32903,0.0,Save
33,2291455,162583,1994621,No,0,397,Intermediate,Medium,1,Business,10,Education,28371,0.0,Avoid Loan
50,2032455,102430,2026081,Yes,2404687,899,Expert,Low,1,Business,7,Retirement,66941,1.18,Avoid Loan
46,2740120,138331,1340869,Yes,184406,446,Intermediate,Low,1,Salaried,3,House,90012,0.07,Avoid Loan
25,2801604,91365,1086012,No,0,769,Beginner,Low,2,Salaried,4,Wealth Creation,142102,0.0,Save
44,1757530,38837,603526,No,0,848,Beginner,Low,3,Business,8,Education,107623,0.0,Invest
60,1777172,39186,2227687,Yes,2001406,480,Beginner,High,5,Self-Employed,6,Retirement,108911,1.13,Avoid Loan
56,1826331,121160,1523585,Yes,188010,775,Beginner,Medium,1,Salaried,3,Retirement,31034,0.1,Save
60,2450223,30500,1393893,No,0,690,Intermediate,Low,5,Self-Employed,11,Wealth Creation,173685,0.0,Save
54,2460290,130590,1971198,No,0,889,Beginner,Medium,5,Salaried,9,Wealth Creation,74434,0.0,Invest
36,788801,49234,2415146,Yes,1061338,664,Intermediate,Medium,3,Business,11,Retirement,16499,1.35,Avoid Loan
49,1784697,69907,1570648,Yes,398069,804,Beginner,Medium,0,Business,12,Retirement,78817,0.22,Invest
42,2057415,61319,822640,No,0,441,Beginner,Low,5,Business,7,Retirement,110132,0.0,Avoid Loan
30,1967010,62284,742953,No,0,746,Beginner,Low,0,Business,11,Retirement,101633,0.0,Invest
47,1603986,118467,1661460,No,0,696,Expert,Medium,2,Salaried,0,House,15198,0.0,Save
56,2786295,83358,1035579,Yes,1823823,546,Intermediate,Medium,2,Salaried,11,Retirement,148833,0.65,Avoid Loan
50,1210331,27383,933102,No,0,638,Intermediate,Medium,5,Business,7,Wealth Creation,73477,0.0,Save
59,1529204,84290,274739,No,0,471,Expert,High,0,Business,9,Wealth Creation,43143,0.0,Avoid Loan
40,2583476,77508,138122,No,0,789,Beginner,High,1,Self-Employed,7,Education,137781,0.0,Save
47,1367776,54591,452144,Yes,1326122,522,Intermediate,High,2,Business,2,Education,59390,0.97,Avoid Loan
28,1699971,75102,1228742,No,0,604,Intermediate,Low,3,Business,5,Retirement,66562,0.0,Save
23,1598603,110494,1576092,No,0,448,Beginner,Medium,2,Business,7,Wealth Creation,22722,0.0,Avoid Loan
25,717326,33235,1209384,Yes,2087546,791,Beginner,High,4,Business,8,Retirement,26542,2.91,Avoid Loan
34,799852,18091,1669313,No,0,796,Intermediate,Low,5,Salaried,8,Retirement,48563,0.0,Invest
48,1495569,96323,848203,No,0,503,Expert,Low,0,Salaried,2,Education,28307,0.0,Avoid Loan
46,789798,22050,1150944,Yes,1946542,833,Expert,High,5,Salaried,4,House,43766,2.46,Avoid Loan
27,607218,31502,2475724,Yes,218012,451,Beginner,Medium,4,Business,2,Retirement,19099,0.36,Avoid Loan
22,1675467,50786,1009368,No,0,511,Beginner,High,5,Salaried,8,House,88836,0.0,Avoid Loan
59,2233434,105062,898117,Yes,1784856,422,Beginner,Low,0,Business,1,House,81057,0.8,Avoid Loan
59,2500291,146602,1093807,No,0,730,Beginner,Low,1,Business,12,Education,61755,0.0,Invest
36,999290,16836,995800,No,0,552,Intermediate,Medium,5,Self-Employed,4,House,66438,0.0,Avoid Loan
24,2371827,99048,1561669,Yes,321812,458,Intermediate,High,5,Business,5,Retirement,98604,0.14,Avoid Loan
43,1615094,20546,128841,Yes,1918543,814,Intermediate,Medium,2,Salaried,4,Wealth Creation,114045,1.19,Avoid Loan
32,2635236,94398,393017,No,0,745,Beginner,Low,0,Salaried,1,Education,125205,0.0,Save
26,2599834,184505,2402132,No,0,790,Beginner,Medium,0,Salaried,1,House,32147,0.0,Save
56,1390781,36466,957460,No,0,447,Expert,Medium,0,Self-Employed,8,House,79432,0.0,Avoid Loan
23,2768070,185862,1265219,Yes,720728,610,Beginner,High,4,Business,4,Retirement,44810,0.26,Save
53,304301,15529,2226758,No,0,785,Intermediate,Medium,0,Self-Employed,1,Education,9829,0.0,Save
36,927541,33621,300490,No,0,623,Beginner,Low,1,Business,3,House,43674,0.0,Save
50,2183607,120362,1943412,Yes,1400139,540,Expert,High,5,Business,12,House,61605,0.64,Avoid Loan
43,1050227,39176,1930090,No,0,518,Intermediate,Low,4,Business,0,Retirement,48342,0.0,Avoid Loan
24,2665321,83246,1311662,No,0,804,Expert,Medium,3,Self-Employed,10,Wealth Creation,138864,0.0,Invest
58,2730569,133107,1359242,No,0,566,Beginner,Medium,5,Self-Employed,7,Wealth Creation,94440,0.0,Avoid Loan
38,1648102,108077,1230193,Yes,1306177,698,Intermediate,Medium,2,Salaried,8,Retirement,29264,0.79,Avoid Loan
41,2101133,28056,773212,Yes,1520963,807,Intermediate,High,1,Business,2,Wealth Creation,147038,0.72,Avoid Loan
49,2899721,118719,2216162,Yes,1161477,678,Beginner,Low,1,Self-Employed,5,Wealth Creation,122924,0.4,Save
60,275485,19058,2408971,No,0,507,Expert,Medium,0,Salaried,2,Wealth Creation,3899,0.0,Avoid Loan
31,1258666,90375,685130,Yes,1480060,654,Beginner,High,5,Business,11,Wealth Creation,14513,1.18,Avoid Loan
33,2611728,89603,1074669,No,0,602,Intermediate,Medium,0,Business,10,Education,128041,0.0,Save
42,654943,45955,1141709,Yes,1764514,720,Intermediate,High,4,Salaried,8,Retirement,8623,2.69,Avoid Loan
37,1591736,24454,1053541,No,0,872,Expert,High,2,Salaried,8,Education,108190,0.0,Invest
27,1232617,25311,630014,No,0,584,Beginner,Low,2,Salaried,8,Retirement,77407,0.0,Avoid Loan
38,827652,25257,1160123,No,0,872,Beginner,Medium,2,Self-Employed,4,Wealth Creation,43714,0.0,Save
34,2960398,26846,2286883,Yes,2004582,645,Beginner,Low,3,Self-Employed,11,Wealth Creation,219853,0.68,Avoid Loan
48,1714664,120211,1275138,No,0,680,Beginner,Medium,1,Salaried,8,Retirement,22677,0.0,Save
21,513660,19099,1437851,Yes,278605,858,Intermediate,Medium,3,Self-Employed,3,Education,23706,0.54,Avoid Loan
41,782575,43790,1159511,No,0,406,Intermediate,High,5,Salaried,5,Wealth Creation,21424,0.0,Avoid Loan
41,2026063,22520,2058980,Yes,2422578,860,Beginner,High,0,Self-Employed,4,House,146318,1.2,Avoid Loan
21,1017912,49415,1314544,Yes,64273,697,Intermediate,Low,4,Self-Employed,10,Retirement,35411,0.06,Save
33,1691365,105448,198900,No,0,451,Beginner,Low,1,Self-Employed,7,Education,35499,0.0,Avoid Loan
51,974777,34510,1735344,Yes,1839504,369,Beginner,Low,3,Salaried,10,Wealth Creation,46721,1.89,Avoid Loan
54,2329139,83227,2135252,Yes,2062111,776,Expert,Medium,5,Salaried,11,House,110867,0.89,Avoid Loan
28,2902711,174714,431846,Yes,951167,592,Beginner,Low,1,Self-Employed,11,House,67178,0.33,Avoid Loan
57,955516,71377,2127202,Yes,674333,439,Expert,Low,4,Business,9,Retirement,8249,0.71,Avoid Loan
49,1611301,83243,1988784,Yes,1340483,857,Expert,Low,5,Self-Employed,3,House,51032,0.83,Avoid Loan
29,1600393,46454,755191,Yes,1584442,886,Intermediate,Medium,4,Self-Employed,12,Education,86912,0.99,Avoid Loan
39,2806166,73340,2343539,Yes,2413513,864,Beginner,High,5,Self-Employed,6,Wealth Creation,160507,0.86,Avoid Loan
55,1587337,105715,2318399,No,0,702,Expert,Medium,1,Salaried,3,Retirement,26563,0.0,Save
31,836816,58455,1391666,Yes,1495998,697,Intermediate,High,1,Salaried,1,House,11279,1.79,Avoid Loan
54,1278849,77555,2453932,No,0,679,Intermediate,Low,5,Business,10,Retirement,29015,0.0,Save
60,1875383,86738,725330,No,0,511,Beginner,High,1,Salaried,11,House,69543,0.0,Avoid Loan
41,2649673,16469,969159,No,0,834,Beginner,High,4,Self-Employed,3,Retirement,204337,0.0,Save
43,277511,20806,1057471,No,0,521,Beginner,High,5,Business,2,House,2319,0.0,Avoid Loan
44,2112034,102141,2446376,Yes,642515,497,Beginner,Medium,1,Business,0,Retirement,73861,0.3,Avoid Loan
41,423731,22078,1638885,Yes,811694,899,Beginner,Low,5,Business,11,Wealth Creation,13232,1.92,Avoid Loan
38,723585,49900,1845762,Yes,1682140,471,Beginner,Low,2,Self-Employed,2,House,10398,2.32,Avoid Loan
57,996633,33843,2482367,Yes,1467984,812,Beginner,Medium,2,Business,2,Wealth Creation,49209,1.47,Avoid Loan
28,1698244,57646,378102,Yes,510358,754,Beginner,Medium,2,Salaried,12,Wealth Creation,83874,0.3,Save
33,1323269,65854,39667,Yes,2443330,526,Beginner,High,1,Salaried,1,Wealth Creation,44418,1.85,Avoid Loan
23,2026754,32516,1946255,Yes,391496,857,Intermediate,Medium,1,Business,3,House,136380,0.19,Save
33,522075,23365,759799,Yes,842339,365,Expert,Medium,4,Salaried,4,Education,20141,1.61,Avoid Loan
55,865613,63880,1975442,Yes,2017599,380,Beginner,High,3,Salaried,2,Education,8254,2.33,Avoid Loan
27,2643399,135616,1342776,Yes,979640,800,Beginner,Medium,1,Salaried,11,Retirement,84667,0.37,Save
23,2299789,71124,1664673,Yes,118952,540,Beginner,Medium,1,Self-Employed,9,Education,120525,0.05,Avoid Loan
34,2175843,106034,2131277,Yes,1472880,438,Beginner,Low,3,Self-Employed,9,House,75286,0.68,Avoid Loan
47,1607789,45996,720304,No,0,736,Intermediate,Low,1,Salaried,7,Wealth Creation,87986,0.0,Invest
23,930086,60362,1674897,No,0,556,Expert,Medium,2,Business,0,Education,17145,0.0,Avoid Loan
32,2325299,35132,26327,No,0,818,Expert,Medium,3,Self-Employed,7,Education,158642,0.0,Avoid Loan
50,1739499,66232,2101069,No,0,638,Intermediate,Low,4,Self-Employed,3,Retirement,78726,0.0,Save
22,2584989,167323,236232,No,0,432,Beginner,Medium,1,Business,0,Education,48092,0.0,Avoid Loan
31,1652214,98288,2040930,No,0,573,Beginner,Medium,2,Salaried,3,House,39396,0.0,Avoid Loan
34,1682135,18386,210558,No,0,717,Beginner,Medium,1,Business,12,Wealth Creation,121791,0.0,Save
41,984211,36582,1420531,No,0,655,Beginner,Medium,3,Business,9,Education,45435,0.0,Save
28,1739023,45309,234766,Yes,1886812,649,Intermediate,Low,4,Business,10,House,99609,1.08,Avoid Loan
38,1599942,27837,1789046,Yes,744504,692,Intermediate,High,4,Business,5,Retirement,105491,0.47,Avoid Loan
42,2805908,68243,1777873,No,0,546,Beginner,Medium,3,Self-Employed,11,Retirement,165582,0.0,Avoid Loan
33,1110168,80601,1700117,No,0,487,Expert,Medium,0,Self-Employed,0,Education,11913,0.0,Avoid Loan
56,908426,32952,1601053,No,0,363,Intermediate,Low,3,Business,8,Wealth Creation,42750,0.0,Avoid Loan
24,2602928,164154,2430009,Yes,1459265,421,Intermediate,High,3,Business,0,Wealth Creation,52756,0.56,Avoid Loan
44,262041,18861,2064627,Yes,554642,596,Expert,Low,2,Self-Employed,6,Wealth Creation,2975,2.12,Avoid Loan
34,2632546,88816,1858168,Yes,807803,735,Beginner,Low,4,Salaried,4,Retirement,130562,0.31,Save
47,1961057,109259,1485875,Yes,1606220,410,Expert,Low,5,Self-Employed,5,Wealth Creation,54162,0.82,Avoid Loan
55,599105,20170,2261244,Yes,1439269,481,Beginner,Low,4,Salaried,9,House,29755,2.4,Avoid Loan
51,2534768,62815,1512028,Yes,891885,492,Beginner,Low,4,Self-Employed,5,Retirement,148415,0.35,Avoid Loan
32,800266,26646,2396507,Yes,1118885,857,Beginner,Low,2,Self-Employed,2,House,40042,1.4,Avoid Loan
49,2329424,150333,1786847,Yes,466220,817,Expert,High,3,Salaried,5,Wealth Creation,43785,0.2,Save
50,2886172,27108,777172,Yes,1732149,520,Intermediate,Low,4,Business,0,House,213406,0.6,Avoid Loan
44,2874723,119474,1746126,Yes,1325676,690,Intermediate,Low,3,Salaried,9,House,120086,0.46,Avoid Loan
41,1305975,60072,282500,No,0,842,Beginner,Low,3,Business,2,Education,48759,0.0,Save
57,2494232,90676,507613,No,0,580,Intermediate,Low,1,Self-Employed,12,Retirement,117176,0.0,Avoid Loan
59,2677924,46046,111342,Yes,75828,638,Beginner,Medium,3,Business,12,Wealth Creation,177114,0.03,Save
42,2768653,49090,2461042,Yes,275120,441,Intermediate,High,4,Self-Employed,3,Retirement,181631,0.1,Avoid Loan
54,2762909,204878,714465,No,0,555,Intermediate,Medium,1,Self-Employed,3,Wealth Creation,25364,0.0,Avoid Loan
26,1940000,33709,664859,No,0,728,Beginner,Low,1,Business,12,Education,127957,0.0,Invest
43,615150,34533,511640,Yes,2136661,354,Beginner,Medium,5,Self-Employed,1,Education,16729,3.47,Avoid Loan
45,1424176,64464,1270588,Yes,534282,574,Beginner,Low,4,Business,2,House,54217,0.38,Avoid Loan
56,2002097,114028,232002,Yes,1772359,788,Intermediate,Low,0,Salaried,11,House,52813,0.89,Avoid Loan
21,1795590,117290,715584,Yes,1530358,744,Expert,Low,3,Self-Employed,5,House,32342,0.85,Avoid Loan
53,1254966,89484,2405758,Yes,740600,669,Beginner,Medium,2,Self-Employed,11,Wealth Creation,15096,0.59,Avoid Loan
36,1386057,66802,530201,Yes,942904,618,Beginner,Low,3,Salaried,12,Wealth Creation,48702,0.68,Avoid Loan
29,2901962,53681,435465,No,0,832,Intermediate,High,4,Self-Employed,7,Wealth Creation,188149,0.0,Invest
21,661241,17346,1196466,Yes,226533,818,Intermediate,High,2,Business,1,Education,37757,0.34,Save
51,1045021,43415,926401,No,0,619,Beginner,Medium,2,Salaried,11,Retirement,43670,0.0,Save
41,731397,51619,1960945,Yes,1427971,667,Intermediate,Low,2,Self-Employed,7,Retirement,9330,1.95,Avoid Loan
47,849758,48730,1959002,Yes,1671310,712,Beginner,High,3,Salaried,11,Wealth Creation,22083,1.97,Avoid Loan
21,1014657,57200,761093,No,0,411,Beginner,Low,5,Business,2,Wealth Creation,27354,0.0,Avoid Loan
58,672637,40161,369634,Yes,700664,751,Intermediate,Low,0,Business,12,Wealth Creation,15892,1.04,Avoid Loan
40,1821039,65892,2369705,Yes,55455,655,Intermediate,Low,3,Self-Employed,7,House,85861,0.03,Save
44,2577508,154180,1906941,Yes,125315,610,Intermediate,Low,0,Salaried,8,House,60612,0.05,Save
48,2188780,78379,1808683,No,0,418,Intermediate,Low,1,Salaried,11,House,104019,0.0,Avoid Loan
24,1560712,55082,460170,No,0,895,Intermediate,Low,3,Business,9,Wealth Creation,74977,0.0,Invest
25,1148321,21094,1858001,Yes,2242749,831,Intermediate,Medium,4,Salaried,6,Wealth Creation,74599,1.95,Avoid Loan
24,2324486,52837,2199126,Yes,1370257,865,Intermediate,Medium,2,Self-Employed,11,Retirement,140870,0.59,Avoid Loan
24,2280205,140764,1145502,Yes,958187,411,Beginner,High,5,Business,11,House,49253,0.42,Avoid Loan
57,2715027,104442,192994,Yes,2207069,566,Intermediate,Low,4,Salaried,0,Retirement,121810,0.81,Avoid Loan
39,747011,21873,580415,No,0,524,Beginner,High,1,Salaried,3,Retirement,40377,0.0,Avoid Loan
59,2930268,64373,2239496,No,0,828,Beginner,Medium,3,Self-Employed,0,Retirement,179816,0.0,Save
27,2746385,34012,824529,Yes,2157285,628,Beginner,High,4,Salaried,12,Education,194853,0.79,Avoid Loan
28,2826883,119152,285125,Yes,494441,788,Intermediate,Low,5,Salaried,12,House,116421,0.17,Save
60,1421071,77972,851502,Yes,703962,406,Beginner,Low,3,Self-Employed,5,Wealth Creation,40450,0.5,Avoid Loan
40,745944,43600,2309926,Yes,2042813,419,Beginner,Medium,1,Self-Employed,2,House,18562,2.74,Avoid Loan
44,2053884,34558,2328099,No,0,590,Beginner,Low,1,Salaried,4,House,136599,0.0,Avoid Loan
22,2626642,20883,983662,Yes,1049695,646,Beginner,High,0,Business,12,Wealth Creation,198003,0.4,Save
49,1263224,63235,782219,No,0,350,Intermediate,Medium,2,Self-Employed,7,Wealth Creation,42033,0.0,Avoid Loan
44,2112387,138600,1630187,No,0,856,Expert,Medium,2,Self-Employed,12,Education,37432,0.0,Invest
26,1656142,77280,1043666,No,0,471,Beginner,Low,2,Self-Employed,9,Education,60731,0.0,Avoid Loan
46,1430554,28832,1997084,No,0,684,Expert,Low,2,Salaried,2,Wealth Creation,90380,0.0,Save
37,749568,38586,530408,Yes,330787,512,Intermediate,High,4,Business,12,Education,23878,0.44,Avoid Loan
22,1376892,26199,137847,No,0,809,Intermediate,High,4,Business,0,House,88542,0.0,Save
56,2977006,21833,1372287,Yes,1221404,760,Intermediate,High,1,Business,1,Education,226250,0.41,Save
57,1867277,29136,1078953,Yes,636955,371,Beginner,Low,4,Self-Employed,9,Retirement,126470,0.34,Avoid Loan
38,1312096,96936,1712936,Yes,1811732,631,Intermediate,Low,3,Business,0,Wealth Creation,12405,1.38,Avoid Loan
25,842513,48081,1144732,Yes,374986,551,Intermediate,High,1,Self-Employed,4,Wealth Creation,22128,0.45,Avoid Loan
49,2670287,30871,1034452,No,0,889,Expert,Low,5,Salaried,8,House,191652,0.0,Invest
29,2345127,79851,308786,No,0,870,Intermediate,High,5,Salaried,12,Retirement,115576,0.0,Invest
49,2087999,96027,804776,Yes,360486,769,Intermediate,Medium,5,Self-Employed,9,Education,77972,0.17,Invest
43,2352171,30739,1899598,No,0,494,Intermediate,High,1,Business,12,House,165275,0.0,Avoid Loan
56,2378743,134506,1385936,Yes,1677569,405,Expert,High,2,Business,3,Education,63722,0.71,Avoid Loan
25,1694943,75979,78376,Yes,50056,709,Beginner,Medium,5,Business,11,Education,65266,0.03,Save
57,1080458,58470,1339480,Yes,2259204,503,Beginner,High,4,Business,5,Education,31568,2.09,Avoid Loan
25,1706148,126214,2280382,Yes,131121,402,Intermediate,High,0,Self-Employed,5,Retirement,15965,0.08,Avoid Loan
40,1071808,46331,1938169,Yes,2297677,520,Beginner,High,0,Self-Employed,11,House,42986,2.14,Avoid Loan
51,1668593,41576,1595424,No,0,428,Expert,Low,2,Business,8,Education,97473,0.0,Avoid Loan
29,419794,24057,1745607,No,0,877,Intermediate,Medium,1,Self-Employed,6,House,10925,0.0,Save
24,2216169,129378,725344,No,0,829,Beginner,Medium,2,Salaried,5,Retirement,55302,0.0,Save
53,2349159,20385,1402745,Yes,1522691,474,Beginner,Low,1,Business,4,Wealth Creation,175378,0.65,Avoid Loan
60,1161861,76423,901202,Yes,2200628,524,Expert,Medium,4,Salaried,12,Retirement,20398,1.89,Avoid Loan
26,1204022,36745,1714744,No,0,746,Expert,Medium,3,Salaried,0,House,63590,0.0,Save
34,2296532,49896,967353,Yes,602065,542,Beginner,High,1,Self-Employed,3,Wealth Creation,141481,0.26,Avoid Loan
59,359486,26220,2412433,No,0,469,Intermediate,Medium,3,Salaried,5,Wealth Creation,3737,0.0,Avoid Loan
38,1391521,20520,2017442,No,0,720,Intermediate,Medium,3,Business,6,House,95440,0.0,Invest
36,1501918,44212,367861,No,0,701,Beginner,Low,3,Business,3,Education,80947,0.0,Save
57,280093,15919,1047509,Yes,2353758,367,Beginner,Medium,3,Business,5,Wealth Creation,7422,8.4,Avoid Loan
44,1063977,46719,527923,No,0,862,Beginner,Medium,3,Self-Employed,4,Retirement,41945,0.0,Save
57,1657762,40831,2117343,Yes,487922,816,Intermediate,Low,0,Self-Employed,1,Retirement,97315,0.29,Save
21,1705190,90738,433587,No,0,594,Beginner,Low,3,Business,1,Education,51361,0.0,Avoid Loan
59,2129006,87288,2447313,Yes,714033,493,Expert,Low,1,Self-Employed,1,Education,90129,0.34,Avoid Loan
59,1953512,142186,1614354,No,0,569,Intermediate,Low,4,Salaried,2,House,20606,0.0,Avoid Loan
44,1883031,79279,1820085,No,0,527,Beginner,Medium,2,Business,0,Retirement,77640,0.0,Avoid Loan
31,1512715,37088,533924,No,0,552,Intermediate,Low,1,Salaried,7,House,88971,0.0,Avoid Loan
47,2065183,53371,1578154,Yes,802784,721,Beginner,Low,5,Self-Employed,12,Education,118727,0.39,Save
51,2245097,43721,413706,Yes,2224169,455,Beginner,Low,2,Business,8,Retirement,143370,0.99,Avoid Loan
37,1097738,20908,2482604,No,0,393,Intermediate,Medium,1,Salaried,3,Wealth Creation,70570,0.0,Avoid Loan
36,1672311,50840,1708840,Yes,253932,495,Beginner,High,1,Salaried,7,Education,88519,0.15,Avoid Loan
50,643298,31339,1301403,No,0,442,Beginner,Medium,5,Salaried,10,Wealth Creation,22269,0.0,Avoid Loan
50,1869438,96217,1229357,Yes,1313603,551,Beginner,Medium,4,Self-Employed,8,Education,59569,0.7,Avoid Loan
47,830647,22776,830097,Yes,1305666,876,Beginner,Medium,1,Salaried,8,House,46444,1.57,Avoid Loan
26,295094,18978,1197176,Yes,2447278,801,Beginner,High,2,Salaried,4,Wealth Creation,5613,8.29,Avoid Loan
53,1687251,83888,1952902,Yes,1922490,395,Expert,High,4,Self-Employed,4,Wealth Creation,56716,1.14,Avoid Loan
53,1670432,118643,1468630,No,0,810,Beginner,Low,5,Self-Employed,1,House,20559,0.0,Save
35,2310384,158310,1966020,No,0,408,Intermediate,Low,1,Business,2,Retirement,34222,0.0,Avoid Loan
43,510763,24568,2233893,No,0,390,Intermediate,High,0,Business,8,House,17995,0.0,Avoid Loan
23,2924244,32937,747125,No,0,656,Expert,Low,2,Business,6,House,210750,0.0,Save
31,818668,19288,2278200,Yes,341334,633,Beginner,High,4,Salaried,0,House,48934,0.42,Save
47,1975403,58766,1894336,No,0,539,Beginner,Medium,0,Salaried,9,Retirement,105850,0.0,Avoid Loan
58,2863897,117062,1695580,Yes,524583,654,Beginner,Medium,0,Salaried,9,House,121596,0.18,Save
36,2521559,159437,2107037,No,0,760,Beginner,Low,1,Salaried,8,Retirement,50692,0.0,Invest
47,1062170,65844,526229,Yes,1363187,641,Expert,High,0,Salaried,9,House,22670,1.28,Avoid Loan
38,1319510,47084,401702,No,0,482,Beginner,Low,1,Salaried,8,Wealth Creation,62875,0.0,Avoid Loan
28,340884,24609,1354451,No,0,780,Expert,Medium,0,Business,7,House,3798,0.0,Save
21,1937094,60063,1171996,Yes,2040081,656,Intermediate,Medium,4,Self-Employed,10,House,101361,1.05,Avoid Loan
43,1223879,58227,1772493,Yes,2287544,885,Expert,Medium,2,Salaried,4,Education,43762,1.87,Avoid Loan
58,999780,48181,362540,No,0,381,Intermediate,Medium,3,Self-Employed,8,Retirement,35134,0.0,Avoid Loan
51,1409004,49858,364873,No,0,376,Intermediate,High,3,Self-Employed,0,Education,67559,0.0,Avoid Loan
60,377427,20879,609490,No,0,889,Beginner,Medium,0,Self-Employed,5,Education,10573,0.0,Save
32,2181346,63876,1514781,Yes,674242,866,Expert,Medium,4,Self-Employed,7,Wealth Creation,117902,0.31,Save
25,1679534,73118,2471274,No,0,721,Expert,Low,0,Self-Employed,12,House,66843,0.0,Invest
41,1494884,109507,2355570,Yes,902152,353,Beginner,Low,2,Salaried,4,Retirement,15066,0.6,Avoid Loan
36,1580618,83604,691405,Yes,231998,446,Beginner,Low,2,Business,7,House,48114,0.15,Avoid Loan
55,862893,39811,321705,Yes,1810952,862,Beginner,High,5,Business,8,Wealth Creation,32096,2.1,Avoid Loan
54,1950735,95994,1894559,Yes,2340593,536,Intermediate,Medium,2,Salaried,11,House,66567,1.2,Avoid Loan
57,524575,16892,2167056,No,0,669,Expert,High,0,Self-Employed,0,Retirement,26822,0.0,Save
41,2201250,96435,247509,Yes,1636695,776,Intermediate,Medium,1,Business,11,Wealth Creation,87002,0.74,Avoid Loan
58,689851,22998,2168079,Yes,1530350,584,Intermediate,High,0,Self-Employed,10,Education,34489,2.22,Avoid Loan
32,2717395,143533,282293,Yes,1434215,676,Beginner,High,1,Business,6,Wealth Creation,82916,0.53,Avoid Loan
21,1554510,64347,1441282,No,0,743,Beginner,High,2,Business,7,Retirement,65195,0.0,Invest
24,2891962,136647,2308697,No,0,475,Beginner,Low,0,Business,12,Wealth Creation,104349,0.0,Avoid Loan
27,496347,28415,875941,Yes,2467229,509,Beginner,Medium,2,Salaried,1,Wealth Creation,12947,4.97,Avoid Loan
49,1335677,94715,1328111,No,0,455,Intermediate,High,3,Salaried,10,House,16591,0.0,Avoid Loan
23,2919086,175625,261791,No,0,840,Beginner,Low,5,Business,5,Education,67632,0.0,Save
41,2954357,207786,1116625,Yes,1623876,659,Intermediate,High,2,Business,5,House,38410,0.55,Avoid Loan
26,885011,58444,1551076,No,0,711,Beginner,High,2,Business,6,Wealth Creation,15306,0.0,Save
51,2348363,70486,172218,Yes,211139,696,Beginner,Low,2,Business,1,House,125210,0.09,Save
52,2702091,66443,412743,Yes,812731,545,Beginner,Medium,5,Self-Employed,5,Retirement,158731,0.3,Avoid Loan
55,985908,65052,2235183,No,0,795,Beginner,Low,1,Business,6,Education,17107,0.0,Save
29,426658,25587,766087,No,0,360,Intermediate,Low,5,Salaried,9,Education,9967,0.0,Avoid Loan
21,2811438,192501,874588,Yes,1173330,814,Intermediate,Medium,0,Self-Employed,4,Wealth Creation,41785,0.42,Save
25,399103,20842,1320915,No,0,362,Intermediate,Low,0,Business,0,Education,12416,0.0,Avoid Loan
30,1855005,122750,747091,Yes,622109,503,Intermediate,High,2,Self-Employed,11,Retirement,31833,0.34,Avoid Loan
22,2227996,63659,823765,Yes,1738211,639,Beginner,Low,1,Business,8,Education,122007,0.78,Avoid Loan
30,969363,37428,1888465,Yes,1740268,445,Beginner,Low,5,Salaried,0,Education,43352,1.8,Avoid Loan
44,2431941,127333,763915,No,0,419,Expert,High,3,Business,7,Retirement,75328,0.0,Avoid Loan
59,424882,22759,586318,Yes,347711,738,Beginner,Low,2,Self-Employed,12,Wealth Creation,12647,0.82,Avoid Loan
42,989823,22931,1316554,Yes,1818935,475,Expert,Medium,0,Business,1,Retirement,59554,1.84,Avoid Loan
55,379066,19636,1299564,No,0,847,Beginner,Medium,1,Business,12,Retirement,11952,0.0,Save
51,2205812,90050,1274351,Yes,1657265,608,Expert,Medium,3,Business,5,Wealth Creation,93767,0.75,Avoid Loan
23,2824276,56036,1750207,Yes,303070,770,Beginner,Low,3,Salaried,10,Wealth Creation,179320,0.11,Invest
38,2706820,160425,1129537,Yes,397593,563,Beginner,Medium,4,Salaried,6,Education,65143,0.15,Avoid Loan
59,1928955,20904,2192776,Yes,1649869,649,Beginner,Medium,0,Self-Employed,8,Education,139842,0.86,Avoid Loan
22,1090332,74134,1656992,No,0,622,Expert,Medium,1,Business,3,Wealth Creation,16727,0.0,Save
24,634375,20822,506834,Yes,1325666,836,Beginner,Medium,2,Business,7,Retirement,32042,2.09,Avoid Loan
44,975256,39414,2121868,No,0,805,Intermediate,High,1,Business,11,Wealth Creation,41857,0.0,Invest
42,2406936,41652,1947958,Yes,1595685,731,Intermediate,Low,4,Business,11,Education,158926,0.66,Avoid Loan
52,1481644,51428,35856,No,0,607,Intermediate,Medium,5,Business,11,Retirement,72042,0.0,Avoid Loan
59,2962694,106395,26263,Yes,2286753,716,Beginner,Low,5,Salaried,6,Retirement,140496,0.77,Avoid Loan
41,1005988,68410,684340,No,0,685,Intermediate,Medium,0,Salaried,7,Education,15422,0.0,Save
40,596695,42697,1834123,Yes,1483509,678,Beginner,Low,2,Self-Employed,4,Education,7027,2.49,Avoid Loan
46,2358014,173227,1319819,Yes,79085,376,Expert,Medium,2,Business,5,House,23274,0.03,Avoid Loan
54,971303,42477,1748303,No,0,715,Intermediate,Medium,5,Self-Employed,11,Wealth Creation,38464,0.0,Save
60,931817,66408,1524916,No,0,763,Intermediate,Low,2,Business,5,Wealth Creation,11243,0.0,Save
32,2337460,127496,2083645,No,0,718,Beginner,Medium,1,Self-Employed,5,House,67292,0.0,Save
41,819901,25017,964260,No,0,436,Intermediate,Low,2,Business,10,Retirement,43308,0.0,Avoid Loan
50,1316804,88884,960555,Yes,1914436,506,Beginner,High,1,Self-Employed,9,Retirement,20849,1.45,Avoid Loan
21,2106460,130035,1349375,No,0,531,Expert,Medium,2,Self-Employed,11,Retirement,45503,0.0,Avoid Loan
25,1200055,29794,2041794,No,0,372,Beginner,Low,5,Salaried,10,Retirement,70210,0.0,Avoid Loan
59,2986687,192703,1443357,No,0,679,Beginner,Medium,2,Self-Employed,6,Wealth Creation,56187,0.0,Save
37,1101447,30246,1146564,Yes,571265,541,Beginner,Medium,0,Salaried,12,Education,61541,0.52,Avoid Loan
31,347217,20940,1485043,Yes,1562177,866,Beginner,Low,1,Self-Employed,6,Wealth Creation,7994,4.5,Avoid Loan
48,477907,19859,669782,Yes,501603,542,Beginner,Medium,2,Salaried,10,Education,19966,1.05,Avoid Loan
35,903641,62154,455020,Yes,522639,369,Beginner,Medium,2,Business,5,Wealth Creation,13149,0.58,Avoid Loan
42,2594150,163988,1789019,Yes,94082,692,Beginner,Medium,4,Business,1,Wealth Creation,52191,0.04,Save
40,1549831,58523,1120956,No,0,533,Beginner,High,2,Salaried,3,House,70629,0.0,Avoid Loan
21,1920884,88460,464765,Yes,119160,882,Intermediate,High,1,Self-Employed,6,House,71613,0.06,Invest
26,2186940,79001,601638,Yes,706231,768,Intermediate,Low,2,Business,6,Retirement,103244,0.32,Save
29,1055020,58848,1493135,Yes,1566085,586,Beginner,Medium,3,Business,9,Wealth Creation,29070,1.48,Avoid Loan
58,1750428,74126,656486,Yes,1723529,826,Beginner,High,0,Salaried,6,Retirement,71743,0.98,Avoid Loan
22,760522,19305,2110926,No,0,891,Intermediate,Low,4,Business,10,Education,44071,0.0,Invest
39,1357261,46286,592160,No,0,536,Intermediate,Low,4,Self-Employed,12,Wealth Creation,66819,0.0,Avoid Loan
29,2518628,52126,930578,No,0,707,Beginner,Medium,2,Self-Employed,9,House,157759,0.0,Save
54,2799036,54417,871137,No,0,560,Beginner,Medium,4,Self-Employed,7,House,178836,0.0,Avoid Loan
45,1167969,83848,1794047,Yes,417239,893,Beginner,Low,3,Salaried,7,House,13482,0.36,Save
53,417900,23648,541886,Yes,1491391,447,Beginner,Low,2,Self-Employed,10,Education,11177,3.57,Avoid Loan
43,733888,33280,230246,Yes,1040630,825,Beginner,Medium,1,Self-Employed,9,House,27877,1.42,Avoid Loan
30,1942905,106516,631353,No,0,701,Intermediate,Low,0,Business,5,House,55392,0.0,Save
59,2484373,146139,1139205,No,0,780,Beginner,Medium,2,Salaried,1,Education,60892,0.0,Save
39,2647898,186376,2245375,No,0,389,Beginner,Low,0,Business,0,House,34282,0.0,Avoid Loan
38,683334,25784,2078989,Yes,651225,674,Expert,Medium,4,Self-Employed,9,Retirement,31160,0.95,Avoid Loan
33,632785,40748,1341429,No,0,838,Intermediate,Medium,3,Self-Employed,9,Retirement,11984,0.0,Save
26,1548886,27491,1951281,Yes,1552514,724,Intermediate,High,2,Salaried,2,House,101582,1.0,Avoid Loan
48,553420,26996,835212,Yes,1811754,379,Beginner,Medium,0,Business,8,Wealth Creation,19122,3.27,Avoid Loan
26,2923898,26065,738885,No,0,533,Expert,Medium,3,Business,7,Education,217593,0.0,Avoid Loan
39,2932664,203500,1073127,Yes,741796,526,Beginner,Low,3,Self-Employed,7,Retirement,40888,0.25,Avoid Loan
40,2376172,173814,155823,No,0,756,Beginner,High,3,Business,3,Wealth Creation,24200,0.0,Save
28,538339,36415,2109215,No,0,629,Expert,High,5,Business,0,House,8446,0.0,Save
53,1854389,91129,1029150,No,0,885,Intermediate,High,5,Self-Employed,8,Education,63403,0.0,Invest
44,1587529,73341,2247530,Yes,907381,754,Beginner,Medium,3,Salaried,1,Education,58953,0.57,Avoid Loan
30,1103742,75040,103756,No,0,792,Intermediate,Medium,0,Self-Employed,1,Education,16938,0.0,Save
35,1850791,45381,1910063,Yes,1826606,378,Expert,Medium,2,Self-Employed,12,House,108851,0.99,Avoid Loan
32,2833150,42280,317186,No,0,506,Intermediate,Medium,4,Business,4,House,193815,0.0,Avoid Loan
59,373583,23913,2114209,No,0,802,Intermediate,Medium,0,Self-Employed,4,Wealth Creation,7218,0.0,Save
29,2704473,41226,2198014,No,0,727,Beginner,High,2,Salaried,9,House,184146,0.0,Invest
54,2990147,187225,780938,No,0,719,Expert,High,3,Salaried,0,Retirement,61953,0.0,Save
24,2701545,128739,572950,No,0,420,Expert,Medium,1,Salaried,7,House,96389,0.0,Avoid Loan
49,1575045,82473,2289149,No,0,714,Intermediate,Medium,5,Business,12,Wealth Creation,48780,0.0,Save
31,1873200,29577,536722,Yes,1983710,539,Intermediate,Medium,5,Business,12,House,126523,1.06,Avoid Loan
49,812301,50002,954390,No,0,656,Beginner,High,1,Business,7,House,17689,0.0,Save
54,683889,27739,2059568,Yes,2201524,516,Intermediate,Medium,5,Self-Employed,11,Wealth Creation,29251,3.22,Avoid Loan
41,1402019,79137,2171848,No,0,672,Beginner,Medium,4,Self-Employed,12,Wealth Creation,37697,0.0,Save
53,2043368,17813,1194864,No,0,442,Expert,High,3,Business,1,Education,152467,0.0,Avoid Loan
57,1206551,41120,148985,No,0,749,Beginner,High,4,Self-Employed,9,Wealth Creation,59425,0.0,Save
23,1542410,29561,2167100,Yes,371665,610,Beginner,Low,5,Salaried,2,Wealth Creation,98973,0.24,Save
35,2056216,87465,1644407,Yes,2030967,566,Beginner,Medium,4,Salaried,0,Retirement,83886,0.99,Avoid Loan
23,1456226,31893,929118,Yes,1480629,558,Intermediate,High,5,Business,3,Retirement,89459,1.02,Avoid Loan
33,2570958,54423,986885,No,0,652,Expert,Low,5,Business,5,Retirement,159823,0.0,Save
59,1300899,71705,2320504,Yes,856474,357,Intermediate,High,3,Business,9,House,36703,0.66,Avoid Loan
58,1927074,57442,2490281,No,0,719,Intermediate,High,2,Self-Employed,1,Retirement,103147,0.0,Save
53,2511475,129743,1871772,Yes,1545443,824,Beginner,Low,0,Self-Employed,4,Wealth Creation,79546,0.62,Avoid Loan
56,1776781,24348,821826,No,0,521,Intermediate,Medium,4,Self-Employed,6,Retirement,123717,0.0,Avoid Loan
34,2964058,23313,2422439,Yes,1758522,532,Expert,Medium,5,Salaried,9,Retirement,223691,0.59,Avoid Loan
23,1123249,68616,624692,No,0,817,Beginner,Low,3,Business,7,House,24988,0.0,Save
40,1810624,62534,896957,Yes,1299644,360,Expert,Medium,0,Self-Employed,7,Education,88351,0.72,Avoid Loan
56,1310422,74004,1597522,Yes,1588036,417,Beginner,Medium,5,Salaried,1,House,35197,1.21,Avoid Loan
46,1217811,17733,2233252,No,0,445,Intermediate,Low,0,Salaried,8,Education,83751,0.0,Avoid Loan
39,1040590,41499,518456,No,0,516,Beginner,High,5,Salaried,1,Education,45216,0.0,Avoid Loan
29,1573901,27102,1057165,No,0,683,Intermediate,Medium,1,Self-Employed,11,Retirement,104056,0.0,Save
54,2981295,76207,1621855,Yes,2406766,684,Intermediate,Medium,1,Salaried,8,Education,172234,0.81,Avoid Loan
29,2705693,159271,939188,Yes,158923,726,Beginner,High,5,Salaried,7,Retirement,66203,0.06,Invest
42,2020885,147511,2461501,No,0,745,Intermediate,High,2,Business,12,Wealth Creation,20896,0.0,Save
52,508709,19105,1386239,Yes,2278241,662,Beginner,Medium,3,Salaried,5,Wealth Creation,23287,4.48,Avoid Loan
47,2168592,112774,1398424,Yes,190208,830,Expert,Medium,0,Business,0,Retirement,67942,0.09,Save
51,1116755,42282,93639,Yes,74020,494,Beginner,Medium,5,Self-Employed,11,Wealth Creation,50780,0.07,Avoid Loan
37,1602963,85439,1989755,No,0,364,Expert,High,4,Salaried,2,House,48141,0.0,Avoid Loan
48,507695,28260,233965,No,0,568,Expert,Medium,1,Salaried,10,Education,14047,0.0,Avoid Loan
34,1875403,125887,304330,No,0,427,Beginner,Medium,2,Self-Employed,3,Education,30396,0.0,Avoid Loan
60,1670832,57001,1833414,No,0,397,Intermediate,High,5,Business,11,Wealth Creation,82235,0.0,Avoid Loan
43,1214745,57036,1682094,No,0,436,Intermediate,Low,4,Self-Employed,0,Retirement,44192,0.0,Avoid Loan
49,1657669,37821,65534,No,0,867,Expert,Medium,5,Salaried,11,Wealth Creation,100318,0.0,Save
23,2880456,183464,1797796,No,0,567,Beginner,Low,0,Salaried,6,House,56574,0.0,Avoid Loan
25,1477063,28961,342024,No,0,762,Beginner,Low,4,Salaried,8,Wealth Creation,94127,0.0,Invest
53,2122320,154289,346573,No,0,356,Expert,High,2,Self-Employed,6,Education,22571,0.0,Avoid Loan
35,2661818,145729,929378,No,0,407,Beginner,Medium,5,Salaried,2,Retirement,76089,0.0,Avoid Loan
52,2934384,33546,1729741,Yes,750943,840,Beginner,Medium,3,Business,0,Education,210986,0.26,Save
60,923761,68680,1098749,No,0,886,Beginner,Medium,5,Self-Employed,8,Retirement,8300,0.0,Save
60,1848185,29423,623750,Yes,1918324,862,Beginner,Low,3,Salaried,7,Education,124592,1.04,Avoid Loan
44,2026987,120421,2472849,No,0,743,Beginner,Medium,1,Salaried,7,House,48494,0.0,Invest
41,2137471,126858,438133,Yes,907684,879,Beginner,Medium,1,Salaried,4,Wealth Creation,51264,0.42,Save
49,2658869,62665,1751902,No,0,900,Expert,Medium,2,Self-Employed,2,House,158907,0.0,Save
35,2290957,18685,149159,Yes,1892809,499,Intermediate,Medium,1,Salaried,4,Retirement,172228,0.83,Avoid Loan
59,1515182,41818,738173,Yes,2084218,547,Beginner,High,4,Self-Employed,11,House,84447,1.38,Avoid Loan
30,2396214,145076,62293,No,0,373,Beginner,High,0,Business,1,Education,54608,0.0,Avoid Loan
41,971190,37023,2464915,No,0,816,Intermediate,Low,3,Salaried,1,Wealth Creation,43909,0.0,Save
25,1027791,17238,297535,No,0,760,Beginner,Medium,5,Self-Employed,8,Wealth Creation,68411,0.0,Save
21,328788,22136,2447054,Yes,2111025,875,Beginner,Medium,5,Salaried,2,Retirement,5263,6.42,Avoid Loan
52,595572,29128,718684,No,0,757,Intermediate,Medium,3,Self-Employed,1,Education,20503,0.0,Save
47,2765980,162621,735117,No,0,724,Intermediate,Low,4,Salaried,7,Wealth Creation,67877,0.0,Invest
26,517600,15765,1039383,Yes,999544,448,Intermediate,Low,0,Business,11,Education,27368,1.93,Avoid Loan
29,1357658,46112,1314879,Yes,2281126,761,Beginner,Low,2,Salaried,0,Retirement,67026,1.68,Avoid Loan
54,2031116,97349,1557499,No,0,769,Expert,Low,0,Business,1,Education,71910,0.0,Save
55,2457499,133503,981206,No,0,811,Intermediate,Low,1,Salaried,8,Retirement,71288,0.0,Invest
58,1256333,15451,1457150,Yes,1403320,427,Beginner,Medium,2,Salaried,8,Wealth Creation,89243,1.12,Avoid Loan
33,2515507,65164,204191,Yes,2170493,476,Intermediate,Low,1,Self-Employed,11,House,144461,0.86,Avoid Loan
36,933290,50464,2022756,Yes,646807,444,Expert,Low,5,Salaried,9,Education,27310,0.69,Avoid Loan
41,1330656,84457,75476,Yes,1253071,623,Expert,Medium,1,Salaried,7,House,26431,0.94,Avoid Loan
43,447360,17948,1578133,No,0,621,Beginner,High,2,Salaried,6,Education,19332,0.0,Save
55,1270287,32758,873180,No,0,752,Intermediate,Low,4,Self-Employed,5,Retirement,73099,0.0,Save
29,2003819,44771,2354784,No,0,372,Expert,Medium,5,Salaried,2,Retirement,122213,0.0,Avoid Loan
48,2755504,190976,1340587,No,0,366,Beginner,Medium,0,Salaried,6,Retirement,38649,0.0,Avoid Loan
47,2217366,81257,946369,Yes,1139759,794,Beginner,High,0,Salaried,4,Wealth Creation,103523,0.51,Avoid Loan
47,1049266,52637,597540,Yes,2066753,533,Intermediate,Low,3,Self-Employed,8,Education,34801,1.97,Avoid Loan
39,1991177,147436,1436663,No,0,776,Beginner,Low,2,Salaried,0,Retirement,18495,0.0,Save
46,2030847,30910,2365942,Yes,1852787,394,Beginner,Medium,4,Salaried,12,House,138327,0.91,Avoid Loan
29,1277198,50508,1701424,Yes,163180,618,Intermediate,Medium,4,Business,9,Education,55925,0.13,Save
29,298794,16881,45861,No,0,549,Beginner,Low,5,Business,1,Retirement,8018,0.0,Avoid Loan
23,964494,71110,2195816,No,0,856,Intermediate,Medium,3,Business,11,House,9264,0.0,Save
23,2852921,90409,2043334,Yes,1492900,843,Expert,Low,2,Business,4,Wealth Creation,147334,0.52,Avoid Loan
55,1415377,58025,1067744,No,0,553,Intermediate,High,1,Business,9,Education,59923,0.0,Avoid Loan
22,1608408,78669,794968,Yes,1946362,722,Intermediate,Medium,4,Business,11,Education,55365,1.21,Avoid Loan
36,1971332,61006,984350,Yes,328734,879,Intermediate,Medium,5,Business,10,Retirement,103271,0.17,Invest
60,2779287,81080,2151211,Yes,1061497,460,Intermediate,High,0,Business,8,Retirement,150527,0.38,Avoid Loan
30,2809408,115414,1777075,Yes,534023,870,Beginner,Low,4,Business,0,Retirement,118703,0.19,Save
39,970906,59548,1566231,No,0,738,Intermediate,Medium,1,Self-Employed,7,Retirement,21360,0.0,Save
52,1533774,76060,981237,Yes,1833565,682,Beginner,Medium,5,Business,10,Education,51754,1.2,Avoid Loan
32,2550613,30571,1712754,Yes,508021,573,Beginner,Low,0,Self-Employed,2,House,181980,0.2,Avoid Loan
25,2983321,164169,727150,No,0,417,Expert,Low,4,Business,10,Education,84441,0.0,Avoid Loan
51,2755365,65441,1576995,No,0,499,Intermediate,Medium,5,Salaried,9,House,164172,0.0,Avoid Loan
52,2387295,131941,280480,Yes,1290242,671,Expert,High,3,Self-Employed,12,Education,67000,0.54,Avoid Loan
23,773535,32199,777362,No,0,360,Beginner,High,4,Salaried,12,Retirement,32262,0.0,Avoid Loan
44,2444239,163649,613571,Yes,989961,604,Expert,Low,0,Business,8,Retirement,40037,0.41,Save
46,301056,16502,617083,Yes,809099,659,Expert,High,4,Self-Employed,6,Wealth Creation,8586,2.69,Avoid Loan
39,361322,25080,901971,Yes,1538437,700,Expert,Medium,1,Self-Employed,0,House,5030,4.26,Avoid Loan
42,609864,30353,61190,Yes,2281272,683,Beginner,Medium,4,Self-Employed,12,House,20469,3.74,Avoid Loan
57,798716,52922,1097894,Yes,288488,608,Expert,Medium,0,Business,9,Retirement,13637,0.36,Save
46,1565536,65324,2218597,Yes,1044360,802,Beginner,Medium,5,Self-Employed,7,House,65137,0.67,Avoid Loan
53,1648915,46265,670583,Yes,1502650,854,Intermediate,High,3,Self-Employed,3,Retirement,91144,0.91,Avoid Loan
55,1304580,97382,1970271,No,0,467,Intermediate,Medium,5,Self-Employed,12,Retirement,11333,0.0,Avoid Loan
50,1770402,39355,1001521,No,0,626,Beginner,Low,3,Salaried,10,Retirement,108178,0.0,Save
49,2063579,49160,1757374,No,0,572,Intermediate,Medium,5,Self-Employed,2,Education,122804,0.0,Avoid Loan
44,290445,15077,2152772,No,0,719,Intermediate,Low,2,Salaried,5,Education,9126,0.0,Save
42,2637934,134051,905385,Yes,2352076,878,Beginner,Medium,5,Self-Employed,3,House,85776,0.89,Avoid Loan
57,341830,15946,1494958,Yes,1091914,590,Intermediate,Medium,1,Salaried,7,Wealth Creation,12539,3.19,Avoid Loan
22,556045,30225,2376227,No,0,537,Expert,Low,3,Salaried,6,Wealth Creation,16112,0.0,Avoid Loan
60,2530396,151139,1057433,No,0,609,Beginner,Medium,0,Self-Employed,3,Wealth Creation,59727,0.0,Save
51,634850,18022,2079429,Yes,1763837,504,Intermediate,Medium,5,Self-Employed,10,Retirement,34882,2.78,Avoid Loan
33,2482912,140422,1908958,Yes,1597104,559,Intermediate,Medium,3,Self-Employed,7,House,66487,0.64,Avoid Loan
27,599991,33858,2457591,Yes,1802408,428,Beginner,Low,3,Business,5,Education,16141,3.0,Avoid Loan
53,2878713,22349,882696,Yes,1400847,670,Beginner,Medium,0,Salaried,4,Education,217543,0.49,Avoid Loan
21,1093023,41982,1865015,No,0,530,Beginner,Medium,4,Self-Employed,11,Retirement,49103,0.0,Avoid Loan
49,1534421,38937,2147679,No,0,598,Intermediate,Low,1,Self-Employed,8,Retirement,88931,0.0,Avoid Loan
51,2790288,185935,2487566,No,0,744,Beginner,Medium,1,Salaried,8,House,46589,0.0,Invest
42,2276980,119815,537287,Yes,1975391,583,Beginner,Medium,3,Salaried,5,House,69933,0.87,Avoid Loan
47,2584264,48863,1125535,No,0,430,Intermediate,High,2,Business,11,Wealth Creation,166492,0.0,Avoid Loan
58,2154848,21007,2227352,Yes,1544969,503,Intermediate,Low,0,Business,11,Wealth Creation,158563,0.72,Avoid Loan
42,2747332,154290,1990254,Yes,261491,570,Expert,Low,0,Business,6,Education,74654,0.1,Avoid Loan
47,1275947,93083,655805,No,0,433,Beginner,Low,3,Salaried,11,Wealth Creation,13245,0.0,Avoid Loan
40,1983938,135633,1499971,No,0,721,Expert,Low,3,Salaried,10,Education,29695,0.0,Invest
23,1608460,119474,2122087,No,0,400,Expert,Low,2,Self-Employed,5,House,14564,0.0,Avoid Loan
53,2648498,22251,507090,No,0,568,Beginner,Medium,5,Self-Employed,8,House,198457,0.0,Avoid Loan
38,2828605,171924,1536341,No,0,658,Intermediate,Low,4,Business,1,Education,63793,0.0,Save
51,601486,19921,680466,No,0,660,Intermediate,High,3,Business,12,Wealth Creation,30202,0.0,Save
21,968807,54133,1764565,No,0,809,Expert,Low,1,Self-Employed,3,House,26600,0.0,Save
55,2147604,24571,1455612,No,0,416,Beginner,Medium,1,Salaried,2,House,154396,0.0,Avoid Loan
41,2619156,76322,894614,Yes,2259506,598,Expert,High,5,Self-Employed,1,Wealth Creation,141941,0.86,Avoid Loan
32,1102765,17602,297171,No,0,417,Beginner,Medium,2,Business,3,House,74295,0.0,Avoid Loan
52,623383,37128,1590535,Yes,1886906,544,Expert,High,0,Salaried,10,House,14820,3.03,Avoid Loan
21,2128643,79529,1662369,No,0,449,Beginner,Low,2,Self-Employed,6,Education,97857,0.0,Avoid Loan
46,1380569,18186,2395059,Yes,2061753,832,Beginner,Medium,0,Self-Employed,6,Education,96861,1.49,Avoid Loan
45,2550608,154336,2304826,Yes,1462825,599,Intermediate,High,2,Business,11,Wealth Creation,58214,0.57,Avoid Loan
30,1683517,16392,2201318,No,0,710,Beginner,High,3,Self-Employed,1,Wealth Creation,123901,0.0,Save
28,1803199,43745,2480338,No,0,378,Beginner,Low,2,Business,1,House,106521,0.0,Avoid Loan
35,2830058,21710,1522813,Yes,232033,365,Expert,Medium,3,Self-Employed,8,Retirement,214128,0.08,Avoid Loan
33,968776,28777,337475,Yes,2256538,389,Expert,Medium,3,Business,7,Retirement,51954,2.33,Avoid Loan
37,1580003,32442,847425,Yes,839716,725,Beginner,Low,0,Self-Employed,11,Retirement,99224,0.53,Avoid Loan
47,1049385,56770,2211958,Yes,978659,804,Beginner,Medium,1,Business,11,Wealth Creation,30678,0.93,Avoid Loan
45,254797,16105,1650852,No,0,552,Beginner,Medium,1,Salaried,3,House,5128,0.0,Avoid Loan
51,1095920,74040,2271023,No,0,462,Intermediate,Low,0,Salaried,3,Education,17286,0.0,Avoid Loan
38,2222483,59854,2443881,No,0,819,Beginner,High,4,Business,7,Wealth Creation,125352,0.0,Invest
59,2998877,130621,59897,Yes,85684,413,Intermediate,Low,3,Self-Employed,7,Wealth Creation,119285,0.03,Avoid Loan
40,1988500,101105,2014423,Yes,1253111,407,Beginner,Low,0,Business,3,Retirement,64603,0.63,Avoid Loan
48,1366233,38988,1189140,Yes,1722160,556,Beginner,Medium,1,Salaried,0,Education,74864,1.26,Avoid Loan
56,426348,24049,1799651,No,0,430,Beginner,High,1,Self-Employed,4,Education,11480,0.0,Avoid Loan
42,602015,32149,1916458,Yes,715247,816,Intermediate,High,4,Business,12,House,18018,1.19,Avoid Loan
25,2265817,28480,1190432,Yes,1705055,418,Beginner,High,3,Self-Employed,10,Education,160338,0.75,Avoid Loan
43,1861373,126568,1696789,Yes,2137917,575,Beginner,Medium,2,Business,1,House,28546,1.15,Avoid Loan
22,1073453,20327,1777697,Yes,193404,448,Expert,Medium,2,Business,1,Retirement,69127,0.18,Avoid Loan
31,2774630,101882,1913439,Yes,1691212,357,Beginner,Medium,3,Self-Employed,11,House,129337,0.61,Avoid Loan
46,510135,18971,1042524,No,0,688,Beginner,Medium,5,Self-Employed,0,House,23540,0.0,Save
49,2265256,99644,2043216,No,0,359,Intermediate,Low,0,Business,9,House,89127,0.0,Avoid Loan
51,2169637,140988,1289628,Yes,2362318,599,Beginner,Medium,0,Business,5,Education,39815,1.09,Avoid Loan
37,763936,32070,1409602,No,0,736,Intermediate,Low,0,Business,5,Retirement,31591,0.0,Save
37,2513395,174020,524355,No,0,526,Expert,Medium,5,Self-Employed,1,Retirement,35429,0.0,Avoid Loan
32,1237161,28230,765355,Yes,2161660,498,Beginner,Low,2,Salaried,6,Education,74866,1.75,Avoid Loan
35,1667665,23543,1290733,No,0,845,Expert,Medium,0,Salaried,6,Wealth Creation,115429,0.0,Invest
50,2398843,150040,1470030,No,0,413,Expert,Medium,0,Business,10,House,49863,0.0,Avoid Loan
54,600845,36283,2498624,No,0,378,Beginner,Medium,2,Salaried,11,Retirement,13787,0.0,Avoid Loan
41,586098,30231,2476926,Yes,1902516,804,Intermediate,High,3,Business,10,Education,18610,3.25,Avoid Loan
56,853303,52046,2018833,No,0,724,Intermediate,Low,3,Business,2,Wealth Creation,19062,0.0,Save
23,2988568,114307,614003,No,0,405,Beginner,Medium,3,Business,7,Wealth Creation,134740,0.0,Avoid Loan
35,1585518,41738,1020785,Yes,2052390,679,Expert,Low,0,Business,4,Education,90388,1.29,Avoid Loan
48,1858596,80445,2337741,Yes,1201880,761,Expert,Low,4,Self-Employed,12,Retirement,74438,0.65,Avoid Loan
25,2397926,165556,2236062,Yes,1570552,879,Beginner,High,3,Business,11,Education,34271,0.65,Avoid Loan
53,2935348,67341,1035831,No,0,626,Beginner,Medium,4,Salaried,5,Retirement,177271,0.0,Save
47,842142,17111,367724,Yes,1120230,692,Beginner,High,2,Business,10,Wealth Creation,53067,1.33,Avoid Loan
54,637229,36107,2200390,No,0,443,Beginner,Medium,0,Self-Employed,5,House,16995,0.0,Avoid Loan
23,495125,19794,421123,No,0,756,Beginner,Low,3,Business,5,Retirement,21466,0.0,Save
58,933296,19428,2160805,Yes,1375093,880,Intermediate,Low,2,Self-Employed,8,Education,58346,1.47,Avoid Loan
49,2487275,84712,2047293,Yes,413984,419,Beginner,Medium,2,Business,10,Wealth Creation,122560,0.17,Avoid Loan
54,2993612,73502,2249383,Yes,900400,664,Intermediate,Medium,4,Self-Employed,7,House,175965,0.3,Save
21,746475,22475,1438281,Yes,462650,596,Expert,High,2,Self-Employed,1,Education,39731,0.62,Avoid Loan
43,670637,35942,734211,No,0,526,Expert,Medium,5,Business,3,Retirement,19944,0.0,Avoid Loan
48,1590928,39932,1298918,Yes,126144,868,Intermediate,Low,0,Business,5,Retirement,92645,0.08,Save
21,2290593,149759,992817,No,0,804,Intermediate,Medium,0,Business,10,House,41123,0.0,Invest
42,2124495,29488,2354263,Yes,1331896,623,Expert,Low,0,Self-Employed,10,Wealth Creation,147553,0.63,Avoid Loan
46,1904463,139452,1860822,No,0,469,Beginner,Medium,2,Self-Employed,7,Retirement,19253,0.0,Avoid Loan
23,2764352,99430,970427,Yes,881354,477,Beginner,Low,5,Business,2,Education,130932,0.32,Avoid Loan
36,2212169,60751,859224,No,0,724,Expert,Medium,5,Self-Employed,5,Retirement,123596,0.0,Save
28,950254,32452,1655947,Yes,1097551,900,Beginner,Low,3,Self-Employed,3,House,46735,1.16,Avoid Loan
40,2997820,38254,2362372,Yes,349376,589,Intermediate,High,4,Business,10,House,211564,0.12,Avoid Loan
53,2493196,38762,1469738,Yes,1415609,801,Beginner,High,5,Business,0,Wealth Creation,169004,0.57,Avoid Loan
53,2481343,48658,1194688,Yes,1337107,444,Expert,High,2,Self-Employed,7,House,158120,0.54,Avoid Loan
24,1581051,89890,59530,Yes,1780151,458,Expert,High,0,Self-Employed,9,Retirement,41864,1.13,Avoid Loan
49,2514985,127088,1670766,Yes,1979178,752,Intermediate,Low,1,Self-Employed,7,Education,82494,0.79,Avoid Loan
22,2888344,138196,1132957,Yes,655730,533,Beginner,Low,1,Salaried,2,Wealth Creation,102499,0.23,Avoid Loan
24,279242,16935,27747,Yes,696882,386,Intermediate,Medium,0,Business,1,Retirement,6335,2.5,Avoid Loan
48,1454645,63655,1606613,Yes,1952809,888,Expert,Medium,0,Salaried,11,Wealth Creation,57565,1.34,Avoid Loan
25,2745724,70916,1756411,Yes,2326755,516,Expert,Low,3,Salaried,10,Education,157894,0.85,Avoid Loan
33,2982015,167493,1321674,Yes,1753227,800,Beginner,Medium,0,Salaried,9,House,81008,0.59,Avoid Loan
26,716427,45100,219540,No,0,583,Intermediate,High,3,Salaried,0,Retirement,14602,0.0,Avoid Loan
50,836234,44314,741943,Yes,1702568,870,Intermediate,Medium,3,Salaried,8,Retirement,25372,2.04,Avoid Loan
51,2430889,95948,2331396,No,0,850,Intermediate,Medium,1,Salaried,4,Wealth Creation,106626,0.0,Save
27,2320542,31603,2258732,No,0,502,Intermediate,Low,2,Business,3,Education,161775,0.0,Avoid Loan
52,939000,17529,240146,No,0,630,Expert,High,3,Business,11,House,60721,0.0,Save
31,1985733,42869,1134731,Yes,2216956,868,Intermediate,Low,2,Self-Employed,9,Wealth Creation,122608,1.12,Avoid Loan
53,1743958,92682,287663,Yes,2480569,495,Expert,Medium,0,Salaried,6,Wealth Creation,52647,1.42,Avoid Loan
32,1509071,34119,536997,Yes,863696,596,Intermediate,Low,2,Business,9,House,91636,0.57,Avoid Loan
50,1562039,60256,457158,No,0,526,Beginner,Medium,4,Business,0,Retirement,69913,0.0,Avoid Loan
39,1246145,83264,1942076,Yes,306852,633,Expert,High,1,Business,3,House,20581,0.25,Save
47,727323,26962,1557689,No,0,453,Expert,High,2,Business,4,House,33648,0.0,Avoid Loan
43,1969472,65916,119614,Yes,1112260,761,Expert,High,1,Self-Employed,1,House,98206,0.56,Avoid Loan
43,1389641,71164,1433298,Yes,225003,470,Expert,High,3,Self-Employed,3,Retirement,44639,0.16,Avoid Loan
29,743577,38003,1134117,Yes,2363533,405,Beginner,Medium,2,Self-Employed,9,House,23961,3.18,Avoid Loan
45,2380937,30477,897668,Yes,290800,440,Expert,Low,5,Business,5,House,167934,0.12,Avoid Loan
24,2855226,141075,2455218,Yes,1549224,742,Intermediate,Low,4,Business,10,Education,96860,0.54,Avoid Loan
32,1876348,44862,2486800,Yes,1447988,789,Beginner,Low,1,Self-Employed,7,Education,111500,0.77,Avoid Loan
51,868601,47159,2062381,No,0,805,Expert,Medium,5,Self-Employed,5,Wealth Creation,25224,0.0,Save
34,2033920,107456,74922,No,0,759,Beginner,High,5,Business,1,Education,62037,0.0,Save
28,1696820,26917,2429485,No,0,769,Beginner,Medium,1,Self-Employed,2,House,114484,0.0,Save
22,1323130,84146,1534092,Yes,2032223,809,Intermediate,Medium,2,Salaried,4,Retirement,26114,1.54,Avoid Loan
39,1841503,91667,2077861,Yes,901381,753,Beginner,Medium,1,Business,11,Education,61791,0.49,Avoid Loan
60,2449878,137157,651758,Yes,1255797,798,Beginner,Low,2,Salaried,11,Retirement,66999,0.51,Avoid Loan
48,1045064,71781,1160833,No,0,517,Intermediate,High,1,Salaried,1,House,15307,0.0,Avoid Loan
49,2004827,15906,1718703,Yes,456950,487,Expert,High,1,Business,2,Retirement,151162,0.23,Avoid Loan
24,1467580,107509,1062693,Yes,821715,778,Expert,High,5,Business,11,Education,14789,0.56,Avoid Loan
40,1269460,41549,2375002,No,0,529,Intermediate,Medium,0,Business,8,Wealth Creation,64239,0.0,Avoid Loan
49,2106761,131698,1601202,Yes,2416750,429,Expert,Low,1,Business,5,House,43865,1.15,Avoid Loan
31,2876109,181375,2189262,Yes,1048540,434,Beginner,Medium,0,Business,2,Education,58300,0.36,Avoid Loan
51,1124828,51816,404416,No,0,744,Beginner,Medium,1,Business,2,Wealth Creation,41919,0.0,Save
40,1194472,69063,590247,Yes,1888840,665,Intermediate,Medium,5,Salaried,0,Retirement,30476,1.58,Avoid Loan
46,1236902,83869,2046487,No,0,406,Intermediate,Medium,5,Business,9,Education,19206,0.0,Avoid Loan
35,2591430,84907,1151190,Yes,1377423,463,Expert,Medium,2,Salaried,7,Wealth Creation,131045,0.53,Avoid Loan
36,760869,25275,716517,No,0,822,Expert,Medium,0,Self-Employed,11,Retirement,38130,0.0,Invest
33,1259762,36363,579878,Yes,2318105,899,Beginner,Medium,1,Salaried,11,Education,68617,1.84,Avoid Loan
49,1332897,71288,855145,Yes,2409200,640,Intermediate,High,5,Salaried,8,Retirement,39786,1.81,Avoid Loan
45,2493874,18701,1168574,Yes,463313,662,Beginner,Medium,4,Salaried,0,House,189121,0.19,Save
29,622605,23362,520507,Yes,1314075,609,Beginner,High,4,Self-Employed,4,House,28521,2.11,Avoid Loan
30,912137,21468,933561,No,0,712,Intermediate,Low,4,Self-Employed,2,Retirement,54543,0.0,Save
38,840124,56581,1672814,Yes,1717407,792,Expert,High,3,Salaried,4,Wealth Creation,13429,2.04,Avoid Loan
57,1382864,35246,2155545,No,0,378,Beginner,Low,2,Salaried,8,Education,79992,0.0,Avoid Loan
53,753623,39349,1404903,Yes,1443805,635,Beginner,Low,1,Self-Employed,6,Retirement,23452,1.92,Avoid Loan
30,1140674,37877,2478394,Yes,200067,388,Beginner,Low,2,Salaried,8,Education,57179,0.18,Avoid Loan
28,1838171,56431,2227595,No,0,692,Beginner,Low,2,Salaried,3,Retirement,96749,0.0,Save
28,327935,22807,2393882,Yes,2412791,439,Expert,Low,0,Self-Employed,10,Education,4520,7.36,Avoid Loan
51,2137865,131118,1492490,Yes,1364429,505,Expert,Low,0,Salaried,10,Education,47037,0.64,Avoid Loan
60,2227453,148469,1233415,No,0,496,Expert,Medium,5,Self-Employed,8,Wealth Creation,37152,0.0,Avoid Loan
30,1184225,44777,1108459,Yes,1026869,893,Beginner,Low,1,Salaried,10,House,53908,0.87,Avoid Loan
45,1166034,27665,373350,No,0,530,Beginner,Medium,4,Business,4,Education,69504,0.0,Avoid Loan
30,1382294,92541,2410307,No,0,400,Expert,Low,0,Self-Employed,7,Retirement,22650,0.0,Avoid Loan
49,2795084,125981,2193352,No,0,791,Intermediate,High,0,Self-Employed,3,Retirement,106942,0.0,Save
21,443971,19705,686881,Yes,1154515,390,Beginner,Low,5,Salaried,11,Education,17292,2.6,Avoid Loan
52,1885867,67508,1922914,No,0,819,Beginner,Low,5,Self-Employed,0,Retirement,89647,0.0,Save
58,2373078,121459,228761,No,0,648,Beginner,Medium,4,Self-Employed,2,Wealth Creation,76297,0.0,Save
34,568148,28405,2124365,Yes,1871976,665,Beginner,High,2,Business,12,Wealth Creation,18940,3.29,Avoid Loan
52,1107750,26466,1529540,No,0,421,Intermediate,Medium,3,Business,4,House,65846,0.0,Avoid Loan
47,2101274,126656,232068,Yes,494612,680,Beginner,Low,2,Business,1,House,48450,0.24,Save
30,2420499,42486,1655726,No,0,689,Intermediate,Medium,4,Self-Employed,0,Wealth Creation,159222,0.0,Save
27,1307767,37654,810204,No,0,762,Beginner,High,0,Self-Employed,10,House,71326,0.0,Invest
35,2074387,48729,1148822,Yes,67258,613,Beginner,Medium,4,Business,0,Education,124136,0.03,Save
28,1816965,115989,2227380,Yes,172188,430,Intermediate,Medium,2,Salaried,2,House,35424,0.09,Avoid Loan
46,1535666,38766,733743,Yes,501141,808,Beginner,Medium,3,Self-Employed,3,Retirement,89206,0.33,Save
51,355233,17588,1898744,Yes,1258788,377,Expert,Low,5,Self-Employed,4,Retirement,12014,3.54,Avoid Loan
21,1194531,69524,391905,Yes,1004496,468,Intermediate,High,3,Self-Employed,4,House,30020,0.84,Avoid Loan
33,2193277,158769,852630,Yes,194755,742,Beginner,Medium,1,Business,12,House,24004,0.09,Save
26,910905,27745,199397,No,0,803,Intermediate,Medium,2,Salaried,0,Retirement,48163,0.0,Save
26,1279580,64379,463607,Yes,487265,589,Beginner,High,3,Salaried,10,Education,42252,0.38,Avoid Loan
27,2342228,37362,1720854,Yes,1070152,728,Beginner,Low,3,Business,11,Education,157823,0.46,Avoid Loan
54,2384216,79170,472509,Yes,511767,369,Expert,High,5,Salaried,4,House,119514,0.21,Avoid Loan
51,2928216,95520,1651650,No,0,831,Beginner,Medium,4,Salaried,2,House,148498,0.0,Save
57,914721,15238,2249701,Yes,295759,825,Beginner,High,0,Salaried,1,Wealth Creation,60988,0.32,Save
52,2190223,85792,719113,No,0,856,Expert,Medium,1,Salaried,11,Education,96726,0.0,Invest
50,2482437,158090,587749,Yes,2197100,361,Intermediate,Medium,3,Self-Employed,10,House,48779,0.89,Avoid Loan
50,2620606,96184,615927,Yes,2204347,497,Beginner,Low,5,Self-Employed,9,Education,122199,0.84,Avoid Loan
58,2115148,19887,2025192,No,0,358,Beginner,Low,4,Salaried,1,Retirement,156375,0.0,Avoid Loan
48,1238420,66144,2148345,Yes,440058,708,Beginner,Low,0,Business,8,House,37057,0.36,Save
22,1111420,49372,291066,No,0,851,Intermediate,Medium,1,Business,9,Wealth Creation,43246,0.0,Save
30,2510763,74922,1797944,No,0,887,Beginner,Medium,1,Self-Employed,2,Retirement,134308,0.0,Save
29,1984392,34385,1484728,Yes,1617809,395,Beginner,Medium,3,Self-Employed,6,Wealth Creation,130981,0.82,Avoid Loan
53,1710045,31153,107003,No,0,439,Beginner,Medium,5,Salaried,2,Retirement,111350,0.0,Avoid Loan
57,1044858,46235,632696,Yes,1381595,512,Expert,High,2,Self-Employed,0,Education,40836,1.32,Avoid Loan
50,776759,46576,77742,No,0,752,Intermediate,Medium,5,Business,9,Education,18153,0.0,Save
45,1421441,93108,1549654,Yes,1263589,753,Beginner,Medium,0,Business,7,House,25345,0.89,Avoid Loan
54,2406449,92899,25112,No,0,595,Intermediate,Medium,4,Self-Employed,5,Wealth Creation,107638,0.0,Avoid Loan
40,678791,31495,231133,Yes,2394736,617,Beginner,Low,5,Self-Employed,12,Education,25070,3.53,Avoid Loan
27,2177399,122190,323314,No,0,389,Expert,Low,5,Salaried,2,Retirement,59259,0.0,Avoid Loan
56,2485913,82431,1850500,Yes,1376908,495,Beginner,Medium,5,Business,9,Retirement,124728,0.55,Avoid Loan
47,1687244,35106,495971,Yes,1267742,409,Beginner,High,4,Salaried,4,House,105497,0.75,Avoid Loan
21,932945,30736,550085,No,0,765,Beginner,Low,0,Self-Employed,5,Wealth Creation,47009,0.0,Save
58,1945073,17851,69013,Yes,530196,692,Intermediate,Medium,0,Self-Employed,5,Retirement,144238,0.27,Save
56,1849545,99757,1282763,Yes,346144,763,Beginner,Medium,3,Self-Employed,5,Education,54371,0.19,Save
21,2503541,122971,569260,Yes,2350647,473,Beginner,High,2,Self-Employed,6,Wealth Creation,85657,0.94,Avoid Loan
36,265574,19043,1718833,Yes,586740,390,Beginner,High,5,Business,9,Education,3088,2.21,Avoid Loan
21,2144057,44028,832165,No,0,539,Intermediate,High,0,Salaried,10,Retirement,134643,0.0,Avoid Loan
39,1750439,103974,465267,No,0,646,Intermediate,High,3,Self-Employed,6,House,41895,0.0,Save
33,441304,32399,2263846,Yes,1621041,544,Intermediate,Low,0,Salaried,5,Wealth Creation,4376,3.67,Avoid Loan
47,1194679,84396,1210970,Yes,2030860,415,Expert,Low,2,Business,6,Wealth Creation,15160,1.7,Avoid Loan
41,1176237,46023,1947296,Yes,2439589,850,Intermediate,Low,0,Salaried,12,Retirement,51996,2.07,Avoid Loan
46,2981533,41673,1213330,Yes,1514692,384,Beginner,Medium,5,Salaried,6,Education,206788,0.51,Avoid Loan
21,765420,36617,719384,No,0,395,Intermediate,Medium,5,Salaried,3,Wealth Creation,27168,0.0,Avoid Loan
38,1780509,34394,2323480,Yes,1658892,759,Intermediate,Low,0,Self-Employed,2,Retirement,113981,0.93,Avoid Loan
58,942626,18881,1171124,No,0,700,Beginner,Low,5,Self-Employed,10,House,59671,0.0,Save
60,1411152,96117,612509,Yes,764387,391,Intermediate,Low,0,Self-Employed,10,Wealth Creation,21479,0.54,Avoid Loan
40,270476,19610,1607100,No,0,861,Intermediate,Low,1,Salaried,7,House,2929,0.0,Save
46,526053,19834,246181,No,0,635,Beginner,Medium,5,Salaried,6,Wealth Creation,24003,0.0,Save
43,1434054,81736,1990635,No,0,620,Intermediate,Medium,3,Self-Employed,3,Wealth Creation,37768,0.0,Save
38,2960655,18877,103545,No,0,673,Beginner,High,1,Salaried,2,House,227844,0.0,Save
32,519088,23376,527997,No,0,465,Beginner,Low,4,Salaried,12,Education,19881,0.0,Avoid Loan
47,319075,21935,2205437,Yes,197515,487,Beginner,High,0,Salaried,2,House,4654,0.62,Avoid Loan
37,1562804,45219,1413743,No,0,733,Expert,Low,4,Business,10,House,85014,0.0,Invest
30,338180,15253,1758948,No,0,463,Intermediate,Medium,2,Salaried,1,Education,12928,0.0,Avoid Loan
57,2314332,86792,590841,No,0,489,Beginner,Low,4,Business,0,Education,106069,0.0,Avoid Loan
42,706267,43777,507743,Yes,664114,714,Beginner,Medium,4,Self-Employed,7,Wealth Creation,15078,0.94,Avoid Loan
38,421564,18068,1469216,Yes,2395090,472,Beginner,Low,1,Salaried,1,Wealth Creation,17062,5.68,Avoid Loan
27,2408401,135538,1290473,Yes,587391,444,Beginner,Low,1,Business,11,Retirement,65162,0.24,Avoid Loan
23,1662167,39699,258059,No,0,826,Intermediate,Medium,5,Self-Employed,8,Retirement,98814,0.0,Save
35,1229665,89491,653388,No,0,777,Beginner,Medium,3,Salaried,8,Retirement,12981,0.0,Save
53,1660094,84158,253174,Yes,1555284,427,Expert,Low,0,Self-Employed,3,Wealth Creation,54183,0.94,Avoid Loan
23,1771221,31878,61090,Yes,2461984,677,Intermediate,Medium,3,Self-Employed,1,Retirement,115723,1.39,Avoid Loan
30,2297445,152676,901303,Yes,154877,447,Beginner,Low,2,Self-Employed,1,House,38777,0.07,Avoid Loan
55,730982,21918,1737712,No,0,508,Beginner,Low,3,Business,2,Retirement,38997,0.0,Avoid Loan
36,1896044,91405,2187810,No,0,389,Intermediate,Low,3,Self-Employed,8,House,66598,0.0,Avoid Loan
35,1263196,51375,1492032,Yes,1703096,779,Intermediate,High,2,Salaried,10,House,53891,1.35,Avoid Loan
37,1733469,62705,1152073,Yes,79568,408,Beginner,High,0,Salaried,5,House,81750,0.05,Avoid Loan
53,654442,41214,1027313,Yes,1146353,818,Beginner,High,2,Salaried,2,Retirement,13322,1.75,Avoid Loan
22,1908858,136370,298643,Yes,2125661,400,Expert,Medium,5,Business,7,Wealth Creation,22701,1.11,Avoid Loan
52,386174,23867,1237233,Yes,1120675,747,Expert,Medium,0,Self-Employed,0,Education,8314,2.9,Avoid Loan
51,1666584,121198,1817959,Yes,926344,559,Intermediate,Low,3,Business,7,Retirement,17684,0.56,Avoid Loan
23,1854401,72060,334663,No,0,732,Beginner,Medium,3,Business,1,Wealth Creation,82473,0.0,Save
43,1247234,38831,1737461,No,0,748,Beginner,Medium,1,Salaried,4,Retirement,65105,0.0,Save
56,1226825,59766,670737,No,0,766,Beginner,Medium,5,Business,6,Retirement,42469,0.0,Invest
50,1238944,35881,2004380,Yes,923456,380,Expert,Low,1,Self-Employed,2,Education,67364,0.75,Avoid Loan
47,885960,15717,1396753,No,0,515,Intermediate,Medium,2,Salaried,3,House,58113,0.0,Avoid Loan
30,1544542,57454,1517842,Yes,1125288,874,Beginner,Medium,5,Salaried,5,Wealth Creation,71257,0.73,Avoid Loan
58,1875441,133065,694764,Yes,2332595,648,Intermediate,Medium,4,Salaried,3,Retirement,23221,1.24,Avoid Loan
28,1018106,52997,1200959,No,0,862,Beginner,Medium,0,Business,12,Education,31845,0.0,Invest
34,1726711,56889,354852,Yes,880972,660,Beginner,Low,5,Salaried,7,Education,87003,0.51,Avoid Loan
37,925134,59988,1993124,Yes,123843,382,Beginner,Low,3,Business,5,Wealth Creation,17106,0.13,Avoid Loan
34,2142366,64789,2369085,Yes,274249,789,Intermediate,Medium,3,Salaried,7,House,113741,0.13,Invest
47,2847239,77171,32930,Yes,97640,706,Beginner,Low,2,Business,10,House,160098,0.03,Avoid Loan
59,1401598,76743,1311585,Yes,1223484,798,Expert,High,2,Self-Employed,1,Retirement,40056,0.87,Avoid Loan
40,281957,16741,1566510,Yes,1130187,601,Intermediate,Low,1,Salaried,3,Wealth Creation,6755,4.01,Avoid Loan
44,986709,72727,310830,Yes,2244221,655,Beginner,Medium,0,Salaried,10,Education,9498,2.27,Avoid Loan
52,982775,48414,652067,No,0,413,Beginner,Low,5,Business,12,Wealth Creation,33483,0.0,Avoid Loan
51,926086,19664,697226,No,0,673,Beginner,Medium,0,Business,12,Education,57509,0.0,Save
27,2085292,124167,119208,Yes,1379468,377,Expert,Medium,2,Self-Employed,5,Education,49607,0.66,Avoid Loan
52,1311300,17879,2390921,No,0,646,Beginner,Medium,1,Salaried,6,Wealth Creation,91396,0.0,Save
36,2692253,60287,657011,No,0,820,Expert,Medium,0,Salaried,12,Wealth Creation,164067,0.0,Invest
35,2659442,90920,1815351,Yes,909026,472,Beginner,Low,3,Self-Employed,2,Retirement,130700,0.34,Avoid Loan
36,536898,24443,673676,Yes,2424568,416,Expert,Medium,0,Self-Employed,7,Retirement,20298,4.52,Avoid Loan
40,1186206,75247,1376650,Yes,910235,817,Beginner,Medium,2,Business,11,House,23603,0.77,Avoid Loan
59,1025438,28392,2255749,No,0,564,Intermediate,Medium,2,Self-Employed,9,Wealth Creation,57061,0.0,Avoid Loan
50,2639140,172864,899138,No,0,820,Intermediate,Low,2,Self-Employed,5,House,47064,0.0,Save
59,2728498,70281,971511,No,0,746,Beginner,Medium,2,Business,9,Wealth Creation,157093,0.0,Invest
33,913306,37789,1563446,Yes,1101473,566,Beginner,Low,4,Business,11,Education,38319,1.21,Avoid Loan
31,2886078,202594,867816,Yes,1806635,366,Intermediate,High,5,Salaried,5,Wealth Creation,37912,0.63,Avoid Loan
50,2317536,101411,284772,Yes,1926002,471,Expert,Low,0,Business,6,Education,91717,0.83,Avoid Loan
27,1723821,76515,2232161,No,0,597,Intermediate,Medium,5,Salaried,11,Wealth Creation,67136,0.0,Avoid Loan
34,1027232,62776,1343326,Yes,797498,810,Expert,Medium,1,Salaried,12,Retirement,22826,0.78,Avoid Loan
53,1622801,61404,287659,Yes,1597090,504,Expert,Low,5,Self-Employed,3,Retirement,73829,0.98,Avoid Loan
35,1221474,48052,204449,Yes,2212178,520,Expert,Medium,0,Salaried,1,House,53737,1.81,Avoid Loan
31,1939275,55000,63664,No,0,423,Beginner,High,2,Business,9,Education,106606,0.0,Avoid Loan
30,2014227,23148,1756443,No,0,470,Expert,Medium,1,Salaried,11,House,144704,0.0,Avoid Loan
48,2390161,101587,429665,No,0,375,Expert,Low,1,Business,2,Education,97593,0.0,Avoid Loan
51,1413212,78733,1711430,No,0,473,Intermediate,High,4,Salaried,10,Retirement,39034,0.0,Avoid Loan
28,1441705,79083,634010,No,0,641,Expert,Medium,3,Self-Employed,11,Wealth Creation,41059,0.0,Save
45,1211296,88612,1492261,Yes,290283,689,Intermediate,Medium,1,Business,8,House,12329,0.24,Save
28,1522053,39518,1783032,No,0,864,Beginner,Medium,0,Business,0,Wealth Creation,87319,0.0,Save
31,332069,24460,1973790,Yes,922447,409,Intermediate,Medium,1,Self-Employed,0,Retirement,3212,2.78,Avoid Loan
45,2494251,74644,1111883,Yes,166805,603,Beginner,Medium,3,Self-Employed,2,House,133210,0.07,Save
32,2639035,42881,541990,Yes,2087312,352,Intermediate,Low,2,Salaried,7,Education,177038,0.79,Avoid Loan
57,293215,16838,2279111,No,0,880,Beginner,High,4,Self-Employed,5,Retirement,7596,0.0,Save
26,1703870,79526,322678,No,0,474,Beginner,Low,2,Salaried,6,Education,62463,0.0,Avoid Loan
30,355248,22469,1503310,Yes,2220536,616,Expert,Low,5,Business,12,House,7135,6.25,Avoid Loan
56,2799640,144901,1286260,Yes,1483509,727,Beginner,Low,4,Business,4,Education,88402,0.53,Avoid Loan
58,2581445,155319,800328,No,0,522,Expert,Low,3,Salaried,0,House,59801,0.0,Avoid Loan
29,2322776,87069,313319,No,0,884,Expert,Medium,2,Self-Employed,6,House,106495,0.0,Invest
41,2487235,111814,543879,Yes,2157158,675,Intermediate,Medium,3,Business,11,Wealth Creation,95455,0.87,Avoid Loan
32,1758948,104884,272102,No,0,485,Beginner,High,3,Self-Employed,3,Retirement,41695,0.0,Avoid Loan
38,686802,45461,2025227,No,0,679,Intermediate,Low,2,Self-Employed,11,Wealth Creation,11772,0.0,Save
31,780362,15859,417020,No,0,802,Beginner,Medium,5,Salaried,10,Retirement,49171,0.0,Invest
38,1791063,31892,176555,No,0,531,Beginner,Medium,4,Business,0,Education,117363,0.0,Avoid Loan
52,1272207,93215,2126831,Yes,1533034,532,Beginner,High,2,Self-Employed,5,House,12802,1.21,Avoid Loan
39,2181328,77926,1414850,No,0,456,Intermediate,Medium,2,Business,1,Wealth Creation,103851,0.0,Avoid Loan
27,964622,56422,1759398,Yes,1822719,356,Expert,High,0,Self-Employed,0,Education,23963,1.89,Avoid Loan
23,2901772,45294,903306,No,0,508,Intermediate,Medium,5,Salaried,2,Education,196520,0.0,Avoid Loan
58,1636133,91018,1708674,No,0,440,Expert,Medium,1,Salaried,12,Wealth Creation,45326,0.0,Avoid Loan
27,2617237,119214,291537,No,0,494,Beginner,Low,5,Business,6,Retirement,98889,0.0,Avoid Loan
45,1357869,97856,683520,No,0,582,Beginner,Medium,4,Self-Employed,0,House,15299,0.0,Avoid Loan
48,1367080,40434,967369,No,0,706,Intermediate,Low,1,Salaried,9,Retirement,73489,0.0,Save
37,367232,22235,2428840,Yes,1877420,720,Intermediate,Low,5,Salaried,8,Wealth Creation,8367,5.11,Avoid Loan
37,852837,20025,1492188,No,0,363,Beginner,Low,4,Salaried,1,Retirement,51044,0.0,Avoid Loan
24,1054098,49641,2214361,Yes,1887921,486,Intermediate,Low,4,Business,11,House,38200,1.79,Avoid Loan
48,1444482,31872,1280503,No,0,760,Beginner,Medium,1,Business,12,Education,88501,0.0,Invest
26,800217,42849,1443608,Yes,307507,687,Beginner,Low,5,Business,1,Retirement,23835,0.38,Save
24,783952,42394,1937564,No,0,755,Expert,Medium,4,Self-Employed,4,House,22935,0.0,Save
31,2837097,180732,1182611,Yes,1607095,676,Beginner,Medium,2,Self-Employed,4,House,55692,0.57,Avoid Loan
29,2585187,150612,1131260,Yes,1505842,382,Beginner,Medium,3,Salaried,5,Education,64820,0.58,Avoid Loan
54,1051119,15532,2413983,No,0,872,Beginner,Medium,5,Salaried,12,Retirement,72061,0.0,Invest
30,1277786,58435,2385821,No,0,899,Beginner,High,4,Business,1,Retirement,48047,0.0,Save
60,1544753,101125,1509104,No,0,431,Intermediate,Low,5,Self-Employed,9,Education,27604,0.0,Avoid Loan
40,1680696,75609,1458657,No,0,600,Expert,High,2,Business,10,Education,64449,0.0,Save
29,2851720,176870,920446,Yes,1435406,757,Beginner,Medium,5,Salaried,11,Education,60773,0.5,Avoid Loan
59,1887243,81732,159189,No,0,363,Intermediate,Medium,3,Self-Employed,12,Retirement,75538,0.0,Avoid Loan
29,1526946,30321,1695201,Yes,757923,601,Expert,Low,1,Self-Employed,11,Retirement,96924,0.5,Avoid Loan
37,804623,54902,67080,No,0,893,Expert,High,1,Business,1,Education,12149,0.0,Save
36,2286338,80486,477451,Yes,360510,897,Expert,Medium,2,Business,6,Education,110042,0.16,Invest
54,2737735,177931,2418535,No,0,744,Intermediate,High,4,Salaried,3,Education,50213,0.0,Save
48,1887419,35180,398718,No,0,790,Expert,Medium,1,Salaried,5,Retirement,122104,0.0,Save
56,437956,32095,233805,No,0,599,Intermediate,High,2,Self-Employed,11,Education,4401,0.0,Avoid Loan
34,472083,26888,1511183,No,0,788,Beginner,Medium,1,Salaried,8,House,12452,0.0,Save
48,1481042,99391,1173200,Yes,369311,830,Beginner,Low,2,Salaried,12,Education,24029,0.25,Save
26,1557077,92664,1800302,No,0,778,Expert,Low,3,Self-Employed,8,Retirement,37092,0.0,Invest
35,1868462,68626,967878,Yes,610986,704,Intermediate,Low,1,Business,9,Retirement,87079,0.33,Save
57,1850228,124414,1059626,Yes,1952821,525,Beginner,Low,4,Business,7,Wealth Creation,29771,1.06,Avoid Loan
43,1201165,46769,998156,No,0,758,Beginner,Low,1,Business,10,House,53328,0.0,Invest
57,2386819,37973,1787333,No,0,604,Beginner,Medium,2,Salaried,8,Wealth Creation,160928,0.0,Save
31,1452731,25261,1534697,No,0,476,Intermediate,Low,0,Self-Employed,8,Education,95799,0.0,Avoid Loan
39,1107728,43850,451974,No,0,806,Beginner,High,4,Self-Employed,12,Education,48460,0.0,Invest
50,886230,49534,250999,No,0,587,Beginner,High,2,Business,12,Education,24318,0.0,Avoid Loan
42,2809880,131400,993480,No,0,413,Intermediate,Low,0,Salaried,12,Wealth Creation,102756,0.0,Avoid Loan
47,892001,64870,1225739,No,0,866,Beginner,High,1,Self-Employed,4,Retirement,9463,0.0,Save
36,2816464,202078,2053185,Yes,1882738,557,Beginner,Medium,3,Salaried,4,House,32627,0.67,Avoid Loan
57,2925468,17279,1781803,Yes,1356241,759,Beginner,Low,3,Business,7,Wealth Creation,226510,0.46,Avoid Loan
50,1977586,123479,923271,No,0,780,Beginner,Low,2,Self-Employed,2,Wealth Creation,41319,0.0,Save
38,2570781,105238,1358509,Yes,398197,567,Beginner,Medium,2,Salaried,1,Education,108993,0.15,Avoid Loan
50,1873314,35298,2039812,Yes,2134605,455,Intermediate,High,5,Self-Employed,12,House,120811,1.14,Avoid Loan
34,325643,20743,1046610,Yes,1007439,513,Beginner,Medium,1,Business,6,House,6393,3.09,Avoid Loan
45,2266146,145057,1939872,Yes,1813260,572,Intermediate,Medium,2,Salaried,3,House,43788,0.8,Avoid Loan
53,1931090,102506,918265,Yes,1806815,801,Intermediate,Medium,0,Business,3,Education,58418,0.94,Avoid Loan
26,2361085,129996,1483817,Yes,160738,623,Beginner,High,5,Self-Employed,2,Retirement,66761,0.07,Save
34,2712828,33494,377268,Yes,2181640,831,Intermediate,Medium,5,Business,11,House,192575,0.8,Avoid Loan
29,880894,40070,1807148,No,0,392,Intermediate,Medium,3,Self-Employed,5,Education,33337,0.0,Avoid Loan
55,2317309,150804,1076235,Yes,1400012,535,Expert,High,4,Salaried,4,Retirement,42305,0.6,Avoid Loan
46,2021627,151225,799027,No,0,687,Beginner,Low,1,Business,1,Retirement,17243,0.0,Save
51,1907119,137438,1529024,No,0,629,Beginner,Medium,5,Business,12,House,21488,0.0,Save
24,1909598,97613,341841,Yes,940055,493,Beginner,High,5,Business,4,Education,61520,0.49,Avoid Loan
30,2025789,15429,1796013,No,0,801,Expert,High,1,Self-Employed,0,House,153386,0.0,Save
36,1679485,32137,1752503,Yes,187471,423,Intermediate,Medium,4,Business,5,Wealth Creation,107820,0.11,Avoid Loan
44,2786026,21345,31930,Yes,2478852,363,Beginner,High,4,Salaried,5,Retirement,210823,0.89,Avoid Loan
56,1760597,66404,1808103,No,0,570,Beginner,Low,3,Self-Employed,12,Retirement,80312,0.0,Avoid Loan
56,731059,21802,2445826,Yes,565779,852,Beginner,High,4,Salaried,8,Retirement,39119,0.77,Avoid Loan
56,1035876,43056,2050645,Yes,1321094,506,Intermediate,High,3,Business,4,Retirement,43267,1.28,Avoid Loan
33,1448551,54576,1248561,Yes,440838,567,Beginner,Low,3,Self-Employed,11,House,66136,0.3,Avoid Loan
59,2105150,84061,2401217,No,0,601,Expert,Medium,2,Salaried,5,Retirement,91368,0.0,Save
51,1347033,86689,1176248,Yes,1103343,399,Expert,Medium,5,Salaried,12,Education,25563,0.82,Avoid Loan
45,2580851,112504,2106975,No,0,578,Expert,Low,0,Self-Employed,7,Wealth Creation,102566,0.0,Avoid Loan
48,2777586,117001,54606,Yes,850203,427,Intermediate,Low,3,Business,10,Wealth Creation,114464,0.31,Avoid Loan
39,2643238,78532,1164098,No,0,692,Beginner,High,1,Salaried,0,Education,141737,0.0,Save
26,290246,20974,2468253,Yes,2313283,576,Intermediate,Low,5,Self-Employed,12,Retirement,3213,7.97,Avoid Loan
53,767614,27387,2155477,No,0,638,Intermediate,Medium,0,Self-Employed,9,Wealth Creation,36580,0.0,Save
48,2720855,35171,984887,Yes,1877332,532,Beginner,Low,0,Salaried,5,House,191566,0.69,Avoid Loan
46,478523,32855,1412190,Yes,259939,821,Beginner,Medium,3,Business,6,Retirement,7021,0.54,Avoid Loan
60,2953566,103814,1274153,Yes,134044,411,Beginner,Medium,2,Salaried,4,Retirement,142316,0.05,Avoid Loan
59,2601587,191868,1791353,No,0,508,Intermediate,Medium,0,Business,0,Education,24930,0.0,Avoid Loan
26,692493,45738,1944697,Yes,1737274,460,Beginner,Low,0,Self-Employed,0,House,11969,2.51,Avoid Loan
51,2889599,205610,705031,No,0,677,Intermediate,High,1,Business,10,Wealth Creation,35189,0.0,Save
40,657994,31678,67596,No,0,741,Intermediate,Low,4,Salaried,3,Wealth Creation,23154,0.0,Save
52,1455870,99663,94782,No,0,693,Beginner,Low,1,Salaried,11,Education,21659,0.0,Save
31,1380434,48585,81932,No,0,568,Beginner,Low,1,Self-Employed,1,Retirement,66451,0.0,Avoid Loan
55,2700969,161618,1125454,No,0,648,Intermediate,Low,4,Self-Employed,1,Wealth Creation,63462,0.0,Save
33,948502,64663,653228,No,0,736,Intermediate,Low,4,Salaried,7,House,14378,0.0,Save
24,1703532,121847,2282218,No,0,809,Beginner,High,0,Self-Employed,5,Education,20114,0.0,Save
58,674440,34946,462580,No,0,536,Beginner,Medium,3,Salaried,9,Wealth Creation,21257,0.0,Avoid Loan
40,1061430,42792,2033884,Yes,426478,524,Expert,High,3,Self-Employed,1,House,45660,0.4,Avoid Loan
49,2959534,99988,1362768,Yes,1054939,675,Beginner,Medium,0,Self-Employed,4,House,146639,0.36,Save
59,2570456,114234,422303,No,0,579,Beginner,Medium,1,Salaried,10,House,99970,0.0,Avoid Loan
45,1968267,43116,825961,Yes,2372918,681,Beginner,Low,2,Business,2,Retirement,120906,1.21,Avoid Loan
42,2800602,204370,715500,No,0,719,Intermediate,Medium,5,Salaried,7,House,29013,0.0,Save
45,2938147,162326,722170,No,0,701,Beginner,Low,5,Salaried,1,Wealth Creation,82519,0.0,Save
23,2189842,89886,426111,Yes,1265146,707,Intermediate,High,2,Salaried,6,House,92600,0.58,Avoid Loan
39,1288343,21958,70876,No,0,391,Expert,Low,2,Business,9,Retirement,85403,0.0,Avoid Loan
52,2213757,57381,1146688,Yes,1315319,451,Expert,High,0,Business,3,Wealth Creation,127098,0.59,Avoid Loan
44,333556,23754,1168791,Yes,559881,423,Beginner,High,4,Business,12,Retirement,4042,1.68,Avoid Loan
46,1992337,27153,756462,No,0,815,Expert,Medium,3,Business,11,Retirement,138875,0.0,Invest
54,1855786,98010,25935,No,0,874,Intermediate,Low,4,Business,2,Wealth Creation,56638,0.0,Avoid Loan
35,1103631,53486,320328,Yes,2426757,509,Beginner,High,3,Business,7,Wealth Creation,38483,2.2,Avoid Loan
25,878058,25214,1253302,No,0,900,Intermediate,High,1,Business,6,Wealth Creation,47957,0.0,Invest
53,1929279,127190,321738,No,0,833,Expert,High,3,Business,4,Wealth Creation,33583,0.0,Save
36,362797,19250,2486674,No,0,822,Beginner,Medium,1,Salaried,7,Wealth Creation,10983,0.0,Save
22,1238907,17968,687821,Yes,761732,893,Beginner,Medium,4,Salaried,5,House,85274,0.61,Avoid Loan
25,533688,19308,419001,No,0,694,Intermediate,Medium,5,Self-Employed,1,Retirement,25166,0.0,Save
27,1023904,42400,1904334,Yes,1163634,675,Beginner,Low,0,Self-Employed,6,Retirement,42925,1.14,Avoid Loan
24,1668856,57165,229433,No,0,874,Expert,Medium,5,Salaried,8,Education,81906,0.0,Save
58,268828,17009,75318,No,0,898,Expert,High,3,Business,4,Retirement,5393,0.0,Save
53,2557636,117994,1657955,No,0,511,Beginner,Medium,1,Self-Employed,0,Wealth Creation,95142,0.0,Avoid Loan
22,2203230,98349,1548128,Yes,1800789,721,Beginner,Low,3,Self-Employed,12,House,85253,0.82,Avoid Loan
46,1564251,84088,327095,No,0,697,Intermediate,Medium,2,Business,11,Wealth Creation,46266,0.0,Save
54,1779460,82065,1744633,No,0,498,Beginner,Medium,1,Business,9,Education,66223,0.0,Avoid Loan
26,1622777,71796,1871245,No,0,896,Beginner,Low,4,Business,8,Education,63435,0.0,Invest
42,1791905,102980,2353598,Yes,1613846,464,Intermediate,Medium,5,Business,3,Retirement,46345,0.9,Avoid Loan
36,2542427,129709,37625,No,0,409,Beginner,Low,5,Self-Employed,0,House,82159,0.0,Avoid Loan
49,2203508,82351,271221,Yes,2099106,630,Beginner,High,0,Self-Employed,7,Wealth Creation,101274,0.95,Avoid Loan
29,711950,32093,926464,No,0,864,Beginner,Medium,0,Self-Employed,6,Education,27236,0.0,Invest
60,2014699,63295,2407780,No,0,389,Beginner,Low,1,Salaried,0,Retirement,104596,0.0,Avoid Loan
37,2141752,148430,1530554,Yes,1331558,797,Expert,Medium,5,Salaried,10,Retirement,30049,0.62,Avoid Loan
42,762749,32606,374843,Yes,1806558,547,Intermediate,High,3,Self-Employed,12,Education,30956,2.37,Avoid Loan
30,923768,24379,1122311,Yes,1398131,534,Beginner,Medium,0,Self-Employed,8,House,52601,1.51,Avoid Loan
27,2495670,166190,651427,Yes,1184425,768,Beginner,Medium,4,Self-Employed,7,Wealth Creation,41782,0.47,Avoid Loan
36,2553242,106466,2027416,No,0,674,Beginner,Low,1,Salaried,11,Retirement,106304,0.0,Save
53,2677839,78850,511611,Yes,2226888,834,Beginner,High,2,Self-Employed,2,Education,144303,0.83,Avoid Loan
23,1640041,55868,2131822,Yes,399387,816,Intermediate,Low,5,Business,2,Retirement,80802,0.24,Save
59,2535188,184121,48369,No,0,400,Beginner,Low,2,Self-Employed,1,Education,27144,0.0,Avoid Loan
25,2076925,109945,904557,Yes,1214669,812,Beginner,High,5,Salaried,11,Education,63132,0.58,Avoid Loan
43,801895,59060,2465197,Yes,1652025,596,Intermediate,Low,1,Self-Employed,0,Education,7764,2.06,Avoid Loan
59,442425,21546,268913,No,0,592,Beginner,Low,1,Business,12,House,15322,0.0,Avoid Loan
60,392471,16395,949022,Yes,1828961,667,Expert,Low,1,Self-Employed,9,House,16310,4.66,Avoid Loan
43,2801780,195637,2198908,Yes,1498467,493,Intermediate,Low,0,Self-Employed,1,House,37844,0.53,Avoid Loan
21,440592,27941,1824330,No,0,797,Intermediate,Medium,5,Self-Employed,6,House,8775,0.0,Save
25,2240838,27403,2072754,Yes,1746754,614,Beginner,Low,2,Business,10,Education,159333,0.78,Avoid Loan
36,2685969,36981,2199977,No,0,581,Expert,Low,3,Self-Employed,10,House,186849,0.0,Avoid Loan
54,1849900,59489,2142396,No,0,569,Intermediate,Medium,2,Salaried,6,Retirement,94669,0.0,Avoid Loan
31,373299,17255,36727,Yes,943897,767,Intermediate,Low,1,Salaried,0,Retirement,13853,2.53,Avoid Loan
21,1112738,50799,1739742,No,0,377,Expert,Low,4,Salaried,7,Education,41929,0.0,Avoid Loan
39,1699350,48548,476205,Yes,1980644,845,Beginner,Low,4,Self-Employed,4,Education,93064,1.17,Avoid Loan
38,1562919,20025,1478137,No,0,470,Expert,Medium,3,Self-Employed,8,Retirement,110218,0.0,Avoid Loan
45,470361,29385,1225929,Yes,200636,696,Expert,High,5,Business,5,Wealth Creation,9811,0.43,Avoid Loan
58,2463432,68249,667678,No,0,710,Intermediate,Medium,2,Salaried,5,Retirement,137037,0.0,Save
28,2982850,178024,1064911,No,0,848,Expert,Medium,1,Self-Employed,7,Education,70546,0.0,Invest
25,844103,60015,2452891,Yes,2303276,691,Beginner,Low,0,Salaried,9,Wealth Creation,10326,2.73,Avoid Loan
52,871495,61833,1368060,No,0,360,Intermediate,High,3,Self-Employed,2,Retirement,10791,0.0,Avoid Loan
21,2827479,182709,1093118,Yes,1786863,562,Intermediate,Medium,0,Business,0,House,52914,0.63,Avoid Loan
44,1885264,120047,1430316,Yes,1228041,751,Intermediate,Low,2,Self-Employed,2,House,37058,0.65,Avoid Loan
53,2819497,155744,1453743,No,0,766,Intermediate,Medium,4,Self-Employed,11,Education,79214,0.0,Invest
59,2070755,144627,802233,No,0,837,Expert,Low,4,Business,4,Education,27935,0.0,Save
55,1762927,92488,1617512,No,0,429,Intermediate,Medium,5,Business,2,Wealth Creation,54422,0.0,Avoid Loan
51,761061,22459,787999,No,0,868,Intermediate,Medium,5,Self-Employed,8,Education,40962,0.0,Invest
36,2112488,149440,2180870,No,0,841,Beginner,Low,0,Business,9,House,26600,0.0,Invest
26,1307318,59081,1946152,Yes,159189,544,Beginner,Low,3,Salaried,1,Retirement,49862,0.12,Avoid Loan
49,547932,30425,2152526,No,0,525,Intermediate,Medium,4,Salaried,3,House,15236,0.0,Avoid Loan
31,2818302,87263,1644471,Yes,2196984,755,Beginner,Low,3,Self-Employed,12,House,147595,0.78,Avoid Loan
56,1245829,72810,726369,No,0,861,Intermediate,High,0,Business,7,Wealth Creation,31009,0.0,Invest
57,915115,31712,22974,Yes,2100032,405,Intermediate,High,0,Self-Employed,10,Retirement,44547,2.29,Avoid Loan
38,2666208,108139,1646437,Yes,1039539,736,Beginner,Low,2,Salaried,6,Retirement,114045,0.39,Save
34,1904710,52330,323471,No,0,593,Intermediate,Low,5,Salaried,5,Education,106395,0.0,Avoid Loan
29,1076811,43056,406050,No,0,727,Beginner,Low,0,Self-Employed,0,Wealth Creation,46678,0.0,Save
53,1431134,101928,1692142,No,0,834,Beginner,Medium,4,Salaried,5,Wealth Creation,17333,0.0,Save
52,2792194,112615,1561251,No,0,440,Expert,Low,3,Salaried,11,House,120067,0.0,Avoid Loan
53,2908032,134300,688300,No,0,651,Beginner,Medium,5,Salaried,1,Retirement,108036,0.0,Save
55,511685,27675,786887,Yes,1498424,734,Beginner,Low,3,Salaried,11,House,14965,2.93,Avoid Loan
23,1163720,39201,713691,Yes,72354,785,Beginner,Medium,3,Salaried,7,House,57775,0.06,Invest
50,323668,18799,929799,No,0,365,Beginner,Low,3,Salaried,10,Retirement,8173,0.0,Avoid Loan
38,1243029,45615,157460,Yes,1586579,718,Intermediate,Low,1,Salaried,1,House,57970,1.28,Avoid Loan
43,2399540,144318,1285484,No,0,513,Beginner,Medium,3,Business,5,Wealth Creation,55643,0.0,Avoid Loan
51,1083329,20385,191774,Yes,317737,789,Beginner,Low,5,Self-Employed,12,Wealth Creation,69892,0.29,Save
34,2748019,58399,657862,Yes,1247995,847,Intermediate,High,1,Salaried,12,Wealth Creation,170602,0.45,Save
27,1059487,32850,1219109,No,0,802,Intermediate,Low,3,Business,7,Retirement,55440,0.0,Invest
38,2472735,180495,1579833,No,0,481,Intermediate,High,5,Salaried,10,Education,25566,0.0,Avoid Loan
29,2475699,143442,527935,Yes,1056411,514,Beginner,Low,3,Self-Employed,4,Retirement,62866,0.43,Avoid Loan
52,1397466,37206,761402,Yes,2214831,387,Beginner,Medium,0,Business,0,Wealth Creation,79249,1.58,Avoid Loan
53,1852695,131030,2277308,No,0,683,Intermediate,Low,1,Self-Employed,11,Retirement,23361,0.0,Save
50,739333,52399,627004,No,0,635,Beginner,Medium,2,Salaried,7,Wealth Creation,9212,0.0,Save
52,2971007,166201,665928,No,0,601,Beginner,Low,1,Salaried,12,Wealth Creation,81382,0.0,Save
29,2469189,97634,571967,No,0,730,Beginner,Medium,2,Salaried,7,House,108131,0.0,Invest
56,1908874,28642,847441,Yes,866900,891,Intermediate,Medium,1,Self-Employed,9,House,130430,0.45,Save
46,2719721,40922,1745111,No,0,442,Intermediate,High,3,Salaried,11,Education,185721,0.0,Avoid Loan
41,1755097,40358,529546,Yes,1995645,420,Beginner,Low,0,Salaried,4,Retirement,105900,1.14,Avoid Loan
41,1512214,105749,2193745,No,0,674,Intermediate,Low,5,Self-Employed,2,Wealth Creation,20268,0.0,Save
32,2623110,190424,189656,No,0,533,Intermediate,Medium,0,Salaried,12,Wealth Creation,28168,0.0,Avoid Loan
60,859745,21858,1155370,Yes,731381,462,Expert,Medium,0,Self-Employed,3,Wealth Creation,49787,0.85,Avoid Loan
37,962711,45507,1965276,No,0,481,Beginner,Medium,5,Business,4,Wealth Creation,34718,0.0,Avoid Loan
49,1367479,35816,412539,Yes,1116562,439,Expert,Low,3,Self-Employed,5,Education,78140,0.82,Avoid Loan
32,2583761,68918,266897,No,0,485,Beginner,High,3,Salaried,1,Retirement,146395,0.0,Avoid Loan
57,2290701,57414,2201502,No,0,751,Beginner,High,1,Business,5,Wealth Creation,133477,0.0,Save
40,2985712,184950,2428158,No,0,724,Beginner,High,3,Business,7,House,63859,0.0,Invest
32,734866,16076,976659,Yes,322395,399,Expert,Medium,2,Salaried,4,Wealth Creation,45162,0.44,Avoid Loan
49,1695118,37409,1209318,No,0,617,Expert,Medium,5,Salaried,6,Wealth Creation,103850,0.0,Save
51,2168479,33525,1929200,No,0,720,Beginner,High,1,Self-Employed,5,House,147181,0.0,Save
52,1327513,67155,1833748,No,0,801,Intermediate,Low,2,Business,5,Retirement,43471,0.0,Save
38,336197,17775,2319437,Yes,1520659,677,Beginner,Medium,2,Self-Employed,11,Retirement,10241,4.52,Avoid Loan
34,2692223,180591,2002481,Yes,1402009,780,Intermediate,High,5,Salaried,6,Education,43760,0.52,Avoid Loan
22,2885030,215901,1642491,Yes,1780940,814,Beginner,Medium,2,Self-Employed,11,Education,24518,0.62,Avoid Loan
46,2648864,187611,2354543,No,0,487,Beginner,Low,1,Salaried,6,House,33127,0.0,Avoid Loan
44,1822256,130258,1236331,Yes,1892469,373,Expert,Medium,5,Self-Employed,12,House,21596,1.04,Avoid Loan
47,1508008,35352,737456,Yes,2047654,790,Beginner,Low,3,Business,2,House,90315,1.36,Avoid Loan
47,530543,35536,1276589,Yes,1012748,545,Intermediate,Medium,0,Self-Employed,3,Education,8675,1.91,Avoid Loan
54,909915,33977,2380066,No,0,525,Beginner,Low,3,Business,10,Wealth Creation,41849,0.0,Avoid Loan
51,770913,42161,188951,No,0,370,Beginner,Low,0,Salaried,2,Education,22081,0.0,Avoid Loan
53,948585,37433,568976,No,0,383,Beginner,Medium,1,Self-Employed,0,Retirement,41615,0.0,Avoid Loan
48,1320228,36138,2178433,No,0,671,Expert,High,1,Business,9,House,73881,0.0,Save
57,1312900,37437,1229916,No,0,712,Beginner,High,2,Salaried,11,House,71971,0.0,Save
30,2889223,36893,1123798,Yes,1872944,523,Intermediate,High,5,Self-Employed,2,Retirement,203875,0.65,Avoid Loan
38,2122021,15172,349841,Yes,325382,824,Beginner,Medium,4,Business,11,Wealth Creation,161663,0.15,Invest
30,731111,38422,195939,Yes,2363011,546,Intermediate,Medium,1,Salaried,7,Wealth Creation,22503,3.23,Avoid Loan
52,810206,48742,1850382,Yes,422191,360,Intermediate,High,4,Business,6,Retirement,18775,0.52,Avoid Loan
33,1561046,44592,2423622,Yes,1779753,514,Expert,Low,1,Self-Employed,11,Retirement,85495,1.14,Avoid Loan
25,750406,15357,299086,Yes,444897,519,Intermediate,Low,1,Self-Employed,11,House,47176,0.59,Avoid Loan
25,2609296,88868,343046,Yes,1312087,554,Beginner,Low,5,Salaried,0,House,128573,0.5,Avoid Loan
33,1990549,78129,1711328,No,0,707,Beginner,Low,4,Business,3,Retirement,87750,0.0,Save
37,488373,17577,75973,No,0,702,Beginner,High,4,Self-Employed,1,Wealth Creation,23120,0.0,Save
30,1575822,89351,2460224,Yes,1989756,351,Intermediate,Medium,0,Business,11,Education,41967,1.26,Avoid Loan
51,1259603,68958,195399,No,0,620,Intermediate,Medium,1,Self-Employed,7,Retirement,36008,0.0,Save
36,2074610,26472,591064,No,0,714,Intermediate,High,3,Business,7,House,146412,0.0,Save
51,1614932,18570,697152,No,0,533,Intermediate,High,4,Self-Employed,1,Wealth Creation,116007,0.0,Avoid Loan
28,2557206,44965,194660,No,0,756,Beginner,Low,4,Self-Employed,3,Wealth Creation,168135,0.0,Save
59,1488790,77808,659287,No,0,785,Beginner,Medium,4,Salaried,5,House,46257,0.0,Save
46,804433,53610,39646,No,0,739,Intermediate,Medium,1,Self-Employed,0,House,13426,0.0,Avoid Loan
39,1510041,105917,513005,Yes,1380387,689,Beginner,Low,2,Business,7,Education,19919,0.91,Avoid Loan
55,1501724,17673,933998,No,0,565,Expert,High,1,Self-Employed,1,Education,107470,0.0,Avoid Loan
41,2521739,90589,150108,No,0,539,Beginner,Low,5,Self-Employed,2,House,119555,0.0,Avoid Loan
41,912635,68316,1072627,No,0,535,Intermediate,Low,0,Self-Employed,7,Education,7736,0.0,Avoid Loan
35,1072229,78540,2136440,No,0,356,Intermediate,High,4,Business,2,Education,10812,0.0,Avoid Loan
22,1516701,87784,1057125,No,0,548,Intermediate,High,2,Salaried,10,Education,38607,0.0,Avoid Loan
28,262705,18776,714962,Yes,86992,689,Expert,Low,2,Business,3,Retirement,3116,0.33,Avoid Loan
22,2675374,26938,961302,No,0,428,Beginner,Medium,2,Salaried,7,Retirement,196009,0.0,Avoid Loan
38,2445956,54786,1435184,No,0,710,Beginner,Medium,1,Self-Employed,7,Retirement,149043,0.0,Save
35,1005144,51366,1967287,Yes,2246873,752,Beginner,Low,4,Business,9,Retirement,32396,2.24,Avoid Loan
35,1608305,70558,1857206,No,0,642,Intermediate,High,2,Business,1,Wealth Creation,63467,0.0,Save
51,1918132,130388,1446891,No,0,726,Beginner,Medium,1,Business,11,Retirement,29456,0.0,Invest
58,1219298,24223,409306,No,0,624,Intermediate,High,0,Business,5,Retirement,77385,0.0,Save
25,2705266,130294,39144,No,0,836,Expert,Low,4,Business,1,House,95144,0.0,Avoid Loan
41,1495510,100083,225920,Yes,959416,811,Expert,Medium,2,Salaried,11,Education,24542,0.64,Avoid Loan
24,685182,24079,1983023,Yes,781049,365,Intermediate,Medium,2,Business,0,House,33019,1.14,Avoid Loan
26,2740106,58208,494059,Yes,2029537,764,Beginner,Medium,2,Business,7,Education,170134,0.74,Avoid Loan
27,634465,47459,2485834,Yes,132422,407,Intermediate,Low,4,Salaried,7,Retirement,5413,0.21,Avoid Loan
42,1310729,20020,700822,No,0,496,Beginner,Medium,4,Self-Employed,7,Retirement,89207,0.0,Avoid Loan
49,2556709,165485,1513387,Yes,1683050,704,Intermediate,Medium,2,Salaried,11,Education,47574,0.66,Avoid Loan
53,1326119,23263,2469038,No,0,700,Intermediate,Low,5,Salaried,8,Wealth Creation,87246,0.0,Save
53,320583,20614,1792065,Yes,1919695,769,Beginner,Medium,3,Self-Employed,2,House,6101,5.99,Avoid Loan
56,370565,22286,250841,Yes,1578518,799,Expert,Low,1,Business,5,House,8594,4.26,Avoid Loan
52,584262,37164,1654034,No,0,605,Beginner,Low,3,Business,6,House,11524,0.0,Save
27,414917,20424,1424021,No,0,888,Intermediate,High,4,Self-Employed,12,Wealth Creation,14152,0.0,Save
57,1005538,60735,1689108,Yes,1463847,567,Intermediate,Low,2,Business,7,Education,23059,1.46,Avoid Loan
37,1499011,97011,2127507,No,0,720,Intermediate,High,0,Self-Employed,4,Retirement,27906,0.0,Save
24,2352005,125028,465123,No,0,468,Intermediate,Medium,1,Salaried,5,Education,70972,0.0,Avoid Loan
24,1582800,102201,998454,Yes,695646,465,Expert,Low,3,Business,2,Wealth Creation,29699,0.44,Avoid Loan
44,2598458,26822,2351538,No,0,360,Intermediate,Medium,0,Self-Employed,0,Wealth Creation,189716,0.0,Avoid Loan
37,1582335,93915,193726,Yes,2026140,531,Intermediate,High,2,Salaried,10,House,37946,1.28,Avoid Loan
25,1236318,18170,2043898,No,0,527,Intermediate,Low,0,Salaried,10,House,84856,0.0,Avoid Loan
59,1297759,33189,1092341,Yes,882429,385,Expert,High,4,Self-Employed,10,House,74957,0.68,Avoid Loan
39,2762428,86350,2129949,Yes,622221,803,Beginner,Medium,2,Self-Employed,2,Wealth Creation,143852,0.23,Save
58,2207417,48339,1430466,No,0,782,Beginner,Medium,4,Salaried,6,Education,135612,0.0,Invest
26,1071973,70411,966900,Yes,2448648,563,Intermediate,Low,0,Self-Employed,8,Education,18920,2.28,Avoid Loan
55,2425274,139679,2306466,No,0,446,Intermediate,Medium,4,Self-Employed,7,Retirement,62427,0.0,Avoid Loan
27,2781440,195115,1268671,No,0,391,Intermediate,High,2,Self-Employed,9,Retirement,36671,0.0,Avoid Loan
28,1421756,40197,1207893,No,0,643,Intermediate,Low,3,Self-Employed,9,Education,78282,0.0,Save
31,1960692,105115,104162,Yes,1433005,564,Intermediate,Medium,2,Salaried,2,Retirement,58276,0.73,Avoid Loan
32,2776623,66887,1290226,No,0,765,Beginner,Low,1,Self-Employed,6,House,164498,0.0,Invest
32,347998,24014,1754351,Yes,1390791,623,Beginner,High,5,Self-Employed,9,Education,4985,4.0,Avoid Loan
24,977734,39736,531851,Yes,2443634,372,Beginner,Medium,5,Business,3,House,41741,2.5,Avoid Loan
38,702058,35965,1604751,Yes,2166006,440,Beginner,Low,0,Salaried,5,Education,22539,3.09,Avoid Loan
55,1027904,44916,573422,No,0,568,Intermediate,Low,3,Self-Employed,7,House,40742,0.0,Avoid Loan
33,2896322,205821,1039418,No,0,717,Beginner,Medium,5,Self-Employed,10,Retirement,35539,0.0,Save
28,2402233,109316,304440,No,0,457,Beginner,Medium,0,Self-Employed,7,Retirement,90870,0.0,Avoid Loan
53,341497,18528,1460210,No,0,643,Beginner,Medium,2,Self-Employed,7,House,9930,0.0,Save
31,619994,24622,226767,No,0,636,Beginner,Low,4,Salaried,3,Retirement,27044,0.0,Save
35,2404067,64886,137857,Yes,1843376,716,Beginner,High,0,Self-Employed,4,Retirement,135452,0.77,Avoid Loan
24,2129135,132334,2420611,No,0,654,Expert,High,3,Business,2,Education,45093,0.0,Save
34,1508400,25267,1717002,Yes,1452761,736,Beginner,High,0,Business,9,House,100433,0.96,Avoid Loan
52,1181967,15570,2240289,No,0,665,Expert,Medium,1,Self-Employed,4,Retirement,82927,0.0,Save
58,1270859,61698,402748,Yes,493392,742,Beginner,Low,0,Self-Employed,2,Wealth Creation,44206,0.39,Save
43,493550,31464,1744369,Yes,305251,598,Intermediate,Medium,5,Business,4,Education,9665,0.62,Avoid Loan
31,2050279,137039,373421,Yes,2200203,784,Intermediate,Medium,1,Self-Employed,2,Education,33817,1.07,Avoid Loan
33,2661409,189160,1209195,No,0,500,Intermediate,Medium,0,Salaried,6,Wealth Creation,32624,0.0,Avoid Loan
59,2684849,119871,202827,Yes,1671760,738,Expert,Low,1,Self-Employed,9,Retirement,103866,0.62,Avoid Loan
46,735647,21845,1333407,Yes,649845,768,Beginner,Low,5,Salaried,1,Retirement,39458,0.88,Avoid Loan
27,2198476,90789,1252939,No,0,608,Beginner,High,1,Self-Employed,9,Wealth Creation,92417,0.0,Save
60,2517514,55235,172793,Yes,2093988,528,Beginner,Medium,0,Self-Employed,5,Wealth Creation,154557,0.83,Avoid Loan
30,1391067,23885,1067960,Yes,2061216,480,Intermediate,Medium,0,Salaried,9,Wealth Creation,92037,1.48,Avoid Loan
40,2903222,39646,1290777,Yes,600295,898,Beginner,Low,4,Self-Employed,12,Wealth Creation,202289,0.21,Invest
29,2444033,101616,1123363,Yes,721359,834,Beginner,Medium,5,Business,2,Education,102053,0.3,Save
43,1308120,15144,209018,Yes,1458795,584,Beginner,Low,1,Business,12,Retirement,93866,1.12,Avoid Loan
36,520583,24575,1157311,No,0,444,Intermediate,Low,2,Salaried,5,Wealth Creation,18806,0.0,Avoid Loan
25,1505587,32231,1104098,Yes,655802,580,Beginner,High,3,Self-Employed,12,Wealth Creation,93234,0.44,Avoid Loan
40,1862847,40563,1914484,Yes,991044,719,Beginner,Low,1,Self-Employed,8,Wealth Creation,114674,0.53,Avoid Loan
44,524639,37424,999132,Yes,2113195,875,Intermediate,High,5,Salaried,10,Wealth Creation,6295,4.03,Avoid Loan
53,2304815,154763,1210294,Yes,1690264,680,Beginner,High,2,Self-Employed,1,Wealth Creation,37304,0.73,Avoid Loan
55,442500,30964,2190588,Yes,1950043,428,Expert,Low,1,Salaried,5,Education,5911,4.41,Avoid Loan
48,2092654,47124,1036250,No,0,687,Intermediate,Medium,3,Salaried,10,House,127263,0.0,Save
42,455379,28795,373041,No,0,514,Intermediate,Medium,5,Business,4,Education,9153,0.0,Avoid Loan
41,2600315,42386,1786048,No,0,556,Expert,Medium,0,Business,11,Education,174306,0.0,Avoid Loan
46,291011,15777,596456,No,0,792,Beginner,High,3,Business,9,House,8473,0.0,Save
36,1367637,92783,1476486,No,0,363,Beginner,High,3,Salaried,11,Retirement,21186,0.0,Avoid Loan
50,2707689,127143,919507,Yes,1252205,435,Beginner,High,0,Salaried,4,House,98497,0.46,Avoid Loan
51,1152573,49901,913462,No,0,833,Intermediate,Low,1,Self-Employed,3,Retirement,46146,0.0,Save
27,2929837,167318,994911,Yes,690116,738,Intermediate,Low,0,Salaried,3,Wealth Creation,76835,0.24,Save
45,2289849,92744,2114866,Yes,394262,505,Intermediate,High,3,Self-Employed,12,Retirement,98076,0.17,Avoid Loan
37,579383,34085,757407,No,0,803,Beginner,Low,1,Self-Employed,3,Retirement,14196,0.0,Save
26,2159047,148140,2208087,Yes,769272,728,Expert,Low,4,Business,0,Wealth Creation,31780,0.36,Save
38,1759924,115861,1788264,Yes,1987144,472,Intermediate,Medium,2,Business,11,Retirement,30799,1.13,Avoid Loan
27,1687792,61503,303368,Yes,1120514,866,Beginner,Medium,5,Salaried,1,House,79146,0.66,Avoid Loan
34,396497,23431,1805510,Yes,585542,639,Expert,High,4,Salaried,5,Education,9610,1.48,Avoid Loan
41,325835,21270,209617,Yes,613238,450,Beginner,Medium,0,Salaried,11,House,5882,1.88,Avoid Loan
50,2177206,53238,2171965,Yes,748422,642,Beginner,Medium,2,Self-Employed,8,Wealth Creation,128195,0.34,Save
41,2898897,46241,1733480,No,0,482,Beginner,Medium,3,Self-Employed,7,Wealth Creation,195333,0.0,Avoid Loan
57,366401,25393,1205090,Yes,713785,573,Intermediate,Low,1,Self-Employed,11,House,5140,1.95,Avoid Loan
55,2306096,52151,1660090,No,0,434,Beginner,Medium,0,Self-Employed,11,Wealth Creation,140023,0.0,Avoid Loan
21,478986,25675,914862,Yes,949730,712,Intermediate,High,5,Business,7,Education,14240,1.98,Avoid Loan
56,598609,32585,1102715,Yes,682093,412,Beginner,High,5,Self-Employed,4,Wealth Creation,17299,1.14,Avoid Loan
35,1954125,63402,1693301,Yes,1018788,515,Intermediate,Medium,3,Self-Employed,7,Wealth Creation,99441,0.52,Avoid Loan
34,2419607,80607,1429934,No,0,664,Expert,High,3,Self-Employed,1,House,121026,0.0,Save
32,459388,16431,2277744,No,0,562,Beginner,Low,5,Salaried,0,House,21851,0.0,Avoid Loan
35,802213,37435,735433,No,0,828,Beginner,Low,5,Self-Employed,6,Retirement,29416,0.0,Invest
57,2359607,162121,1032622,Yes,2113110,428,Intermediate,High,1,Business,10,Retirement,34512,0.9,Avoid Loan
39,1116778,75862,648584,Yes,2422830,691,Intermediate,Medium,3,Self-Employed,6,Wealth Creation,17202,2.17,Avoid Loan
43,1617828,81718,882650,No,0,680,Intermediate,Medium,1,Business,11,Education,53101,0.0,Save
51,785059,32288,266990,No,0,829,Expert,Low,4,Business,3,Retirement,33133,0.0,Save
59,383617,24965,157325,Yes,1914289,460,Intermediate,High,1,Business,11,Wealth Creation,7003,4.99,Avoid Loan
28,2478313,38407,1035583,No,0,818,Expert,High,0,Salaried,9,Retirement,168119,0.0,Invest
57,991545,70517,976239,Yes,2074276,685,Expert,Medium,5,Salaried,8,Education,12111,2.09,Avoid Loan
34,346819,24994,407751,Yes,1570294,870,Beginner,Low,3,Business,0,Education,3907,4.53,Avoid Loan
52,1450694,74916,1550936,Yes,1676922,492,Expert,Medium,5,Business,0,House,45975,1.16,Avoid Loan
48,1921859,67051,392846,Yes,1075760,786,Intermediate,High,5,Self-Employed,4,House,93103,0.56,Avoid Loan
28,708614,49685,1499843,No,0,853,Beginner,Low,5,Self-Employed,7,Wealth Creation,9366,0.0,Save
38,640887,24640,1575693,No,0,737,Intermediate,High,4,Business,12,Education,28767,0.0,Invest
56,673512,17287,1164471,No,0,710,Expert,Medium,0,Salaried,2,Education,38839,0.0,Save
29,1994430,56249,1356982,No,0,789,Intermediate,Medium,5,Business,12,Wealth Creation,109953,0.0,Invest
38,993149,19443,1740591,No,0,364,Beginner,Low,2,Salaried,3,Education,63319,0.0,Avoid Loan
24,2865029,23522,400306,Yes,1090959,514,Expert,High,2,Self-Employed,9,Retirement,215230,0.38,Avoid Loan
49,2072210,77265,1924102,No,0,734,Intermediate,Low,0,Business,1,House,95419,0.0,Save
55,636922,26870,2253541,No,0,479,Intermediate,Medium,1,Self-Employed,12,Education,26206,0.0,Avoid Loan
24,2577661,138880,2043185,No,0,427,Expert,High,1,Business,12,Retirement,75925,0.0,Avoid Loan
42,2730892,87354,1091150,No,0,775,Intermediate,Medium,4,Self-Employed,2,Education,140220,0.0,Save
58,2866294,61805,484644,No,0,722,Beginner,Medium,5,Self-Employed,9,Wealth Creation,177052,0.0,Invest
26,1531056,81065,1004286,Yes,925049,812,Beginner,Medium,3,Business,1,Retirement,46523,0.6,Avoid Loan
58,596338,42435,1034555,No,0,462,Expert,Medium,0,Salaried,8,House,7259,0.0,Avoid Loan
40,1257575,73990,1545068,Yes,537648,860,Intermediate,High,2,Salaried,2,Education,30807,0.43,Save
54,1074447,70738,1887288,Yes,1360652,725,Beginner,Low,3,Self-Employed,2,House,18799,1.27,Avoid Loan
32,904537,65468,165793,Yes,781820,564,Intermediate,Medium,2,Business,8,House,9910,0.86,Avoid Loan
55,937548,40922,2287149,Yes,1544802,622,Beginner,Low,0,Salaried,5,Education,37207,1.65,Avoid Loan
46,1212167,32854,1146553,Yes,174401,641,Beginner,Low,0,Business,1,Retirement,68159,0.14,Save
40,1746064,77540,1072624,Yes,116161,876,Intermediate,Medium,0,Salaried,9,Education,67965,0.07,Invest
55,1755790,88392,1960115,Yes,1227629,555,Beginner,Medium,1,Self-Employed,1,Wealth Creation,57923,0.7,Avoid Loan
35,466714,23182,657774,No,0,873,Beginner,High,0,Business,4,Wealth Creation,15710,0.0,Save
43,2567449,150236,1220806,No,0,587,Beginner,High,4,Business,0,Education,63718,0.0,Avoid Loan
25,2285477,109471,820729,No,0,750,Intermediate,Low,3,Self-Employed,10,Wealth Creation,80985,0.0,Invest
29,303483,16246,1569814,No,0,356,Expert,Low,2,Salaried,5,Education,9044,0.0,Avoid Loan
43,1759756,131609,182148,Yes,1833760,570,Intermediate,Low,5,Self-Employed,9,Retirement,15037,1.04,Avoid Loan
39,1105736,68579,1115720,No,0,864,Expert,Low,3,Self-Employed,7,House,23565,0.0,Save
32,880018,57102,1707224,Yes,1090111,401,Beginner,Medium,4,Salaried,11,House,16232,1.24,Avoid Loan
44,280393,19061,970414,Yes,75279,677,Beginner,Medium,0,Salaried,0,Education,4305,0.27,Avoid Loan
33,2940139,46666,1642802,Yes,913703,866,Beginner,Medium,3,Salaried,11,House,198345,0.31,Save
23,2670552,138296,89394,No,0,518,Intermediate,High,3,Salaried,10,Retirement,84250,0.0,Avoid Loan
23,2058904,79816,585639,Yes,242523,756,Intermediate,Medium,0,Salaried,4,Wealth Creation,91759,0.12,Save
32,1391693,59533,1518114,Yes,1900212,419,Intermediate,Low,3,Business,0,Retirement,56441,1.37,Avoid Loan
25,308142,16921,1676380,No,0,680,Beginner,High,0,Business,6,Education,8757,0.0,Save
48,1981780,80570,2405809,No,0,827,Beginner,Medium,4,Business,0,Retirement,84578,0.0,Save
50,2049443,135014,856207,Yes,1558061,485,Expert,Medium,3,Business,2,Wealth Creation,35772,0.76,Avoid Loan
28,2050124,124760,721988,Yes,1782716,423,Intermediate,High,5,Business,0,House,46083,0.87,Avoid Loan
43,1537038,84928,1663991,Yes,933040,771,Beginner,High,3,Salaried,11,House,43158,0.61,Avoid Loan
35,1877587,61442,1144427,Yes,289427,614,Expert,Low,3,Self-Employed,12,Retirement,95023,0.15,Save
45,1482987,27855,744960,Yes,753157,429,Beginner,Low,2,Business,12,Retirement,95727,0.51,Avoid Loan
23,2137928,66523,1009353,Yes,839703,510,Intermediate,High,0,Business,12,Education,111637,0.39,Avoid Loan
55,1123559,42531,1794701,No,0,596,Beginner,Medium,3,Business,11,Education,51098,0.0,Avoid Loan
44,2067708,37211,931235,Yes,563548,768,Intermediate,Low,5,Business,6,Wealth Creation,135098,0.27,Invest
44,780346,50009,2086140,Yes,1229076,816,Beginner,Low,1,Business,6,Wealth Creation,15019,1.58,Avoid Loan
28,2668365,92722,1518184,Yes,1763901,754,Expert,Medium,2,Self-Employed,1,House,129641,0.66,Avoid Loan
54,2485138,178982,83017,No,0,553,Beginner,High,0,Business,4,Wealth Creation,28112,0.0,Avoid Loan
45,871591,20612,28580,Yes,306763,817,Intermediate,Low,1,Self-Employed,6,House,52020,0.35,Avoid Loan
59,1636190,90170,2257930,Yes,2425727,861,Beginner,Medium,2,Business,9,House,46179,1.48,Avoid Loan
30,1110728,40171,758436,No,0,669,Expert,Medium,1,Self-Employed,1,Retirement,52389,0.0,Save
56,2312141,93542,2150004,No,0,676,Expert,Low,4,Salaried,6,Retirement,99136,0.0,Save
30,314582,17143,51525,Yes,1079476,797,Beginner,High,0,Salaried,3,Education,9072,3.43,Avoid Loan
45,2242511,86269,612787,Yes,176027,871,Beginner,Medium,1,Self-Employed,5,Education,100606,0.08,Save
46,1212031,30029,1532962,No,0,595,Beginner,Medium,5,Self-Employed,5,Retirement,70973,0.0,Avoid Loan
45,980667,65762,1484461,No,0,396,Beginner,Medium,2,Salaried,2,Retirement,15960,0.0,Avoid Loan
33,1740978,56014,2474140,No,0,366,Intermediate,Medium,0,Self-Employed,4,Education,89067,0.0,Avoid Loan
41,1580607,56684,1960640,No,0,740,Beginner,Low,1,Business,7,Education,75033,0.0,Invest
30,606254,15206,1444589,No,0,522,Beginner,Medium,4,Salaried,0,Education,35315,0.0,Avoid Loan
59,2101717,145521,1453518,No,0,456,Intermediate,Medium,1,Business,7,Retirement,29622,0.0,Avoid Loan
46,1674193,66767,492016,No,0,651,Intermediate,Medium,0,Business,12,Education,72749,0.0,Save
54,561637,17631,528751,Yes,537947,768,Intermediate,Medium,4,Self-Employed,8,House,29172,0.96,Avoid Loan
35,1894059,28040,877014,Yes,608955,434,Intermediate,Medium,0,Self-Employed,10,Education,129798,0.32,Avoid Loan
27,1281920,50015,309175,No,0,379,Beginner,Medium,3,Business,2,Wealth Creation,56811,0.0,Avoid Loan
30,1691032,91728,1144073,No,0,499,Intermediate,High,0,Self-Employed,9,House,49191,0.0,Avoid Loan
31,2544037,167572,2335707,Yes,163740,796,Beginner,Medium,5,Salaried,8,Wealth Creation,44431,0.06,Invest
32,1454175,101969,202384,No,0,858,Intermediate,Low,1,Business,8,Retirement,19212,0.0,Save
41,2068292,59664,1437066,No,0,595,Beginner,High,1,Business,8,House,112693,0.0,Avoid Loan
43,491686,23076,369717,Yes,449075,891,Expert,High,2,Salaried,10,Education,17897,0.91,Avoid Loan
45,1917634,72989,171829,Yes,443259,373,Intermediate,Low,3,Self-Employed,5,Retirement,86813,0.23,Avoid Loan
29,1446312,17228,1015495,No,0,548,Intermediate,High,4,Business,2,Retirement,103298,0.0,Avoid Loan
29,1105229,70282,2058679,No,0,662,Beginner,Medium,3,Business,9,Education,21820,0.0,Save
49,1603362,43817,860204,No,0,850,Intermediate,Medium,2,Business,2,House,89796,0.0,Save
50,1793273,31739,739483,Yes,178621,677,Beginner,High,1,Salaried,6,Wealth Creation,117700,0.1,Save
47,1653919,92154,391432,Yes,365740,841,Intermediate,High,3,Salaried,9,House,45672,0.22,Invest
37,1656681,38394,1511840,No,0,636,Beginner,High,1,Business,12,Education,99662,0.0,Save
44,1261566,61602,545028,Yes,2092755,808,Beginner,Low,3,Business,0,Retirement,43528,1.66,Avoid Loan
40,528321,27955,1975333,No,0,800,Beginner,Medium,0,Self-Employed,3,House,16071,0.0,Save
54,2152049,83012,1991669,No,0,682,Beginner,Medium,0,Self-Employed,4,Wealth Creation,96325,0.0,Save
23,1660272,22895,716942,No,0,468,Beginner,Medium,3,Business,12,House,115461,0.0,Avoid Loan
37,1384796,58341,2377273,Yes,777406,875,Intermediate,Medium,5,Business,10,House,57058,0.56,Avoid Loan
44,1144389,39040,1907888,No,0,780,Expert,Medium,0,Business,9,Retirement,56325,0.0,Invest
52,2308595,135076,1952123,No,0,406,Beginner,Low,3,Business,12,Retirement,57306,0.0,Avoid Loan
33,2756452,63684,1284414,Yes,358347,884,Intermediate,Medium,1,Self-Employed,11,Education,166020,0.13,Invest
57,658894,41197,496463,No,0,562,Beginner,Medium,4,Business,8,Education,13710,0.0,Avoid Loan
38,348260,25741,1483264,No,0,716,Beginner,Low,5,Self-Employed,10,Retirement,3280,0.0,Save
47,2738058,103210,43662,Yes,1101732,530,Expert,Low,5,Self-Employed,11,House,124961,0.4,Avoid Loan
37,1846947,47244,138475,No,0,732,Intermediate,Medium,4,Self-Employed,6,Wealth Creation,106668,0.0,Save
50,866966,36041,1730589,No,0,457,Expert,High,5,Salaried,2,Wealth Creation,36206,0.0,Avoid Loan
50,1418487,96883,276112,Yes,440149,485,Beginner,Medium,1,Self-Employed,0,Wealth Creation,21324,0.31,Avoid Loan
58,2151182,86708,1171705,No,0,434,Intermediate,High,4,Salaried,4,House,92557,0.0,Avoid Loan
39,1686783,87020,2316915,No,0,757,Beginner,Low,4,Salaried,12,Wealth Creation,53545,0.0,Invest
21,1625439,97659,1070495,No,0,863,Beginner,High,2,Self-Employed,9,House,37794,0.0,Invest
48,2521799,161082,761212,Yes,1796327,862,Beginner,Low,0,Self-Employed,8,Retirement,49067,0.71,Avoid Loan
31,2078382,44595,2003430,No,0,879,Beginner,Low,3,Salaried,5,Education,128603,0.0,Save
47,2904348,73137,774571,Yes,561382,557,Intermediate,Low,3,Salaried,3,Education,168892,0.19,Avoid Loan
36,1373142,90350,334535,No,0,757,Beginner,Medium,3,Self-Employed,11,Wealth Creation,24078,0.0,Save
35,680649,45219,1439127,Yes,1737413,529,Intermediate,Low,0,Business,10,Retirement,11501,2.55,Avoid Loan
42,1509637,85332,1882138,Yes,1260252,424,Beginner,Low,3,Business,3,Wealth Creation,40471,0.83,Avoid Loan
49,1753946,78142,1009499,Yes,1999428,893,Intermediate,Medium,0,Self-Employed,1,Retirement,68020,1.14,Avoid Loan
54,2855141,36735,1996834,No,0,669,Intermediate,Low,0,Self-Employed,11,Retirement,201193,0.0,Save
59,2336475,42767,1405709,No,0,503,Beginner,Medium,2,Salaried,0,Retirement,151939,0.0,Avoid Loan
27,1606849,75655,1056688,Yes,1773699,604,Expert,Low,4,Self-Employed,10,Retirement,58249,1.1,Avoid Loan
28,1430611,98874,202733,Yes,1847347,626,Intermediate,Low,0,Salaried,0,Wealth Creation,20343,1.29,Avoid Loan
46,2591377,161480,2025306,No,0,863,Beginner,Low,2,Self-Employed,11,Retirement,54468,0.0,Invest
40,331628,24097,412209,No,0,529,Beginner,High,4,Business,5,House,3538,0.0,Avoid Loan
33,1839177,111933,1479841,Yes,799414,501,Expert,Medium,3,Self-Employed,10,Wealth Creation,41331,0.43,Avoid Loan
28,771346,39966,1008824,Yes,1938844,677,Expert,Low,3,Salaried,11,Wealth Creation,24312,2.51,Avoid Loan
40,989414,51055,120526,No,0,631,Intermediate,Medium,0,Self-Employed,2,Education,31396,0.0,Save
28,1520254,66752,2252048,Yes,1048614,690,Intermediate,High,1,Business,2,Wealth Creation,59935,0.69,Avoid Loan
47,317780,16612,1413315,Yes,1913554,649,Expert,Medium,1,Self-Employed,4,Wealth Creation,9869,6.02,Avoid Loan
23,1446449,71849,2322611,Yes,1474518,477,Beginner,High,2,Business,12,Retirement,48688,1.02,Avoid Loan
51,1377496,47473,1698603,No,0,592,Beginner,Low,4,Business,1,Retirement,67318,0.0,Avoid Loan
35,693275,45845,95867,Yes,317503,745,Beginner,High,4,Self-Employed,6,Education,11927,0.46,Avoid Loan
44,423542,22364,51156,Yes,247366,742,Beginner,Low,3,Salaried,10,Education,12931,0.58,Avoid Loan
31,1420668,48042,988189,No,0,431,Beginner,High,4,Business,3,Wealth Creation,70347,0.0,Avoid Loan
38,1839036,127391,783743,No,0,535,Expert,Medium,1,Salaried,3,Education,25862,0.0,Avoid Loan
39,1133371,55770,44515,Yes,1486975,361,Intermediate,Medium,3,Business,11,Wealth Creation,38677,1.31,Avoid Loan
55,694433,35697,1228853,Yes,1357781,509,Beginner,High,5,Business,1,Retirement,22172,1.96,Avoid Loan
47,2796062,133073,1965005,Yes,1217201,416,Beginner,High,2,Salaried,8,Retirement,99932,0.44,Avoid Loan
36,1946725,57685,1002993,No,0,615,Beginner,Medium,3,Salaried,11,Education,104542,0.0,Save
50,659926,41423,241760,Yes,472000,890,Intermediate,High,3,Salaried,2,Retirement,13570,0.72,Avoid Loan
23,2612326,35581,97899,No,0,573,Intermediate,Medium,0,Self-Employed,5,Wealth Creation,182112,0.0,Avoid Loan
55,1159208,66272,629961,Yes,808890,416,Beginner,High,5,Salaried,10,Retirement,30328,0.7,Avoid Loan
43,1399355,17625,161794,Yes,2024062,533,Beginner,Low,0,Business,11,House,98987,1.45,Avoid Loan
27,2651818,23155,1118255,Yes,1051235,817,Beginner,Low,5,Salaried,3,Wealth Creation,197829,0.4,Save
53,2232319,148464,2329589,Yes,1761567,598,Intermediate,Medium,3,Business,11,Wealth Creation,37562,0.79,Avoid Loan
43,2351894,174716,1151306,Yes,209784,869,Beginner,Medium,4,Salaried,10,Wealth Creation,21275,0.09,Save
50,468253,26693,2419395,Yes,1183443,828,Intermediate,Medium,4,Business,3,Education,12328,2.53,Avoid Loan
51,1494449,70145,530430,No,0,420,Intermediate,Medium,4,Self-Employed,2,Wealth Creation,54392,0.0,Avoid Loan
47,1979893,63609,1333805,No,0,615,Beginner,Medium,0,Salaried,0,Education,101382,0.0,Save
59,319437,15220,1058002,No,0,377,Intermediate,High,0,Self-Employed,10,Wealth Creation,11399,0.0,Avoid Loan
56,835075,22942,2428793,No,0,753,Beginner,Medium,5,Business,2,Education,46647,0.0,Save
23,1803964,50319,465446,Yes,2482801,640,Expert,Medium,5,Business,1,Wealth Creation,100011,1.38,Avoid Loan
33,1165442,33779,1882931,Yes,385047,412,Intermediate,Low,0,Business,1,Education,63341,0.33,Avoid Loan
47,820298,50715,1043296,Yes,870537,378,Expert,High,1,Business,10,Retirement,17643,1.06,Avoid Loan
25,1120862,82507,2225000,No,0,886,Beginner,Medium,4,Self-Employed,10,Retirement,10898,0.0,Save
51,1849156,134401,967894,No,0,839,Intermediate,Low,5,Self-Employed,7,Wealth Creation,19695,0.0,Save
28,1389944,58001,1413577,Yes,1424728,753,Intermediate,High,0,Self-Employed,4,Retirement,57827,1.03,Avoid Loan
36,1319699,81106,2418020,Yes,218485,819,Intermediate,Low,4,Business,0,Education,28868,0.17,Save
28,639033,42444,1112319,No,0,839,Beginner,High,3,Self-Employed,5,Education,10808,0.0,Save
58,1557587,81429,862010,Yes,948813,692,Expert,High,5,Business,5,Retirement,48369,0.61,Avoid Loan
34,2028647,37460,2228744,No,0,795,Beginner,Low,1,Self-Employed,7,Retirement,131593,0.0,Invest
24,626368,44307,330658,Yes,1705633,640,Intermediate,Medium,0,Salaried,10,House,7890,2.72,Avoid Loan
34,1341295,24487,96330,Yes,2491269,705,Expert,Low,2,Business,10,Retirement,87287,1.86,Avoid Loan
56,1046460,21928,259910,Yes,1935056,442,Beginner,Low,3,Salaried,8,House,65277,1.85,Avoid Loan
31,2957992,141645,1112855,No,0,728,Intermediate,Low,2,Business,8,House,104854,0.0,Invest
47,2590416,83603,1262768,Yes,1341255,740,Beginner,Low,4,Salaried,11,House,132265,0.52,Avoid Loan
59,1619169,39164,2147241,Yes,695978,510,Beginner,Low,5,Business,9,Education,95766,0.43,Avoid Loan
60,1809317,114638,2018080,Yes,2311019,590,Beginner,Medium,4,Salaried,10,Education,36138,1.28,Avoid Loan
30,2449695,169715,1485187,No,0,568,Beginner,Low,4,Self-Employed,0,Wealth Creation,34426,0.0,Avoid Loan
38,1714940,57770,1771982,No,0,664,Intermediate,Medium,1,Salaried,10,Education,85141,0.0,Save
22,1290962,76162,632160,Yes,2401142,507,Intermediate,Low,0,Self-Employed,6,Education,31418,1.86,Avoid Loan
51,588191,28865,923323,Yes,629481,523,Intermediate,High,2,Business,5,Education,20150,1.07,Avoid Loan
21,2166170,36258,1197410,No,0,411,Intermediate,Medium,0,Business,8,House,144256,0.0,Avoid Loan
52,621953,16048,394838,Yes,186059,804,Intermediate,Low,4,Self-Employed,5,Retirement,35781,0.3,Save
38,2196821,135410,850513,Yes,561696,414,Expert,Medium,5,Self-Employed,6,Retirement,47658,0.26,Avoid Loan
40,2996883,203221,1754576,Yes,461299,738,Beginner,Low,0,Self-Employed,0,House,46519,0.15,Save
38,1011876,38168,309160,No,0,719,Intermediate,Low,4,Self-Employed,5,Wealth Creation,46155,0.0,Save
52,2368215,18234,836630,Yes,941891,639,Expert,Medium,5,Self-Employed,11,House,179117,0.4,Save
44,2945909,211415,1069759,Yes,360663,734,Intermediate,High,3,Self-Employed,3,House,34077,0.12,Save
41,1749796,41158,2070603,Yes,335673,747,Beginner,Low,4,Self-Employed,2,Wealth Creation,104658,0.19,Save
35,2539949,144857,120534,No,0,516,Intermediate,High,4,Business,0,Wealth Creation,66805,0.0,Avoid Loan
29,577051,16977,215734,Yes,1329961,870,Beginner,Low,4,Salaried,4,Education,31110,2.3,Avoid Loan
36,2568372,68815,230346,Yes,1678530,358,Intermediate,Medium,3,Salaried,3,House,145216,0.65,Avoid Loan
49,426877,25374,1546656,No,0,819,Beginner,High,4,Self-Employed,6,Wealth Creation,10199,0.0,Save
30,264401,15179,2231917,No,0,833,Beginner,High,0,Business,8,House,6854,0.0,Save
55,1377016,80314,2152278,Yes,1341354,778,Expert,High,4,Self-Employed,8,House,34437,0.97,Avoid Loan
41,707867,39537,2305978,Yes,1255198,800,Beginner,Low,4,Business,4,Wealth Creation,19451,1.77,Avoid Loan
25,1244984,40421,791403,No,0,653,Beginner,Medium,3,Business,10,Education,63327,0.0,Save
31,1997864,80730,701297,Yes,2152059,658,Intermediate,Low,4,Salaried,9,Wealth Creation,85758,1.08,Avoid Loan
39,410177,28246,2036217,No,0,819,Intermediate,Low,2,Business,8,Retirement,5935,0.0,Save
35,866562,26431,1016757,No,0,630,Beginner,Medium,1,Salaried,2,Wealth Creation,45782,0.0,Save
27,841561,17145,2252525,No,0,833,Beginner,Medium,2,Self-Employed,6,House,52985,0.0,Invest
44,976350,62490,1546959,Yes,1800068,556,Expert,High,0,Business,11,Education,18872,1.84,Avoid Loan
46,765693,36637,1837558,Yes,246750,729,Beginner,Low,1,Salaried,1,Education,27170,0.32,Save
60,2388377,54595,1174819,No,0,367,Intermediate,Low,1,Business,5,Education,144436,0.0,Avoid Loan
27,2800002,63095,2144858,Yes,2193834,416,Beginner,Medium,0,Salaried,8,Retirement,170238,0.78,Avoid Loan
28,637789,46269,592575,Yes,2377727,884,Intermediate,High,4,Self-Employed,8,House,6880,3.73,Avoid Loan
58,2338727,67886,1756851,Yes,480815,864,Expert,High,5,Business,11,Wealth Creation,127007,0.21,Invest
35,2141163,39693,61960,No,0,461,Intermediate,High,1,Salaried,0,Wealth Creation,138737,0.0,Avoid Loan
59,1573621,24017,2225238,No,0,709,Intermediate,High,4,Self-Employed,1,Education,107118,0.0,Save
56,522425,31296,2049054,Yes,2136618,840,Intermediate,Low,0,Salaried,10,Education,12239,4.09,Avoid Loan
42,2717489,44543,1072637,Yes,1650305,458,Intermediate,High,0,Self-Employed,6,Retirement,181914,0.61,Avoid Loan
43,1499642,83996,2341513,No,0,879,Beginner,Medium,0,Business,8,House,40974,0.0,Invest
48,315997,17855,2160720,No,0,644,Expert,High,0,Self-Employed,1,Retirement,8478,0.0,Save
52,1438970,72421,510590,Yes,1328975,774,Intermediate,Low,5,Self-Employed,9,Education,47493,0.92,Avoid Loan
50,2290917,16997,1889651,No,0,846,Beginner,Low,0,Salaried,6,Wealth Creation,173912,0.0,Invest
46,1189355,54019,2293117,No,0,697,Beginner,Low,5,Salaried,1,Wealth Creation,45093,0.0,Save
53,632036,39709,554412,No,0,484,Expert,Medium,4,Self-Employed,11,Wealth Creation,12960,0.0,Avoid Loan
22,1630233,22086,2158162,No,0,832,Intermediate,Medium,4,Business,6,Education,113766,0.0,Invest
45,530539,15508,393012,Yes,551938,899,Expert,High,5,Self-Employed,1,Wealth Creation,28703,1.04,Avoid Loan
26,643749,39541,2186999,No,0,547,Intermediate,Medium,0,Self-Employed,0,Wealth Creation,14104,0.0,Avoid Loan
30,651904,21616,1806291,No,0,756,Beginner,Low,0,Self-Employed,8,Retirement,32709,0.0,Invest
31,2195856,43646,2037637,Yes,2228106,641,Intermediate,Low,5,Self-Employed,2,Education,139342,1.01,Avoid Loan
51,990774,38070,1174235,No,0,794,Beginner,Medium,0,Self-Employed,10,House,44494,0.0,Invest
52,1547837,76749,2387602,Yes,904000,663,Expert,Low,2,Salaried,5,Wealth Creation,52237,0.58,Avoid Loan
47,2676899,78185,73550,No,0,387,Expert,Low,3,Self-Employed,10,Education,144889,0.0,Avoid Loan
46,284458,15238,366349,Yes,706569,565,Beginner,High,4,Salaried,12,House,8466,2.48,Avoid Loan
43,1758584,125643,2376968,No,0,642,Expert,High,2,Self-Employed,5,Education,20905,0.0,Save
28,937436,69436,110439,No,0,807,Intermediate,High,2,Salaried,3,Wealth Creation,8683,0.0,Save
29,1836991,18209,508685,Yes,1215675,485,Beginner,High,1,Self-Employed,11,Wealth Creation,134873,0.66,Avoid Loan
56,555373,27295,2462215,Yes,1834625,750,Intermediate,Medium,2,Salaried,3,Wealth Creation,18986,3.3,Avoid Loan
38,1368565,60775,59915,Yes,2212980,661,Beginner,High,0,Self-Employed,9,Retirement,53272,1.62,Avoid Loan
21,1510079,66904,179392,Yes,505668,539,Beginner,Low,5,Salaried,4,Wealth Creation,58935,0.33,Avoid Loan
55,1736684,99334,2142325,Yes,1005138,520,Beginner,High,1,Self-Employed,7,House,45389,0.58,Avoid Loan
47,335851,24578,795540,No,0,428,Intermediate,High,2,Business,8,Wealth Creation,3409,0.0,Avoid Loan
53,2004721,118969,285880,No,0,560,Beginner,Low,5,Salaried,0,Wealth Creation,48091,0.0,Avoid Loan
44,648569,40239,65894,No,0,549,Beginner,Medium,4,Business,12,Wealth Creation,13808,0.0,Avoid Loan
37,871628,40617,746011,No,0,707,Intermediate,Low,3,Salaried,12,Retirement,32018,0.0,Save
38,1656380,24582,829757,Yes,1387561,578,Intermediate,Medium,5,Self-Employed,1,Wealth Creation,113449,0.84,Avoid Loan
57,2495895,43261,1443312,No,0,641,Beginner,Medium,4,Business,9,Wealth Creation,164730,0.0,Save
24,2508255,128946,1472785,No,0,665,Beginner,High,3,Self-Employed,10,Retirement,80075,0.0,Save
54,891414,37229,2233685,No,0,507,Beginner,Low,3,Salaried,11,Retirement,37055,0.0,Avoid Loan
51,767165,43287,2123486,No,0,698,Expert,High,2,Business,5,Retirement,20643,0.0,Save
54,862784,36457,295912,Yes,2499362,572,Expert,Medium,3,Self-Employed,2,House,35441,2.9,Avoid Loan
33,2200137,120445,565740,Yes,1715286,403,Expert,Medium,1,Self-Employed,6,Education,62899,0.78,Avoid Loan
24,2118589,151801,401470,No,0,895,Beginner,Low,5,Salaried,10,House,24748,0.0,Save
52,1452516,53292,1687790,No,0,399,Intermediate,Low,1,Self-Employed,8,Wealth Creation,67751,0.0,Avoid Loan
54,1888388,89018,1226533,No,0,469,Expert,High,0,Business,7,House,68347,0.0,Avoid Loan
34,2031338,73261,1095333,No,0,552,Expert,Medium,4,Salaried,1,House,96017,0.0,Avoid Loan
52,1721044,112924,320813,No,0,759,Beginner,Low,5,Business,8,Retirement,30496,0.0,Invest
51,1429699,95247,1026048,No,0,568,Intermediate,Low,4,Salaried,8,House,23894,0.0,Avoid Loan
24,1559570,30769,2171324,Yes,1889958,454,Beginner,Low,5,Self-Employed,5,Wealth Creation,99195,1.21,Avoid Loan
36,1766739,110324,1158938,Yes,1737762,667,Intermediate,Medium,2,Self-Employed,0,Education,36904,0.98,Avoid Loan
36,1535070,43957,1055965,Yes,77233,653,Beginner,Medium,1,Business,12,Wealth Creation,83965,0.05,Save
60,2709344,138755,1575250,No,0,381,Intermediate,Low,4,Salaried,4,Retirement,87023,0.0,Avoid Loan
40,1175987,21477,1102552,Yes,2199040,435,Intermediate,Medium,1,Business,12,House,76521,1.87,Avoid Loan
59,2194201,54254,2073921,No,0,540,Beginner,Medium,2,Business,5,Wealth Creation,128596,0.0,Avoid Loan
57,527035,19361,2446291,Yes,726803,562,Expert,Medium,0,Salaried,12,Retirement,24558,1.38,Avoid Loan
52,2757529,119203,750003,No,0,821,Beginner,Medium,4,Self-Employed,8,Education,110591,0.0,Invest
58,325034,18500,163792,No,0,869,Expert,Low,3,Self-Employed,12,House,8586,0.0,Save
42,1018602,40836,1787680,No,0,541,Beginner,Medium,0,Salaried,8,Retirement,44047,0.0,Avoid Loan
51,2703202,159125,525245,No,0,366,Beginner,Low,1,Business,5,Wealth Creation,66141,0.0,Avoid Loan
54,455447,24814,277777,Yes,1726736,550,Intermediate,Medium,2,Self-Employed,4,Education,13139,3.79,Avoid Loan
23,488697,24446,156259,No,0,726,Expert,Low,2,Self-Employed,8,Education,16278,0.0,Save
42,2167149,104329,1458890,No,0,357,Expert,High,0,Salaried,1,House,76266,0.0,Avoid Loan
51,1369544,68756,1294362,Yes,778636,628,Intermediate,Low,0,Self-Employed,8,Wealth Creation,45372,0.57,Avoid Loan
36,1203889,60089,1599050,No,0,563,Expert,Low,4,Business,9,House,40235,0.0,Avoid Loan
47,2970167,23011,1344998,Yes,1528069,499,Intermediate,Medium,3,Business,1,Wealth Creation,224502,0.51,Avoid Loan
30,2219245,148036,104011,No,0,379,Beginner,High,1,Self-Employed,3,Education,36901,0.0,Avoid Loan
22,1386419,48477,1626207,No,0,796,Beginner,High,3,Self-Employed,4,Retirement,67057,0.0,Save
60,1665294,78247,1242122,No,0,648,Beginner,High,2,Self-Employed,0,Retirement,60527,0.0,Save
52,773727,29312,1277588,Yes,842009,393,Intermediate,Medium,2,Salaried,8,House,35165,1.09,Avoid Loan
35,481306,33662,1105466,Yes,1848611,669,Intermediate,High,0,Business,8,Education,6446,3.84,Avoid Loan
35,2740680,186363,2325991,Yes,2191240,369,Intermediate,Medium,5,Salaried,12,Wealth Creation,42027,0.8,Avoid Loan
37,1339229,40748,193700,No,0,529,Beginner,High,5,Salaried,11,Education,70854,0.0,Avoid Loan
22,687902,20110,860040,Yes,1136880,769,Intermediate,Low,2,Self-Employed,4,House,37215,1.65,Avoid Loan
57,1690157,39918,1546773,No,0,396,Intermediate,Medium,3,Self-Employed,10,Education,100928,0.0,Avoid Loan
26,2113678,94457,248200,Yes,364664,806,Beginner,Low,3,Self-Employed,5,Retirement,81682,0.17,Save
22,1883776,22873,132297,Yes,1495657,389,Beginner,Medium,0,Salaried,6,Retirement,134108,0.79,Avoid Loan
50,432508,18876,557481,No,0,787,Beginner,Medium,3,Business,10,Education,17166,0.0,Save
43,689820,20366,611916,Yes,939117,521,Expert,Medium,0,Self-Employed,2,Wealth Creation,37119,1.36,Avoid Loan
35,1298645,36249,1941256,No,0,877,Intermediate,Medium,1,Salaried,4,Retirement,71971,0.0,Save
46,1013830,18918,2044143,No,0,512,Intermediate,Low,2,Business,3,Education,65567,0.0,Avoid Loan
26,2279449,117595,407805,Yes,2343070,414,Beginner,High,3,Salaried,10,Wealth Creation,72359,1.03,Avoid Loan
44,2743353,86396,461387,No,0,802,Expert,High,4,Business,10,Retirement,142216,0.0,Invest
58,889911,54896,37682,Yes,254711,388,Beginner,Low,1,Self-Employed,2,Retirement,19263,0.29,Avoid Loan
56,522209,33329,1920984,Yes,284904,844,Intermediate,Low,2,Salaried,6,Education,10188,0.55,Avoid Loan
33,447579,32361,199962,Yes,2005707,366,Intermediate,High,2,Salaried,11,Retirement,4937,4.48,Avoid Loan
42,2570715,101455,511296,No,0,443,Beginner,Low,0,Salaried,10,Education,112771,0.0,Avoid Loan
50,1071882,20509,1935939,Yes,945149,399,Intermediate,Low,3,Self-Employed,8,House,68814,0.88,Avoid Loan
29,1035536,43791,2055142,Yes,2265080,812,Beginner,Low,4,Self-Employed,2,Wealth Creation,42503,2.19,Avoid Loan
27,757288,34227,953841,Yes,1269991,708,Beginner,High,1,Salaried,1,Wealth Creation,28880,1.68,Avoid Loan
39,373938,24927,1186621,No,0,882,Beginner,High,2,Salaried,1,Wealth Creation,6234,0.0,Save
27,2132482,97483,1643430,No,0,712,Intermediate,High,4,Business,6,House,80223,0.0,Save
55,1827649,47245,1424956,No,0,577,Intermediate,High,3,Salaried,0,House,105059,0.0,Avoid Loan
40,604387,30732,1034864,No,0,672,Expert,Medium,0,Salaried,11,Retirement,19633,0.0,Save
43,1334884,84542,2292430,Yes,1655865,553,Beginner,High,4,Salaried,7,House,26698,1.24,Avoid Loan
31,1989077,100468,1627854,Yes,943171,779,Beginner,Medium,2,Business,10,Education,65288,0.47,Avoid Loan
29,447074,19452,2136977,Yes,924929,680,Intermediate,High,5,Self-Employed,5,House,17804,2.07,Avoid Loan
47,1300933,48654,542196,Yes,151132,812,Beginner,Medium,3,Salaried,6,Education,59757,0.12,Invest
54,1917418,81655,2211845,No,0,884,Beginner,Medium,2,Salaried,3,House,78129,0.0,Save
52,2074985,51887,625015,No,0,415,Intermediate,Low,3,Salaried,10,Retirement,121028,0.0,Avoid Loan
42,2601742,16705,464251,Yes,1200298,763,Beginner,Low,0,Self-Employed,1,House,200106,0.46,Avoid Loan
45,2447884,112547,1728504,Yes,2203063,764,Beginner,Low,3,Self-Employed,10,Education,91443,0.9,Avoid Loan
47,2469939,117040,1873238,No,0,700,Beginner,Medium,0,Self-Employed,6,House,88788,0.0,Save
21,2228178,130414,687286,No,0,578,Beginner,Low,1,Business,0,Retirement,55267,0.0,Avoid Loan
56,2548052,180108,1473897,No,0,724,Intermediate,Low,4,Business,6,House,32229,0.0,Invest
57,1087425,72396,550878,Yes,1378383,404,Beginner,Medium,2,Salaried,0,Wealth Creation,18222,1.27,Avoid Loan
43,1409269,76288,69286,Yes,2257824,598,Beginner,Medium,1,Business,1,House,41151,1.6,Avoid Loan
51,354432,18309,1148855,Yes,773021,577,Beginner,Medium,5,Salaried,12,House,11227,2.18,Avoid Loan
43,2047587,30253,2037720,No,0,403,Intermediate,Medium,5,Business,11,Retirement,140379,0.0,Avoid Loan
22,1548943,42879,1373460,No,0,380,Beginner,High,2,Salaried,1,Retirement,86199,0.0,Avoid Loan
21,817275,41962,662842,Yes,294663,569,Intermediate,Medium,1,Self-Employed,1,House,26144,0.36,Avoid Loan
52,751635,27579,1446373,Yes,1117357,493,Beginner,High,4,Salaried,2,House,35057,1.49,Avoid Loan
37,1990995,24195,1999748,No,0,581,Intermediate,Low,4,Salaried,12,Education,141721,0.0,Avoid Loan
30,2093820,67917,1242087,Yes,593200,486,Beginner,Medium,1,Salaried,7,Wealth Creation,106568,0.28,Avoid Loan
50,2534504,162002,2291450,Yes,2078392,472,Beginner,Medium,0,Business,5,Education,49206,0.82,Avoid Loan
55,2261025,58572,1270428,No,0,497,Beginner,Medium,0,Business,3,Education,129846,0.0,Avoid Loan
41,628802,46245,442406,Yes,1949316,883,Intermediate,High,3,Self-Employed,8,Retirement,6155,3.1,Avoid Loan
56,2437677,52020,1122146,Yes,1281757,835,Beginner,Low,1,Self-Employed,3,Retirement,151119,0.53,Avoid Loan
47,1515262,103092,1810514,No,0,831,Expert,Low,2,Self-Employed,9,Wealth Creation,23179,0.0,Save
57,1730650,38090,2251959,Yes,460607,786,Expert,Low,5,Self-Employed,11,House,106130,0.27,Invest
23,398885,24613,1911000,Yes,1439202,638,Beginner,Low,0,Self-Employed,10,Retirement,8627,3.61,Avoid Loan
28,2145589,101741,2157467,Yes,2348151,564,Beginner,High,1,Business,4,House,77058,1.09,Avoid Loan
59,2890507,57457,107404,No,0,863,Beginner,Medium,3,Business,8,House,183418,0.0,Save
48,1044611,39213,170547,Yes,2449960,630,Beginner,Low,1,Salaried,9,House,47837,2.35,Avoid Loan
27,2953839,192876,328551,Yes,2478467,580,Intermediate,High,5,Business,0,House,53277,0.84,Avoid Loan
26,563248,37218,572634,Yes,1658392,397,Expert,Medium,1,Business,7,House,9719,2.94,Avoid Loan
30,1929103,22472,641762,No,0,657,Intermediate,Low,3,Self-Employed,4,House,138286,0.0,Save
56,1280633,58814,2498252,No,0,725,Beginner,High,2,Business,7,Education,47905,0.0,Invest
59,1063781,28814,2101456,Yes,1953130,465,Expert,Low,0,Salaried,0,House,59834,1.84,Avoid Loan
31,2044074,102924,184083,Yes,1054970,709,Beginner,Medium,3,Self-Employed,5,Education,67415,0.52,Avoid Loan
48,2781060,100739,1044111,Yes,649449,567,Beginner,Low,2,Business,9,Education,131016,0.23,Avoid Loan
32,2569233,115532,145807,Yes,628596,649,Beginner,Low,5,Salaried,1,Wealth Creation,98570,0.24,Save
51,2374418,173309,67840,Yes,1539653,617,Expert,High,0,Business,4,House,24559,0.65,Avoid Loan
49,2761954,142050,1312674,Yes,436064,390,Beginner,Low,3,Salaried,7,House,88112,0.16,Avoid Loan
48,406010,24095,21391,No,0,877,Intermediate,Low,3,Salaried,5,Wealth Creation,9739,0.0,Avoid Loan
46,1380966,56682,2323326,Yes,318483,764,Beginner,Medium,1,Business,11,Wealth Creation,58398,0.23,Invest
32,694181,15429,2163953,No,0,461,Expert,Low,2,Salaried,4,Wealth Creation,42419,0.0,Avoid Loan
53,1689138,115564,2077290,No,0,571,Beginner,Medium,0,Salaried,1,Retirement,25197,0.0,Avoid Loan
28,371109,22586,1643085,Yes,2229422,681,Beginner,Low,2,Self-Employed,5,Retirement,8339,6.01,Avoid Loan
25,2380969,98678,313418,Yes,1420227,731,Expert,Medium,0,Self-Employed,7,Retirement,99736,0.6,Avoid Loan
23,956962,30589,2067765,No,0,571,Expert,Medium,4,Self-Employed,9,Retirement,49157,0.0,Avoid Loan
34,1947814,42877,2221815,Yes,2189207,840,Intermediate,High,0,Business,0,Education,119440,1.12,Avoid Loan
51,342707,19238,145212,No,0,698,Intermediate,High,5,Self-Employed,11,House,9320,0.0,Save
58,1539745,38474,1621659,No,0,672,Intermediate,Low,4,Business,4,Education,89838,0.0,Save
22,2895766,197259,1498041,No,0,556,Intermediate,Low,1,Salaried,2,Wealth Creation,44054,0.0,Avoid Loan
56,2274993,133430,1017764,Yes,540534,818,Intermediate,Low,4,Self-Employed,12,House,56152,0.24,Invest
46,2218040,135525,1103908,Yes,2385041,833,Intermediate,Low,4,Self-Employed,5,House,49311,1.08,Avoid Loan
24,2679986,113796,2177988,No,0,456,Intermediate,Low,5,Business,4,Retirement,109536,0.0,Avoid Loan
56,1709063,51539,1202318,Yes,1730632,381,Beginner,Medium,2,Business,6,Wealth Creation,90882,1.01,Avoid Loan
36,1724515,66448,2018756,No,0,746,Expert,Low,5,Self-Employed,1,Wealth Creation,77261,0.0,Save
38,1686007,23746,183547,No,0,569,Expert,Medium,4,Business,7,Retirement,116754,0.0,Avoid Loan
27,2308625,43952,300433,Yes,524322,533,Beginner,High,0,Self-Employed,3,Education,148433,0.23,Avoid Loan
42,2482747,62563,652901,No,0,410,Beginner,High,3,Business,4,Retirement,144332,0.0,Avoid Loan
60,2213166,24882,2196773,Yes,1141881,874,Intermediate,Low,2,Salaried,2,Retirement,159548,0.52,Avoid Loan
60,646890,23224,460279,Yes,721321,584,Beginner,Medium,3,Salaried,8,Education,30683,1.12,Avoid Loan
48,2494474,111760,582286,Yes,521254,743,Beginner,High,4,Salaried,6,House,96112,0.21,Invest
60,943440,67276,2128876,Yes,2074769,785,Expert,Medium,5,Business,6,Retirement,11344,2.2,Avoid Loan
49,1356657,94840,465689,Yes,1036172,610,Beginner,High,5,Self-Employed,11,Retirement,18214,0.76,Avoid Loan
60,849584,47148,1127868,No,0,511,Expert,Medium,4,Business,5,Wealth Creation,23650,0.0,Avoid Loan
36,2102153,23173,2174610,Yes,1199310,722,Intermediate,Medium,1,Salaried,5,Wealth Creation,152006,0.57,Avoid Loan
53,1112558,15693,2217080,Yes,278823,444,Intermediate,Medium,2,Salaried,10,Retirement,77020,0.25,Avoid Loan
30,2211945,41792,92424,Yes,1235678,756,Beginner,Low,2,Salaried,8,House,142536,0.56,Avoid Loan
35,2355719,168696,1619849,Yes,1517270,712,Beginner,Medium,3,Salaried,11,Retirement,27613,0.64,Avoid Loan
51,2963979,42187,275353,No,0,850,Expert,Low,1,Business,10,Retirement,204811,0.0,Save
26,1326433,96995,2099612,No,0,606,Expert,Medium,5,Self-Employed,3,Wealth Creation,13541,0.0,Save
32,1413830,28889,546007,No,0,645,Intermediate,Medium,4,Business,3,House,88930,0.0,Save
48,340114,15373,2301289,No,0,860,Intermediate,High,0,Self-Employed,2,Education,12969,0.0,Save
60,2611467,168538,64357,Yes,792296,511,Beginner,Medium,2,Business,7,Wealth Creation,49084,0.3,Avoid Loan
59,1588822,56374,1000388,Yes,219247,834,Beginner,Medium,2,Business,8,Education,76027,0.14,Invest
49,2672943,81091,1118589,No,0,387,Beginner,High,0,Self-Employed,3,Education,141654,0.0,Avoid Loan
43,2134715,99750,68035,Yes,443575,669,Beginner,Medium,3,Self-Employed,7,Retirement,78142,0.21,Save
21,700265,48955,2250241,No,0,849,Beginner,High,5,Salaried,3,Retirement,9400,0.0,Save
41,1684282,107409,444100,No,0,489,Intermediate,Medium,1,Salaried,12,Education,32947,0.0,Avoid Loan
40,1866380,41778,1916685,No,0,383,Beginner,Low,2,Salaried,7,House,113753,0.0,Avoid Loan
21,1317244,42167,934004,No,0,473,Beginner,Low,5,Business,12,Wealth Creation,67603,0.0,Avoid Loan
53,997649,64839,1931017,Yes,367284,393,Intermediate,High,2,Business,12,Wealth Creation,18298,0.37,Avoid Loan
21,868700,64750,1363025,Yes,806926,834,Intermediate,Low,1,Business,6,Wealth Creation,7641,0.93,Avoid Loan
44,791837,52053,1442796,Yes,1170449,566,Intermediate,Medium,0,Business,6,Retirement,13933,1.48,Avoid Loan
24,1470120,38780,1432618,No,0,505,Beginner,Low,3,Self-Employed,8,House,83730,0.0,Avoid Loan
36,2589779,128731,1896006,Yes,442667,657,Beginner,Medium,5,Self-Employed,0,Wealth Creation,87083,0.17,Save
34,1147636,70796,1166387,Yes,1190876,507,Intermediate,Medium,4,Business,12,Wealth Creation,24840,1.04,Avoid Loan
43,2930224,44865,1897379,Yes,620380,763,Expert,Low,0,Self-Employed,7,Retirement,199320,0.21,Invest
57,412621,17285,210907,Yes,1634660,618,Beginner,Low,1,Business,9,Education,17100,3.96,Avoid Loan
52,2311562,145003,1716641,Yes,1809489,846,Intermediate,Medium,0,Business,2,Retirement,47627,0.78,Avoid Loan
38,1180196,80748,999625,No,0,743,Beginner,Medium,4,Salaried,11,Education,17601,0.0,Save
60,489181,24656,735670,Yes,1081616,837,Intermediate,Low,4,Business,9,Retirement,16109,2.21,Avoid Loan
51,1395031,78377,467646,Yes,1759136,477,Intermediate,High,2,Business,6,Education,37875,1.26,Avoid Loan
48,2360207,175422,429751,Yes,137278,756,Expert,Medium,5,Salaried,9,Education,21261,0.06,Save
30,1899767,16960,1235410,Yes,587430,786,Beginner,Low,1,Self-Employed,4,Wealth Creation,141353,0.31,Save
32,1928954,140180,1644307,No,0,627,Beginner,Low,5,Self-Employed,1,House,20566,0.0,Save
30,1110824,35873,1416114,No,0,781,Intermediate,Medium,5,Business,4,Wealth Creation,56695,0.0,Save
51,2668893,95393,1796649,No,0,462,Expert,Medium,3,Salaried,5,Education,127014,0.0,Avoid Loan
59,2013287,108641,1729513,No,0,749,Intermediate,Medium,3,Salaried,8,House,59132,0.0,Invest
32,2182425,24094,1280436,Yes,313020,644,Intermediate,Low,4,Self-Employed,5,House,157774,0.14,Save
31,2507442,24084,934793,No,0,555,Beginner,Low,1,Business,2,Retirement,184869,0.0,Avoid Loan
44,2568277,29938,1641988,No,0,757,Beginner,High,0,Business,0,House,184085,0.0,Save
37,1646984,43857,2179784,No,0,463,Expert,Low,2,Self-Employed,0,Education,93391,0.0,Avoid Loan
36,2706428,178422,1067381,No,0,582,Intermediate,Medium,4,Business,8,Education,47113,0.0,Avoid Loan
28,1738424,100807,2340037,Yes,306751,505,Beginner,Low,2,Business,7,Education,44061,0.18,Avoid Loan
35,2358195,35970,2069765,Yes,1026500,760,Intermediate,Medium,5,Business,5,Retirement,160546,0.44,Save
24,486398,17528,1168064,Yes,361004,488,Expert,High,1,Business,2,Retirement,23005,0.74,Avoid Loan
56,734165,26912,1173272,Yes,502610,860,Beginner,High,1,Business,11,Wealth Creation,34268,0.68,Avoid Loan
36,1794049,134012,2324324,No,0,351,Intermediate,Low,3,Business,7,Retirement,15492,0.0,Avoid Loan
36,1862387,20996,2279855,Yes,1614210,865,Intermediate,High,3,Business,8,Retirement,134202,0.87,Avoid Loan
24,922003,64023,2489849,Yes,1131862,812,Beginner,Low,5,Salaried,7,Retirement,12810,1.23,Avoid Loan
26,728719,24118,2119428,Yes,592457,868,Beginner,Medium,0,Self-Employed,1,House,36608,0.81,Avoid Loan
56,2910095,198670,1277675,Yes,2104692,704,Intermediate,Low,4,Salaried,11,Education,43837,0.72,Avoid Loan
41,1101205,58353,1229095,No,0,582,Expert,Medium,1,Self-Employed,8,Wealth Creation,33414,0.0,Avoid Loan
36,1599129,80157,2155963,No,0,746,Intermediate,High,3,Salaried,8,Wealth Creation,53103,0.0,Invest
31,848071,62647,2167991,No,0,692,Beginner,Medium,2,Self-Employed,9,Education,8025,0.0,Save
47,2658168,80225,444714,Yes,2307758,386,Beginner,Medium,3,Business,1,House,141289,0.87,Avoid Loan
37,495974,16319,567134,Yes,2330185,469,Beginner,Low,1,Salaried,12,Wealth Creation,25012,4.7,Avoid Loan
50,2408848,77209,1632234,Yes,2491078,854,Beginner,High,3,Salaried,7,Education,123528,1.03,Avoid Loan
26,275256,18478,1547771,No,0,607,Intermediate,Medium,5,Salaried,10,House,4460,0.0,Save
39,528174,35992,356214,No,0,873,Intermediate,Medium,3,Self-Employed,8,Retirement,8022,0.0,Save
21,2302133,40816,1951285,No,0,895,Intermediate,Medium,2,Salaried,12,House,151028,0.0,Invest
56,1006607,27381,1463161,Yes,606225,515,Beginner,High,3,Salaried,11,Retirement,56502,0.6,Avoid Loan
56,1942911,77798,729284,Yes,340117,873,Expert,Low,1,Self-Employed,12,Wealth Creation,84111,0.18,Invest
52,346877,18954,639248,Yes,601945,589,Intermediate,Low,3,Business,3,Education,9952,1.74,Avoid Loan
58,2386020,34013,1808896,No,0,661,Beginner,Low,1,Self-Employed,4,Retirement,164822,0.0,Save
47,644526,19978,2314470,Yes,1902067,804,Beginner,Low,0,Salaried,0,House,33732,2.95,Avoid Loan
41,1833215,129501,1965354,No,0,852,Expert,Low,1,Business,11,House,23266,0.0,Save
52,1171051,65296,2373468,Yes,1446698,809,Beginner,Medium,0,Self-Employed,5,Retirement,32291,1.24,Avoid Loan
46,1972481,17962,962790,Yes,1145592,505,Expert,Medium,5,Salaried,10,Retirement,146411,0.58,Avoid Loan
55,615023,26397,2214944,No,0,665,Intermediate,Medium,5,Self-Employed,7,Retirement,24854,0.0,Save
50,2825773,78065,1624509,No,0,686,Expert,Medium,3,Business,1,House,157416,0.0,Save
59,1358469,34241,2082425,Yes,378676,766,Intermediate,Low,4,Business,1,Wealth Creation,78964,0.28,Save
37,837767,49034,1683014,Yes,1015456,434,Expert,Low,5,Salaried,8,House,20779,1.21,Avoid Loan
31,1599418,103271,826792,No,0,676,Beginner,High,5,Self-Employed,7,Retirement,30013,0.0,Save
49,1364529,36005,511642,No,0,799,Beginner,High,0,Salaried,5,Wealth Creation,77705,0.0,Save
28,555900,33266,415186,No,0,654,Expert,Medium,5,Business,12,Education,13059,0.0,Save
41,2764525,23656,123247,Yes,1526410,842,Intermediate,Medium,0,Self-Employed,10,Education,206721,0.55,Avoid Loan
26,1071936,72178,2483747,No,0,841,Expert,High,4,Business,9,House,17150,0.0,Save
55,777802,17385,729265,Yes,1635430,798,Beginner,High,0,Salaried,3,Wealth Creation,47431,2.1,Avoid Loan
38,2073219,62042,2186107,No,0,749,Beginner,Medium,1,Salaried,1,Wealth Creation,110726,0.0,Save
35,317511,20182,512503,Yes,1972343,518,Beginner,Low,3,Salaried,11,House,6277,6.21,Avoid Loan
30,1524126,63403,753640,No,0,681,Beginner,Medium,5,Business,3,Education,63607,0.0,Save
32,674110,27623,126011,Yes,843251,852,Intermediate,Low,4,Business,8,Wealth Creation,28552,1.25,Avoid Loan
30,2815016,200484,119351,No,0,486,Intermediate,High,4,Business,1,House,34100,0.0,Avoid Loan
53,1663808,73561,1347802,Yes,58029,751,Beginner,Medium,1,Business,5,Retirement,65089,0.03,Save
42,2781388,62994,353437,No,0,601,Beginner,Medium,4,Business,4,Retirement,168788,0.0,Save
56,580680,23949,1445020,Yes,2289297,623,Beginner,Medium,4,Self-Employed,2,House,24441,3.94,Avoid Loan
25,1244167,91759,34164,Yes,1805920,435,Intermediate,High,0,Salaried,4,House,11921,1.45,Avoid Loan
52,443698,26139,439785,Yes,752588,641,Beginner,Medium,0,Salaried,11,Education,10835,1.7,Avoid Loan
27,2131834,71311,2492449,Yes,2336602,756,Intermediate,High,2,Salaried,6,Education,106341,1.1,Avoid Loan
36,283435,19090,874268,Yes,435048,605,Intermediate,Medium,1,Salaried,6,Retirement,4529,1.53,Avoid Loan
28,1361339,23781,139090,No,0,897,Beginner,Medium,4,Business,9,Retirement,89663,0.0,Save
55,1131968,20917,1612726,No,0,736,Beginner,Low,3,Business,4,House,73413,0.0,Save
41,2862969,88535,1427589,No,0,889,Intermediate,High,1,Business,10,Wealth Creation,150045,0.0,Invest
54,1294557,31302,1906463,No,0,636,Beginner,Medium,3,Business,10,Retirement,76577,0.0,Save
40,2239952,48621,2195758,Yes,1408896,421,Beginner,High,3,Self-Employed,3,Retirement,138041,0.63,Avoid Loan
31,2100699,54943,1706888,No,0,657,Beginner,Low,4,Salaried,2,House,120115,0.0,Save
51,1967368,144833,2464245,Yes,896160,407,Beginner,Medium,4,Business,0,House,19114,0.46,Avoid Loan
31,2123514,122369,1828100,No,0,662,Expert,Medium,1,Self-Employed,9,House,54590,0.0,Save
25,2035695,151708,1287917,No,0,883,Intermediate,Medium,0,Business,1,Education,17933,0.0,Save
43,559504,31510,2253406,Yes,1628908,686,Beginner,High,1,Business,4,Wealth Creation,15115,2.91,Avoid Loan
39,2413974,180377,438172,No,0,788,Beginner,Medium,0,Self-Employed,12,Retirement,20787,0.0,Save
48,283604,16142,947796,No,0,888,Beginner,Medium,0,Salaried,2,Retirement,7491,0.0,Save
45,2119960,123596,1939997,Yes,1597249,881,Expert,High,3,Salaried,3,Education,53067,0.75,Avoid Loan
57,1660562,82678,1761566,Yes,1969479,376,Beginner,High,5,Self-Employed,8,Wealth Creation,55702,1.19,Avoid Loan
31,1386702,45547,1496125,No,0,591,Expert,Medium,1,Self-Employed,11,Wealth Creation,70011,0.0,Avoid Loan
54,2041767,75488,568582,No,0,858,Intermediate,Low,5,Self-Employed,5,Wealth Creation,94659,0.0,Save
38,690397,19433,561598,Yes,1501129,614,Expert,Medium,2,Self-Employed,6,Education,38100,2.17,Avoid Loan
58,2574150,145709,289104,No,0,608,Beginner,High,0,Self-Employed,10,Retirement,68803,0.0,Save
47,1253607,53614,686152,No,0,898,Expert,Low,3,Business,8,Wealth Creation,50853,0.0,Invest
32,759328,19459,1796762,No,0,589,Beginner,High,0,Business,2,House,43818,0.0,Avoid Loan
29,2727756,52881,1086677,Yes,747506,879,Intermediate,Low,4,Business,5,Wealth Creation,174432,0.27,Save
59,1761475,57348,97810,Yes,109973,780,Beginner,Medium,3,Salaried,7,Education,89441,0.06,Save
57,1077279,39605,2078669,No,0,847,Expert,Low,0,Business,7,Wealth Creation,50168,0.0,Invest
37,2628310,41263,296780,Yes,1513555,857,Beginner,Medium,3,Salaried,10,Retirement,177762,0.58,Avoid Loan
46,1893709,45842,1038378,Yes,2248559,740,Expert,High,2,Salaried,5,Education,111967,1.19,Avoid Loan
48,2333831,144257,1194231,Yes,1919278,692,Expert,High,2,Business,5,House,50228,0.82,Avoid Loan
27,2169522,28677,477862,Yes,1403432,714,Beginner,Low,5,Self-Employed,11,House,152116,0.65,Avoid Loan
25,2038947,125512,1408829,Yes,296795,894,Expert,Low,4,Business,2,House,44400,0.15,Save
51,729260,19299,2020827,Yes,776570,353,Beginner,Low,2,Salaried,11,Wealth Creation,41472,1.06,Avoid Loan
55,1701179,33368,775371,Yes,1913498,494,Intermediate,Medium,2,Self-Employed,6,House,108396,1.12,Avoid Loan
26,2377238,174745,1088953,Yes,1897621,842,Intermediate,High,5,Business,10,Education,23358,0.8,Avoid Loan
22,1712892,92082,1610460,No,0,488,Beginner,Low,1,Business,5,Wealth Creation,50659,0.0,Avoid Loan
21,1293159,22724,1711064,No,0,860,Beginner,Low,4,Self-Employed,11,Retirement,85039,0.0,Invest
60,522660,21765,1924939,No,0,881,Expert,Low,1,Self-Employed,8,Retirement,21790,0.0,Save
33,267263,19248,2074002,No,0,491,Beginner,Medium,5,Self-Employed,7,Education,3023,0.0,Avoid Loan
59,697322,44943,1595807,No,0,653,Intermediate,Medium,5,Self-Employed,4,House,13167,0.0,Save
52,1195930,78838,1213477,No,0,467,Beginner,Low,3,Business,9,Wealth Creation,20822,0.0,Avoid Loan
59,1824352,61266,813064,Yes,2064601,495,Intermediate,Low,4,Self-Employed,1,Education,90763,1.13,Avoid Loan
55,1614089,75436,515493,Yes,1305208,589,Intermediate,Medium,3,Self-Employed,6,Education,59071,0.81,Avoid Loan
44,778167,49904,2104397,No,0,546,Beginner,Low,2,Business,10,Wealth Creation,14943,0.0,Avoid Loan
37,2549934,148920,983678,Yes,1353455,894,Expert,High,4,Self-Employed,8,Wealth Creation,63574,0.53,Avoid Loan
43,2349313,161541,912835,No,0,590,Expert,Low,0,Business,7,Education,34235,0.0,Avoid Loan
39,676684,17221,2176398,No,0,763,Beginner,Low,2,Salaried,10,Retirement,39169,0.0,Invest
39,2316488,95474,1747912,No,0,815,Beginner,High,4,Salaried,1,Retirement,97566,0.0,Save
55,793418,51311,1557163,No,0,618,Expert,Low,1,Self-Employed,6,Wealth Creation,14807,0.0,Save
44,2604945,132308,2234494,No,0,494,Expert,Low,3,Salaried,10,Wealth Creation,84770,0.0,Avoid Loan
43,290742,17385,979655,Yes,2255110,613,Intermediate,Medium,2,Salaried,8,Retirement,6843,7.76,Avoid Loan
43,1458768,59259,1905319,No,0,622,Intermediate,High,5,Salaried,11,Education,62305,0.0,Save
53,1309841,30672,2105192,Yes,1327567,525,Intermediate,Low,0,Salaried,3,Retirement,78481,1.01,Avoid Loan
24,1058554,15765,1765512,No,0,459,Expert,Medium,2,Salaried,2,Retirement,72447,0.0,Avoid Loan
34,1721415,105287,2121534,Yes,310773,634,Beginner,Medium,1,Business,8,Retirement,38164,0.18,Save
35,1121561,33608,906034,No,0,667,Intermediate,Medium,2,Business,7,Education,59855,0.0,Save
58,1117443,29529,1280035,No,0,646,Beginner,Low,4,Salaried,1,Education,63591,0.0,Save
50,1131965,50539,459966,Yes,475908,540,Intermediate,Low,5,Self-Employed,2,House,43791,0.42,Avoid Loan
33,1810614,126260,978093,Yes,830426,681,Beginner,High,4,Salaried,1,Education,24624,0.46,Avoid Loan
56,1687918,30650,1657775,Yes,677001,654,Intermediate,High,4,Business,11,Education,110009,0.4,Save
59,2359819,100867,1598971,Yes,102355,616,Expert,High,4,Self-Employed,6,House,95784,0.04,Save
58,2938661,147686,2468198,No,0,595,Intermediate,High,1,Business,3,House,97202,0.0,Avoid Loan
42,1464712,89112,2291947,Yes,2320690,733,Expert,Medium,5,Self-Employed,10,Education,32947,1.58,Avoid Loan
21,1583664,79757,2395080,Yes,1369366,691,Expert,Low,4,Self-Employed,3,Wealth Creation,52215,0.86,Avoid Loan
41,996856,41672,1460269,No,0,388,Intermediate,High,0,Salaried,1,House,41399,0.0,Avoid Loan
44,859154,36320,492152,Yes,2280279,516,Beginner,Medium,3,Salaried,7,Wealth Creation,35276,2.65,Avoid Loan
47,2974009,45603,2119111,Yes,2118854,540,Beginner,Medium,0,Self-Employed,1,House,202231,0.71,Avoid Loan
58,924711,45920,32945,Yes,2161755,688,Beginner,Low,2,Self-Employed,10,Retirement,31139,2.34,Avoid Loan
25,1920573,108043,136351,Yes,280161,887,Beginner,Low,0,Salaried,11,Wealth Creation,52004,0.15,Save
58,1326346,59860,1318899,No,0,745,Beginner,High,5,Self-Employed,11,Education,50668,0.0,Invest
57,2473070,80087,1049908,No,0,834,Intermediate,High,4,Self-Employed,10,Retirement,126002,0.0,Invest
50,2287574,69094,2412633,Yes,918762,674,Intermediate,High,5,Business,3,Retirement,121537,0.4,Save
34,329984,21985,845638,No,0,598,Intermediate,Medium,3,Salaried,9,Retirement,5513,0.0,Avoid Loan
43,1717265,94833,1145195,Yes,2451434,860,Beginner,Medium,5,Self-Employed,2,Retirement,48272,1.43,Avoid Loan
41,2223709,26688,1358954,No,0,593,Expert,Medium,4,Salaried,5,Retirement,158621,0.0,Avoid Loan
35,1624845,107966,2359859,Yes,229158,738,Beginner,Low,2,Salaried,12,House,27437,0.14,Invest
40,2318026,56199,2230180,Yes,246535,402,Expert,High,0,Self-Employed,8,House,136969,0.11,Avoid Loan
40,2965211,20790,1531997,Yes,1199104,483,Intermediate,Medium,4,Business,6,Education,226310,0.4,Avoid Loan
44,1707366,24904,2317771,Yes,1782224,380,Expert,Medium,3,Business,3,Retirement,117376,1.04,Avoid Loan
51,2407605,51973,1291832,No,0,465,Intermediate,Low,0,Salaried,9,Retirement,148660,0.0,Avoid Loan
47,2354914,70318,59566,No,0,713,Beginner,Medium,0,Salaried,0,Retirement,125924,0.0,Save
21,2287002,21462,545833,Yes,2054661,435,Intermediate,High,2,Self-Employed,3,House,169121,0.9,Avoid Loan
48,2846801,78222,1073649,Yes,1118762,775,Expert,Low,0,Salaried,4,Education,159011,0.39,Save
41,1477324,17232,405728,No,0,541,Beginner,Low,1,Salaried,1,Wealth Creation,105878,0.0,Avoid Loan
31,1717932,21650,2496808,No,0,701,Beginner,Medium,3,Self-Employed,6,Wealth Creation,121511,0.0,Save
60,608036,40450,536482,Yes,2222919,415,Expert,Low,1,Salaried,2,Retirement,10219,3.66,Avoid Loan
60,439330,28323,2047032,Yes,2398073,478,Intermediate,Low,3,Business,4,Education,8287,5.46,Avoid Loan
34,1527779,27032,2358803,No,0,594,Beginner,Medium,4,Business,8,Education,100282,0.0,Avoid Loan
38,2224443,140491,2239451,Yes,1546068,647,Intermediate,Medium,3,Self-Employed,7,Education,44879,0.7,Avoid Loan
42,843783,16691,2479301,Yes,1649761,842,Beginner,Medium,2,Self-Employed,3,Education,53624,1.96,Avoid Loan
36,660093,25817,1152596,Yes,1676253,462,Beginner,Medium,3,Self-Employed,6,Retirement,29190,2.54,Avoid Loan
34,2637164,159168,2497293,No,0,598,Beginner,Low,2,Self-Employed,4,Retirement,60595,0.0,Avoid Loan
60,1987094,50459,33820,Yes,528295,802,Intermediate,Low,1,Business,12,Wealth Creation,115132,0.27,Avoid Loan
50,2250500,127863,2236163,Yes,1935607,781,Beginner,Medium,1,Self-Employed,7,Education,59678,0.86,Avoid Loan
32,2602356,150925,320452,Yes,2215320,551,Beginner,Low,0,Business,11,Wealth Creation,65938,0.85,Avoid Loan
33,2132407,60241,1090815,Yes,2315910,419,Intermediate,Low,3,Self-Employed,1,Education,117459,1.09,Avoid Loan
56,1945661,73545,1000741,No,0,696,Beginner,High,2,Business,12,Education,88593,0.0,Save
26,2155741,89518,1040562,Yes,642088,807,Beginner,Medium,3,Business,3,House,90127,0.3,Save
51,1306641,94379,1722419,Yes,745631,612,Beginner,Medium,5,Self-Employed,0,Retirement,14507,0.57,Avoid Loan
47,2698553,97614,1139790,No,0,657,Beginner,High,5,Business,3,Wealth Creation,127265,0.0,Save
21,1006742,58826,1700675,No,0,657,Beginner,Low,2,Salaried,10,Education,25069,0.0,Save
51,1861190,80170,156299,No,0,484,Beginner,Medium,5,Self-Employed,5,House,74929,0.0,Avoid Loan
27,2729734,109029,2430958,No,0,386,Beginner,Medium,5,Self-Employed,12,Wealth Creation,118448,0.0,Avoid Loan
36,2705567,22129,988277,No,0,869,Expert,Medium,2,Business,11,Retirement,203334,0.0,Invest
40,2574893,121854,98397,Yes,1251457,361,Expert,Low,2,Business,6,Wealth Creation,92720,0.49,Avoid Loan
38,2499793,93450,1356142,No,0,375,Expert,Medium,0,Business,1,Retirement,114866,0.0,Avoid Loan
42,738206,53388,1382120,No,0,452,Expert,High,2,Business,6,House,8129,0.0,Avoid Loan
58,1754528,33552,2084995,Yes,253513,781,Intermediate,High,0,Business,10,Retirement,112658,0.14,Invest
44,1484352,58441,1337961,No,0,377,Beginner,Low,4,Business,9,Education,65255,0.0,Avoid Loan
46,1561692,43747,2039878,No,0,662,Beginner,Medium,0,Salaried,8,Wealth Creation,86394,0.0,Save
43,2138569,159240,110361,No,0,754,Expert,Medium,1,Salaried,5,Wealth Creation,18974,0.0,Save
22,2416968,157683,1937075,No,0,411,Beginner,High,5,Salaried,11,Retirement,43731,0.0,Avoid Loan
42,1249900,26269,1075608,No,0,829,Intermediate,Medium,1,Salaried,11,Education,77889,0.0,Invest
50,1294159,52672,1149329,Yes,1240608,782,Beginner,Medium,3,Salaried,3,Retirement,55174,0.96,Avoid Loan
41,2538207,157752,892799,No,0,713,Intermediate,High,3,Self-Employed,4,Education,53765,0.0,Save
52,870789,23066,2324802,No,0,889,Beginner,Medium,3,Business,4,Education,49499,0.0,Save
30,841680,27288,646585,No,0,900,Expert,High,5,Self-Employed,4,Retirement,42852,0.0,Save
54,2587036,85125,99644,No,0,593,Intermediate,Low,1,Salaried,4,Retirement,130461,0.0,Avoid Loan
52,435103,21221,1397408,Yes,1286832,542,Expert,Low,4,Self-Employed,9,Wealth Creation,15037,2.96,Avoid Loan
31,1486504,110564,67410,Yes,1908187,486,Intermediate,Medium,3,Business,3,Wealth Creation,13311,1.28,Avoid Loan
53,1470543,51073,2083212,No,0,869,Beginner,Low,4,Business,5,House,71472,0.0,Save
34,2620598,101378,505546,No,0,614,Beginner,High,4,Salaried,11,Retirement,117005,0.0,Save
37,2807285,192938,1734809,Yes,1495514,638,Intermediate,Low,0,Salaried,1,Wealth Creation,41002,0.53,Avoid Loan
58,303823,21010,484913,No,0,837,Beginner,Medium,4,Salaried,3,House,4308,0.0,Save
48,734578,45684,122230,Yes,2425706,382,Intermediate,Medium,2,Self-Employed,5,Wealth Creation,15530,3.3,Avoid Loan
52,1666910,113150,1104083,No,0,507,Intermediate,Low,2,Business,3,Retirement,25759,0.0,Avoid Loan
52,2152976,135272,383493,Yes,1349660,848,Expert,Low,5,Self-Employed,1,Wealth Creation,44142,0.63,Avoid Loan
38,1540363,47797,1510427,No,0,576,Beginner,High,3,Salaried,11,Wealth Creation,80566,0.0,Avoid Loan
58,1500250,71761,2418654,No,0,890,Intermediate,Low,0,Salaried,3,Retirement,53259,0.0,Save
46,2021316,131968,371918,No,0,396,Expert,Medium,0,Business,3,Wealth Creation,36475,0.0,Avoid Loan
49,2945496,194789,2287914,No,0,408,Beginner,High,1,Business,12,Education,50669,0.0,Avoid Loan
22,375941,20239,1025758,Yes,2197754,729,Beginner,High,0,Self-Employed,1,Wealth Creation,11089,5.85,Avoid Loan
22,2954226,22007,1157907,Yes,219047,732,Beginner,Medium,3,Business,1,House,224178,0.07,Save
49,467099,16911,1107580,Yes,2174596,837,Expert,Low,2,Salaried,9,Retirement,22013,4.66,Avoid Loan
32,2884003,185234,846501,No,0,626,Beginner,High,5,Self-Employed,3,Education,55099,0.0,Save
49,933874,23503,1641853,No,0,441,Expert,Low,1,Self-Employed,9,House,54319,0.0,Avoid Loan
39,1333647,63631,1008695,No,0,364,Intermediate,High,2,Salaried,12,Wealth Creation,47506,0.0,Avoid Loan
49,2873104,95214,1811330,No,0,786,Beginner,Medium,0,Salaried,4,Wealth Creation,144211,0.0,Save
59,2809057,32365,2038790,Yes,847183,695,Beginner,Medium,3,Business,1,Wealth Creation,201723,0.3,Save
57,452086,21539,634268,Yes,1593940,496,Expert,Low,0,Self-Employed,0,Wealth Creation,16134,3.53,Avoid Loan
25,1882683,109216,1876483,No,0,697,Beginner,Medium,4,Self-Employed,1,Wealth Creation,47674,0.0,Save
49,1542457,83924,1611033,Yes,718398,850,Intermediate,Low,1,Salaried,1,Wealth Creation,44614,0.47,Avoid Loan
57,2295132,82791,1527016,Yes,2074150,453,Expert,Medium,2,Salaried,0,Retirement,108470,0.9,Avoid Loan
34,2908640,178938,2363350,No,0,803,Expert,Low,2,Self-Employed,7,Retirement,63448,0.0,Invest
22,1204942,58880,2085671,Yes,1278338,555,Beginner,Low,3,Business,7,House,41531,1.06,Avoid Loan
41,399173,24467,744183,Yes,253885,567,Expert,High,3,Business,8,Education,8797,0.64,Avoid Loan
23,817414,36145,464504,No,0,355,Beginner,High,3,Salaried,6,Education,31972,0.0,Avoid Loan
46,754132,51368,1797846,Yes,1372982,718,Intermediate,Medium,5,Business,7,Education,11476,1.82,Avoid Loan
31,1472411,56733,1389685,No,0,374,Intermediate,Medium,1,Self-Employed,11,Retirement,65967,0.0,Avoid Loan
43,1923162,22013,2198094,No,0,694,Beginner,Medium,5,Self-Employed,11,Wealth Creation,138250,0.0,Save
25,1477459,77477,1960868,No,0,710,Expert,Low,5,Business,1,Retirement,45644,0.0,Save
58,1456412,107512,931852,Yes,147813,654,Intermediate,Medium,1,Business,0,Retirement,13855,0.1,Save
47,823052,40500,1740261,No,0,771,Beginner,Medium,2,Business,7,Retirement,28087,0.0,Invest
60,787512,37846,712769,Yes,1640313,746,Intermediate,Low,2,Self-Employed,6,Retirement,27780,2.08,Avoid Loan
51,956647,31059,727041,No,0,675,Intermediate,Medium,1,Business,5,House,48661,0.0,Save
21,303649,17554,2341921,No,0,442,Beginner,High,3,Salaried,6,House,7750,0.0,Avoid Loan
50,260900,18361,1058590,Yes,2333889,738,Beginner,High,2,Salaried,8,Wealth Creation,3380,8.95,Avoid Loan
48,2324102,24558,2446023,Yes,935382,606,Expert,Low,3,Self-Employed,7,Education,169117,0.4,Save
34,2692614,123306,1836196,No,0,682,Intermediate,Medium,0,Self-Employed,1,Wealth Creation,101078,0.0,Save
26,1185308,56581,47835,No,0,583,Expert,High,3,Business,5,House,42194,0.0,Avoid Loan
40,2188832,162897,461632,No,0,734,Intermediate,High,1,Salaried,0,Education,19505,0.0,Save
59,708294,33395,1222911,Yes,2277788,802,Expert,High,5,Business,2,Retirement,25629,3.22,Avoid Loan
51,2242121,79654,2127404,Yes,1063602,624,Expert,Low,0,Business,11,Wealth Creation,107189,0.47,Avoid Loan
41,657353,37019,843250,Yes,635799,860,Beginner,Medium,1,Business,1,Wealth Creation,17760,0.97,Avoid Loan
58,2214902,63944,544588,No,0,844,Intermediate,Low,4,Salaried,9,Education,120631,0.0,Invest
41,1449916,71699,1771484,Yes,1989291,426,Expert,Medium,1,Self-Employed,9,House,49127,1.37,Avoid Loan
39,2977387,146806,1291728,No,0,440,Intermediate,High,5,Salaried,11,Education,101309,0.0,Avoid Loan
47,769244,53333,2449367,No,0,381,Intermediate,Low,3,Business,4,Wealth Creation,10770,0.0,Avoid Loan
30,2966956,129588,1017371,No,0,422,Beginner,Low,1,Business,12,Education,117658,0.0,Avoid Loan
52,1957025,95654,1855156,Yes,1195848,778,Expert,Medium,2,Business,10,Retirement,67431,0.61,Avoid Loan
53,725970,53337,298563,No,0,499,Intermediate,Medium,0,Salaried,5,Education,7160,0.0,Avoid Loan
38,853436,30511,1851375,No,0,813,Intermediate,Low,3,Self-Employed,11,Retirement,40608,0.0,Invest
42,2040097,77480,1784152,Yes,260492,591,Intermediate,Low,4,Salaried,1,Wealth Creation,92528,0.13,Avoid Loan
43,1169831,40983,2352570,No,0,536,Expert,Medium,0,Business,1,Wealth Creation,56502,0.0,Avoid Loan
35,2744248,18780,1218619,No,0,618,Intermediate,High,5,Business,10,House,209907,0.0,Save
49,1115269,47591,1066335,Yes,797031,669,Intermediate,Low,0,Salaried,0,Retirement,45348,0.71,Avoid Loan
29,469810,28590,1682900,Yes,447246,769,Intermediate,Low,5,Self-Employed,9,Retirement,10560,0.95,Avoid Loan
57,659950,21194,216577,No,0,664,Beginner,Medium,1,Business,4,House,33801,0.0,Save
52,251916,18047,876566,No,0,489,Beginner,Medium,5,Self-Employed,7,Education,2946,0.0,Avoid Loan
42,2857275,192823,1175420,No,0,372,Beginner,Medium,5,Self-Employed,2,Retirement,45283,0.0,Avoid Loan
45,1569769,62300,291375,Yes,1451653,830,Beginner,Medium,2,Self-Employed,12,Retirement,68514,0.92,Avoid Loan
52,1230676,78708,747981,No,0,597,Intermediate,Medium,2,Salaried,10,Education,23848,0.0,Avoid Loan
46,1828653,91972,1885448,No,0,431,Beginner,Medium,4,Salaried,8,Education,60415,0.0,Avoid Loan
34,940241,17052,2325702,Yes,2492255,353,Beginner,High,3,Salaried,8,Wealth Creation,61301,2.65,Avoid Loan
35,1722776,50718,2311318,No,0,538,Intermediate,Low,5,Self-Employed,4,Retirement,92846,0.0,Avoid Loan
37,1516079,33557,2155370,Yes,2428061,411,Beginner,Low,1,Salaried,0,House,92782,1.6,Avoid Loan
47,2956636,157591,1910496,No,0,766,Intermediate,Medium,2,Salaried,5,Retirement,88795,0.0,Save
25,1296481,33164,2154095,Yes,849872,738,Beginner,Medium,0,Self-Employed,0,House,74876,0.66,Avoid Loan
39,909548,37368,1046418,No,0,757,Expert,Low,3,Self-Employed,11,Education,38427,0.0,Invest
41,2297144,27905,397765,Yes,2125204,446,Expert,High,3,Salaried,8,Education,163523,0.93,Avoid Loan
22,1413607,20279,2406054,No,0,745,Intermediate,High,5,Self-Employed,7,Wealth Creation,97521,0.0,Invest
28,2749172,186661,798386,Yes,1591065,417,Expert,Low,0,Self-Employed,7,Education,42436,0.58,Avoid Loan
59,1926574,80293,476909,Yes,2280153,871,Intermediate,Medium,3,Salaried,11,Wealth Creation,80254,1.18,Avoid Loan
47,314405,22167,2188666,No,0,741,Beginner,Low,5,Self-Employed,9,Wealth Creation,4033,0.0,Save
43,2613999,21303,105508,No,0,386,Beginner,Medium,0,Business,0,House,196530,0.0,Avoid Loan
36,1073969,74630,1455682,Yes,2307253,389,Beginner,Medium,4,Salaried,10,Retirement,14867,2.15,Avoid Loan
30,1187402,55185,767533,No,0,677,Expert,Low,3,Business,1,House,43765,0.0,Save
26,1342892,65614,1572404,No,0,432,Beginner,Low,1,Self-Employed,11,Retirement,46293,0.0,Avoid Loan
58,775337,37456,478064,Yes,180175,870,Beginner,High,2,Salaried,5,Education,27155,0.23,Save
56,2666254,99890,835960,No,0,868,Intermediate,High,3,Self-Employed,11,House,122297,0.0,Invest
23,1241112,87261,2208265,No,0,900,Intermediate,Low,2,Self-Employed,0,Education,16165,0.0,Save
52,880462,47968,323830,Yes,2446995,440,Intermediate,Medium,2,Business,8,House,25403,2.78,Avoid Loan
48,2275540,82117,1276277,Yes,1276723,869,Intermediate,Low,0,Business,7,Wealth Creation,107511,0.56,Avoid Loan
39,1582324,113568,603838,Yes,2292102,669,Beginner,High,3,Business,1,House,18292,1.45,Avoid Loan
33,1146429,46394,1542465,No,0,823,Beginner,High,5,Business,11,Retirement,49141,0.0,Invest
29,2713288,138254,2125822,No,0,380,Beginner,Low,3,Business,4,Education,87853,0.0,Avoid Loan
31,1509266,52022,2120061,No,0,803,Beginner,Low,0,Business,3,Retirement,73750,0.0,Save
54,361816,18876,215928,No,0,787,Beginner,Low,5,Business,9,Education,11275,0.0,Save
41,2754257,42051,1010663,Yes,330261,703,Intermediate,Low,4,Salaried,9,Retirement,187470,0.12,Save
30,899935,66503,1617252,No,0,860,Expert,Low,1,Self-Employed,7,House,8491,0.0,Save
55,802337,29084,473088,Yes,876176,674,Beginner,Medium,3,Salaried,8,Education,37777,1.09,Avoid Loan
32,632885,36037,476705,No,0,391,Intermediate,Medium,2,Salaried,7,Education,16703,0.0,Avoid Loan
35,2371361,76365,1691076,Yes,2403379,530,Expert,High,2,Self-Employed,5,Retirement,121248,1.01,Avoid Loan
38,2063117,63957,1202594,Yes,2032778,436,Beginner,Low,4,Business,1,Retirement,107969,0.99,Avoid Loan
45,684125,49280,267175,Yes,2122716,449,Intermediate,Medium,3,Self-Employed,0,Wealth Creation,7730,3.1,Avoid Loan
43,280523,20313,1699289,Yes,1280521,442,Beginner,Low,5,Business,10,Retirement,3063,4.56,Avoid Loan
54,1974966,33773,98147,No,0,830,Beginner,Medium,2,Salaried,6,Education,130807,0.0,Save
38,878049,46174,139706,Yes,389631,849,Beginner,Low,0,Self-Employed,0,Retirement,26996,0.44,Save
27,1753882,82012,2049183,Yes,2368812,713,Expert,High,4,Business,5,Retirement,64144,1.35,Avoid Loan
22,458090,18755,238903,Yes,1402215,544,Beginner,Low,4,Salaried,2,House,19419,3.06,Avoid Loan
46,2284178,140932,1214519,No,0,849,Beginner,Medium,0,Business,4,Retirement,49416,0.0,Save
21,288579,16444,1379977,No,0,548,Expert,Medium,5,Business,0,Retirement,7604,0.0,Avoid Loan
26,2743422,153527,342570,Yes,137434,524,Beginner,Medium,4,Salaried,11,Education,75091,0.05,Avoid Loan
28,2028266,48504,147708,Yes,1726532,469,Intermediate,Low,5,Self-Employed,9,Wealth Creation,120518,0.85,Avoid Loan
34,1099724,24051,22045,No,0,465,Beginner,High,0,Salaried,4,Education,67592,0.0,Avoid Loan
49,1288049,46465,1151599,Yes,1273281,539,Expert,Medium,0,Salaried,8,Education,60872,0.99,Avoid Loan
49,2350672,29095,1177646,Yes,1584894,552,Expert,High,2,Self-Employed,6,Retirement,166794,0.67,Avoid Loan
60,1388196,75196,1737307,No,0,364,Expert,Medium,5,Salaried,11,Wealth Creation,40487,0.0,Avoid Loan
42,1895050,63197,1801096,No,0,384,Beginner,Low,2,Salaried,9,House,94723,0.0,Avoid Loan
35,497020,32599,152313,Yes,2163369,383,Intermediate,Medium,1,Business,5,House,8819,4.35,Avoid Loan
31,2638762,29152,675071,No,0,529,Beginner,Medium,3,Self-Employed,10,Wealth Creation,190744,0.0,Avoid Loan
41,1421471,96783,752629,Yes,2140856,774,Beginner,Medium,1,Self-Employed,9,Wealth Creation,21672,1.51,Avoid Loan
37,635546,26291,1085853,No,0,397,Beginner,Low,5,Self-Employed,5,Retirement,26671,0.0,Avoid Loan
36,475443,15010,1110809,Yes,2157489,728,Beginner,Medium,3,Self-Employed,1,Retirement,24610,4.54,Avoid Loan
57,2063122,96275,1378998,No,0,558,Beginner,High,2,Salaried,10,Wealth Creation,75651,0.0,Avoid Loan
37,2793574,184461,544280,Yes,1198186,581,Expert,Low,1,Business,9,Education,48336,0.43,Avoid Loan
60,2452818,125423,1383589,No,0,822,Expert,Low,1,Self-Employed,5,House,78978,0.0,Save
51,2164410,66291,2203457,Yes,1946316,519,Intermediate,Medium,0,Business,10,Wealth Creation,114076,0.9,Avoid Loan
22,2443344,161006,615137,Yes,1833192,404,Beginner,Low,1,Business,8,Wealth Creation,42606,0.75,Avoid Loan
26,915273,32008,2364293,No,0,893,Expert,Low,4,Self-Employed,12,House,44264,0.0,Invest
59,771211,21901,1853351,No,0,466,Intermediate,Medium,5,Self-Employed,7,Retirement,42366,0.0,Avoid Loan
23,1821572,128714,665932,No,0,606,Beginner,High,0,Self-Employed,10,Education,23083,0.0,Save
41,902992,55515,826496,Yes,999146,360,Intermediate,Medium,3,Salaried,10,Wealth Creation,19734,1.11,Avoid Loan
58,1993380,113371,571604,No,0,577,Intermediate,Low,4,Salaried,3,Education,52744,0.0,Avoid Loan
40,682581,48027,2342872,Yes,960880,643,Beginner,Low,5,Salaried,4,House,8854,1.41,Avoid Loan
46,405530,29763,1294441,No,0,670,Intermediate,Low,4,Self-Employed,11,Retirement,4031,0.0,Save
33,1526095,33471,2333766,No,0,370,Intermediate,Medium,2,Business,10,House,93703,0.0,Avoid Loan
37,1997089,140052,439949,Yes,806139,875,Expert,High,1,Self-Employed,4,Retirement,26372,0.4,Save
44,353323,21678,1829436,No,0,527,Intermediate,Low,2,Salaried,11,House,7765,0.0,Avoid Loan
45,1909329,104638,2235090,Yes,2180171,654,Expert,High,1,Self-Employed,0,Education,54472,1.14,Avoid Loan
55,1330176,46050,1544910,Yes,51283,460,Expert,Medium,4,Business,12,Retirement,64798,0.04,Avoid Loan
32,884899,60566,2344774,Yes,2357994,352,Intermediate,Low,0,Self-Employed,2,Retirement,13175,2.66,Avoid Loan
53,1607241,53169,812298,No,0,823,Beginner,Medium,4,Salaried,9,Education,80767,0.0,Invest
51,1810138,28973,542975,No,0,528,Intermediate,High,2,Self-Employed,9,Education,121871,0.0,Avoid Loan
60,2766200,76268,2417244,No,0,701,Beginner,Medium,1,Business,7,Retirement,154248,0.0,Save
53,1705531,37748,625798,Yes,2161298,795,Intermediate,Low,4,Salaried,2,Wealth Creation,104379,1.27,Avoid Loan
56,2660769,118693,2416393,No,0,411,Expert,Low,4,Business,2,Wealth Creation,103037,0.0,Avoid Loan
52,1075355,28531,1364859,Yes,1949468,840,Beginner,High,4,Salaried,7,House,61081,1.81,Avoid Loan
40,2419200,172176,111188,Yes,202939,850,Intermediate,Low,3,Salaried,4,Wealth Creation,29424,0.08,Save
56,2673018,59145,2164987,No,0,691,Beginner,Low,2,Self-Employed,10,Education,163606,0.0,Save
28,1704797,91122,516454,Yes,2401151,818,Expert,Low,5,Business,8,Wealth Creation,50944,1.41,Avoid Loan
33,1754049,30553,111153,No,0,613,Beginner,High,1,Self-Employed,4,Retirement,115617,0.0,Save
24,1669603,76215,2267810,Yes,376000,384,Beginner,High,4,Business,10,Retirement,62918,0.23,Avoid Loan
45,2503517,167386,1337678,Yes,213312,465,Beginner,High,2,Business,1,Wealth Creation,41240,0.09,Avoid Loan
46,1125536,55563,2445138,No,0,466,Intermediate,Low,3,Self-Employed,5,House,38231,0.0,Avoid Loan
45,2906319,186412,2125673,No,0,550,Beginner,High,2,Self-Employed,10,Retirement,55781,0.0,Avoid Loan
25,436059,27429,1814285,No,0,819,Intermediate,High,1,Salaried,12,Wealth Creation,8909,0.0,Save
54,2337643,52936,1684381,No,0,728,Expert,High,4,Self-Employed,1,House,141867,0.0,Save
33,634719,44064,95065,No,0,488,Beginner,Low,5,Self-Employed,2,Wealth Creation,8829,0.0,Avoid Loan
40,1709427,76591,1529362,No,0,590,Beginner,Medium,2,Self-Employed,3,Retirement,65861,0.0,Avoid Loan
55,2345019,63370,1130459,No,0,718,Beginner,Medium,0,Business,11,House,132048,0.0,Save
57,2134457,27654,1432622,No,0,504,Expert,Medium,1,Self-Employed,6,Wealth Creation,150217,0.0,Avoid Loan
45,1707012,18217,2469970,Yes,239083,496,Expert,High,5,Self-Employed,6,Education,124034,0.14,Avoid Loan
36,2495141,167016,794832,Yes,2492352,579,Beginner,Medium,5,Business,10,Retirement,40912,1.0,Avoid Loan
58,2135132,21508,1709940,Yes,1729293,370,Beginner,Low,4,Salaried,7,House,156419,0.81,Avoid Loan
56,607115,41027,2236009,No,0,541,Intermediate,High,3,Business,5,Wealth Creation,9565,0.0,Avoid Loan
38,2895013,113303,394236,No,0,540,Expert,Medium,2,Self-Employed,9,House,127948,0.0,Avoid Loan
25,613433,30012,437853,No,0,795,Intermediate,High,5,Salaried,2,Retirement,21107,0.0,Save
49,276617,15055,1348565,Yes,1651978,404,Beginner,Low,5,Salaried,6,Retirement,7996,5.97,Avoid Loan
34,1765331,105554,1542855,Yes,1446093,559,Expert,High,3,Salaried,6,House,41556,0.82,Avoid Loan
30,2055953,110248,2238679,Yes,795471,620,Beginner,Low,1,Self-Employed,4,Education,61081,0.39,Save
38,2858289,34565,1004807,Yes,2464310,553,Beginner,High,2,Salaried,10,Education,203625,0.86,Avoid Loan
50,1948403,136135,511864,Yes,1671608,781,Expert,High,2,Business,12,Retirement,26231,0.86,Avoid Loan
57,1895416,91328,1405464,Yes,1210451,524,Beginner,Medium,1,Salaried,8,Education,66623,0.64,Avoid Loan
58,2389183,149267,1964092,No,0,641,Beginner,Low,5,Business,6,Education,49831,0.0,Save
51,300318,18867,1191440,Yes,2153770,807,Expert,Medium,4,Business,8,Retirement,6159,7.17,Avoid Loan
36,263713,16585,161375,Yes,1343596,460,Intermediate,Low,3,Salaried,3,Education,5391,5.09,Avoid Loan
22,2133270,60621,1026278,Yes,980639,884,Beginner,High,5,Self-Employed,10,House,117151,0.46,Avoid Loan
42,1622202,79387,2026259,Yes,293535,454,Beginner,Low,1,Self-Employed,5,Retirement,55796,0.18,Avoid Loan
28,2907867,20932,2168168,Yes,310237,357,Intermediate,High,1,Self-Employed,0,House,221390,0.11,Avoid Loan
57,2859850,121236,1333922,Yes,56864,747,Expert,Low,2,Self-Employed,10,Wealth Creation,117084,0.02,Invest
54,578382,41220,687475,Yes,929887,485,Intermediate,Low,2,Business,2,Wealth Creation,6978,1.61,Avoid Loan
58,2392776,137908,72310,No,0,474,Intermediate,High,5,Self-Employed,7,Wealth Creation,61490,0.0,Avoid Loan
44,1829016,42029,2294080,No,0,526,Beginner,Medium,3,Business,3,Education,110389,0.0,Avoid Loan
40,2199096,54117,2349102,No,0,409,Beginner,Medium,5,Salaried,9,Education,129141,0.0,Avoid Loan
35,2739604,109238,1903280,No,0,406,Expert,Low,0,Salaried,1,House,119062,0.0,Avoid Loan
55,584540,43720,1204426,No,0,760,Beginner,Medium,1,Self-Employed,9,Education,4991,0.0,Save
48,718564,44648,356573,Yes,915776,819,Intermediate,Medium,0,Business,9,House,15232,1.27,Avoid Loan
23,1885342,21844,2439327,Yes,1752325,560,Intermediate,Low,0,Business,4,House,135267,0.93,Avoid Loan
38,1898444,66756,1555820,No,0,431,Beginner,Low,5,Business,12,Retirement,91447,0.0,Avoid Loan
54,490638,31523,2298011,No,0,724,Beginner,Medium,0,Self-Employed,7,Education,9363,0.0,Save
57,2313404,63506,164425,Yes,1209240,416,Intermediate,Medium,4,Salaried,5,Education,129277,0.52,Avoid Loan
32,1598877,44388,1882625,No,0,872,Intermediate,High,5,Business,7,Retirement,88851,0.0,Invest
31,1540718,40991,869263,No,0,750,Expert,Medium,2,Salaried,12,Retirement,87402,0.0,Invest
23,869428,49002,150228,Yes,91577,843,Beginner,Medium,2,Self-Employed,6,House,23450,0.11,Save
49,2505959,150534,799791,No,0,683,Expert,High,5,Business,3,Wealth Creation,58295,0.0,Save
45,2983091,76192,2017386,Yes,106748,494,Intermediate,Low,0,Self-Employed,9,Education,172398,0.04,Avoid Loan
41,2254396,82272,604821,No,0,373,Expert,Medium,2,Self-Employed,12,Education,105594,0.0,Avoid Loan
35,1790730,131447,1285742,No,0,646,Beginner,Medium,5,Self-Employed,7,Education,17780,0.0,Save
53,882502,64462,2186179,Yes,1267040,384,Expert,Medium,3,Salaried,1,Retirement,9079,1.44,Avoid Loan
28,2507712,77549,56932,Yes,424800,843,Intermediate,Medium,2,Business,12,Retirement,131427,0.17,Save
23,1023537,17286,536186,No,0,663,Expert,Medium,1,Self-Employed,11,House,68008,0.0,Save
50,2621783,111950,1261505,Yes,600057,565,Beginner,High,5,Self-Employed,9,Retirement,106531,0.23,Avoid Loan
45,2763514,17643,2129883,No,0,763,Beginner,High,3,Self-Employed,12,Education,212649,0.0,Invest
58,1866296,75475,2372291,No,0,830,Beginner,Low,0,Business,10,Retirement,80049,0.0,Invest
35,864972,51120,2390605,No,0,514,Beginner,Low,2,Salaried,7,Wealth Creation,20961,0.0,Avoid Loan
31,1133172,77729,1359301,No,0,476,Beginner,Low,4,Business,11,Retirement,16702,0.0,Avoid Loan
45,2481517,25718,571270,No,0,892,Intermediate,High,5,Salaried,12,House,181075,0.0,Invest
37,1903397,58442,575506,No,0,809,Expert,Medium,0,Salaried,7,Wealth Creation,100174,0.0,Invest
42,2756813,149392,1941926,No,0,499,Intermediate,High,1,Salaried,0,Retirement,80342,0.0,Avoid Loan
57,478458,33334,751123,Yes,2220692,628,Beginner,Medium,1,Self-Employed,11,Retirement,6537,4.64,Avoid Loan
57,2419995,89917,180078,Yes,1998674,362,Beginner,High,2,Self-Employed,8,Wealth Creation,111749,0.83,Avoid Loan
38,2401486,86871,1999807,Yes,920327,839,Intermediate,Medium,1,Salaried,7,Education,113252,0.38,Save
48,2778354,173876,1706208,Yes,919526,443,Expert,Medium,0,Salaried,12,Retirement,57653,0.33,Avoid Loan
52,2713089,187847,2285811,No,0,819,Beginner,Medium,0,Business,0,Retirement,38243,0.0,Save
60,1153011,23617,501376,Yes,1001788,378,Beginner,Medium,5,Salaried,10,Retirement,72467,0.87,Avoid Loan
30,1693914,38494,369197,Yes,276743,567,Intermediate,Medium,0,Business,8,Wealth Creation,102665,0.16,Avoid Loan
25,1734393,74214,1507553,Yes,1164895,883,Beginner,Medium,5,Self-Employed,8,Wealth Creation,70318,0.67,Avoid Loan
24,1130107,53832,2494749,No,0,746,Expert,Medium,5,Business,4,Wealth Creation,40343,0.0,Save
49,1692397,121706,670725,No,0,567,Intermediate,Medium,3,Self-Employed,0,House,19327,0.0,Avoid Loan
27,2012458,60346,2035072,No,0,364,Intermediate,Low,5,Business,8,Education,107358,0.0,Avoid Loan
50,2779944,140257,664879,Yes,963365,794,Beginner,High,3,Self-Employed,0,Retirement,91405,0.35,Save
42,2295206,165554,2302807,No,0,850,Beginner,Medium,3,Salaried,6,Education,25713,0.0,Invest
38,1636753,57920,2139517,No,0,604,Intermediate,Medium,4,Salaried,2,House,78476,0.0,Save
34,2111236,19663,2072142,No,0,513,Beginner,High,2,Self-Employed,0,House,156273,0.0,Avoid Loan
40,2868580,186082,2321602,Yes,328170,829,Beginner,High,0,Self-Employed,2,Education,52966,0.11,Save
32,2337692,36267,590007,Yes,1469184,768,Expert,Low,5,Salaried,8,Education,158540,0.63,Avoid Loan
38,916881,15212,927460,Yes,609668,507,Beginner,High,2,Business,1,Education,61194,0.66,Avoid Loan
54,2643543,180153,952378,Yes,2199400,584,Intermediate,High,4,Salaried,10,Wealth Creation,40142,0.83,Avoid Loan
39,719626,43943,2300683,Yes,2238139,366,Beginner,Low,2,Self-Employed,2,Education,16025,3.11,Avoid Loan
47,955250,36622,578987,No,0,369,Beginner,High,1,Self-Employed,12,Education,42982,0.0,Avoid Loan
50,2949898,135050,2077756,Yes,433950,484,Intermediate,Medium,5,Salaried,10,Retirement,110774,0.15,Avoid Loan
52,1969855,103455,720544,Yes,1588691,477,Beginner,High,1,Salaried,1,Education,60699,0.81,Avoid Loan
27,2748903,93786,2094020,Yes,2490605,672,Beginner,High,0,Business,11,House,135289,0.91,Avoid Loan
58,1002655,21003,2348305,Yes,1972497,798,Beginner,Low,3,Business,2,Education,62551,1.97,Avoid Loan
58,1395800,92727,1140000,Yes,1800369,680,Expert,Medium,2,Business,10,Retirement,23589,1.29,Avoid Loan
53,1081955,30450,2222243,Yes,187994,505,Expert,Medium,2,Salaried,4,Retirement,59712,0.17,Avoid Loan
37,2359815,100840,1270978,No,0,821,Beginner,Medium,3,Self-Employed,5,Retirement,95811,0.0,Save
56,2714429,117793,1758851,Yes,1657668,698,Beginner,Medium,1,Business,4,Education,108409,0.61,Avoid Loan
55,1573790,110273,1708637,No,0,425,Beginner,High,2,Self-Employed,9,Education,20876,0.0,Avoid Loan
38,1394336,71345,679482,Yes,896476,456,Beginner,Low,3,Business,1,Retirement,44849,0.64,Avoid Loan
56,2080368,56007,1548746,Yes,657656,415,Beginner,Low,2,Salaried,9,Education,117357,0.32,Avoid Loan
58,1648654,68893,2397054,No,0,556,Expert,High,4,Salaried,5,Wealth Creation,68494,0.0,Avoid Loan
37,1417334,76139,880907,Yes,934837,521,Beginner,High,4,Business,6,House,41972,0.66,Avoid Loan
53,1066834,31848,2459329,Yes,1670708,877,Beginner,Medium,3,Salaried,5,Retirement,57054,1.57,Avoid Loan
54,731442,35976,1780730,No,0,528,Intermediate,Low,3,Self-Employed,7,Education,24977,0.0,Avoid Loan
34,2998852,87109,2286951,No,0,833,Intermediate,Medium,5,Salaried,5,Wealth Creation,162795,0.0,Save
49,1875078,108655,1325917,No,0,664,Intermediate,Low,5,Business,4,Education,47601,0.0,Save
47,2583863,44979,2115292,No,0,862,Beginner,Low,3,Salaried,7,Education,170342,0.0,Invest
47,2571507,58783,1530956,No,0,785,Beginner,Medium,5,Business,7,Retirement,155509,0.0,Invest
45,920895,52203,512758,Yes,215366,502,Expert,Medium,1,Self-Employed,4,Education,24538,0.23,Avoid Loan
35,1164577,25132,1059886,No,0,663,Beginner,Low,2,Business,9,Retirement,71916,0.0,Save
25,1894146,104090,940759,Yes,898220,576,Expert,Low,3,Business,6,Wealth Creation,53755,0.47,Avoid Loan
31,2362554,85909,2091313,No,0,668,Intermediate,Low,1,Salaried,6,Education,110970,0.0,Save
40,2066794,61717,2402512,Yes,1559263,796,Intermediate,Low,4,Self-Employed,2,Retirement,110515,0.75,Avoid Loan
59,2297622,163282,1277759,No,0,577,Intermediate,Medium,5,Salaried,5,Retirement,28186,0.0,Avoid Loan
52,1387073,53561,1748337,Yes,824474,846,Expert,Low,0,Business,2,Retirement,62028,0.59,Avoid Loan
37,1864727,81845,30507,No,0,414,Intermediate,Medium,0,Salaried,0,House,73548,0.0,Avoid Loan
25,1963848,139112,1057322,No,0,535,Beginner,Medium,5,Salaried,10,Retirement,24542,0.0,Avoid Loan
56,878400,20168,1616041,Yes,807666,723,Beginner,High,3,Salaried,11,Wealth Creation,53032,0.92,Avoid Loan
46,1175939,43237,138557,No,0,761,Intermediate,High,4,Salaried,2,Wealth Creation,54757,0.0,Save
51,2518810,184044,221099,Yes,118383,828,Intermediate,Medium,5,Business,10,Education,25856,0.05,Save
22,2262174,53761,437218,No,0,862,Beginner,Medium,5,Salaried,3,Education,134753,0.0,Save
50,677392,43968,2153343,Yes,2225510,546,Expert,Low,2,Business,10,Education,12481,3.29,Avoid Loan
54,2875300,211972,1659379,No,0,500,Intermediate,Medium,1,Self-Employed,4,Education,27636,0.0,Avoid Loan
33,1342538,23658,925485,No,0,420,Beginner,High,2,Business,8,Retirement,88220,0.0,Avoid Loan
48,2463135,122925,2340622,No,0,816,Intermediate,High,1,Salaried,2,Retirement,82336,0.0,Save
28,2126582,136025,959385,No,0,640,Beginner,Low,2,Salaried,9,House,41190,0.0,Save
36,672700,42140,1940958,Yes,2371512,433,Intermediate,High,3,Self-Employed,0,Wealth Creation,13918,3.53,Avoid Loan
41,2371044,152316,1848868,No,0,623,Beginner,High,2,Business,0,Education,45271,0.0,Save
26,2622816,178748,1793237,No,0,768,Beginner,Medium,0,Business,6,Education,39820,0.0,Invest
59,466045,30883,916693,Yes,2101156,749,Intermediate,Medium,4,Salaried,12,Education,7954,4.51,Avoid Loan
45,2401793,70783,2389404,Yes,1039542,593,Beginner,Low,2,Salaried,4,Retirement,129366,0.43,Avoid Loan
45,2907495,182079,2354634,Yes,698905,899,Beginner,High,5,Salaried,11,Wealth Creation,60212,0.24,Invest
38,887343,26596,2079706,Yes,859507,506,Intermediate,Low,4,Salaried,7,Education,47349,0.97,Avoid Loan
54,1471986,57647,1069801,No,0,395,Intermediate,Medium,2,Salaried,5,Retirement,65018,0.0,Avoid Loan
26,1200868,71235,271771,Yes,1759678,640,Intermediate,Medium,2,Self-Employed,10,Retirement,28837,1.47,Avoid Loan
59,1499945,32733,829209,No,0,595,Expert,Medium,4,Self-Employed,4,Wealth Creation,92262,0.0,Avoid Loan
25,1042830,29867,883530,No,0,405,Intermediate,Medium,5,Salaried,2,Education,57035,0.0,Avoid Loan
57,2022360,44367,1558297,No,0,586,Beginner,Low,1,Business,11,Education,124163,0.0,Avoid Loan
38,2381866,105786,1185544,Yes,360046,508,Beginner,High,0,Self-Employed,7,Education,92702,0.15,Avoid Loan
40,2827113,78611,795936,No,0,445,Beginner,Medium,1,Salaried,10,House,156981,0.0,Avoid Loan
55,1155018,27506,1166485,No,0,720,Beginner,Medium,2,Business,1,House,68745,0.0,Save
45,795266,42039,1276405,No,0,604,Expert,High,3,Business,12,Wealth Creation,24233,0.0,Save
29,2405337,77694,778313,Yes,462422,890,Expert,Low,4,Business,1,Retirement,122750,0.19,Save
28,1247028,21067,258360,No,0,568,Beginner,Low,1,Salaried,10,Retirement,82852,0.0,Avoid Loan
31,2673785,159548,436434,Yes,693081,736,Intermediate,Medium,2,Business,6,Retirement,63267,0.26,Invest
25,1177245,54640,1111174,No,0,466,Beginner,Low,5,Business,10,Wealth Creation,43463,0.0,Avoid Loan
48,2927189,193820,2446137,Yes,233922,669,Beginner,Low,5,Business,11,House,50112,0.08,Save
43,2648884,83986,818644,Yes,705391,390,Beginner,Low,3,Self-Employed,0,Retirement,136754,0.27,Avoid Loan
25,719827,27213,290952,No,0,695,Intermediate,Medium,2,Business,5,Retirement,32772,0.0,Save
56,2979904,148833,2238800,Yes,665109,737,Intermediate,Low,5,Self-Employed,10,Education,99492,0.22,Invest
58,1073359,43820,865186,Yes,311014,534,Beginner,High,0,Self-Employed,11,Wealth Creation,45626,0.29,Avoid Loan
29,2202166,21453,1002200,No,0,704,Expert,Medium,1,Salaried,11,Education,162060,0.0,Save
39,1038049,62096,252114,No,0,369,Beginner,Medium,4,Self-Employed,5,Retirement,24408,0.0,Avoid Loan
25,2872489,44280,1747429,Yes,762798,760,Beginner,Low,1,Business,11,Wealth Creation,195094,0.27,Invest
36,1883013,28391,2416143,No,0,371,Expert,Medium,3,Self-Employed,2,Wealth Creation,128526,0.0,Avoid Loan
39,915268,50366,490632,No,0,695,Beginner,High,4,Business,2,Education,25906,0.0,Save
57,1363937,83732,1742107,No,0,869,Beginner,Low,3,Self-Employed,3,House,29929,0.0,Save
56,936505,65581,1108856,No,0,393,Beginner,Medium,5,Business,1,House,12461,0.0,Avoid Loan
50,269966,17491,1112980,No,0,856,Beginner,Medium,3,Business,9,Education,5006,0.0,Save
24,2335040,133412,1868056,Yes,178294,727,Beginner,Low,4,Self-Employed,8,Retirement,61174,0.08,Invest
43,1893798,74245,2094626,No,0,402,Beginner,High,0,Self-Employed,3,Retirement,83571,0.0,Avoid Loan
35,2317286,23043,38180,No,0,726,Beginner,Medium,2,Business,10,Wealth Creation,170064,0.0,Avoid Loan
54,2895246,147227,1157596,No,0,582,Beginner,Low,0,Salaried,5,Education,94043,0.0,Avoid Loan
53,2006684,118205,663407,No,0,882,Intermediate,High,4,Self-Employed,6,Wealth Creation,49018,0.0,Invest
45,252828,16553,2104098,Yes,385572,395,Beginner,Medium,4,Salaried,12,Retirement,4516,1.53,Avoid Loan
45,957693,24690,1775054,No,0,517,Beginner,Low,2,Salaried,11,Education,55117,0.0,Avoid Loan
37,522707,37581,1063339,Yes,461914,849,Intermediate,Low,4,Self-Employed,3,Wealth Creation,5977,0.88,Avoid Loan
49,2840909,36273,718563,Yes,601419,364,Beginner,Low,2,Salaried,9,Wealth Creation,200469,0.21,Avoid Loan
30,1491011,67064,569532,No,0,536,Expert,Low,1,Self-Employed,10,House,57186,0.0,Avoid Loan
55,730339,39131,114090,No,0,698,Beginner,High,2,Salaried,6,Education,21730,0.0,Save
50,2567368,50875,805666,No,0,613,Expert,Low,3,Self-Employed,9,House,163072,0.0,Save
26,2015244,61146,568976,No,0,408,Beginner,Medium,2,Self-Employed,7,Retirement,106791,0.0,Avoid Loan
26,277519,18501,235971,No,0,462,Intermediate,Medium,2,Salaried,3,House,4625,0.0,Avoid Loan
21,2609408,162204,732945,No,0,645,Intermediate,Low,3,Self-Employed,6,Retirement,55246,0.0,Save
26,688099,44888,1458710,No,0,652,Intermediate,High,0,Self-Employed,5,House,12453,0.0,Save
34,2252520,68775,2473953,No,0,759,Beginner,Low,0,Self-Employed,8,Wealth Creation,118935,0.0,Invest
41,564275,23391,2415548,Yes,1113155,573,Intermediate,Low,5,Salaried,7,House,23631,1.97,Avoid Loan
50,687548,18649,592721,No,0,561,Intermediate,High,4,Business,9,Retirement,38646,0.0,Avoid Loan
25,974395,64650,898113,No,0,437,Beginner,Medium,0,Salaried,10,House,16549,0.0,Avoid Loan
48,565334,21800,1670170,No,0,516,Intermediate,Low,5,Salaried,11,Retirement,25311,0.0,Avoid Loan
26,2229337,163335,641798,No,0,510,Beginner,High,3,Self-Employed,3,Retirement,22443,0.0,Avoid Loan
54,1130431,69793,2484387,No,0,376,Intermediate,Low,0,Business,1,Education,24409,0.0,Avoid Loan
34,2158634,122856,1011412,No,0,616,Expert,Medium,1,Salaried,12,Wealth Creation,57030,0.0,Save
21,582309,35718,921648,Yes,75115,415,Intermediate,Low,5,Business,9,House,12807,0.13,Avoid Loan
21,957677,49594,2202880,No,0,781,Beginner,High,4,Salaried,1,Wealth Creation,30212,0.0,Save
36,2696110,74892,1246959,Yes,1803467,382,Beginner,Low,2,Self-Employed,3,House,149783,0.67,Avoid Loan
44,2927890,109517,1503246,No,0,794,Beginner,Low,3,Business,7,Wealth Creation,134473,0.0,Invest
23,942885,35131,535630,Yes,1645722,528,Expert,Low,5,Business,12,Education,43442,1.75,Avoid Loan
57,2832148,188495,78193,Yes,1077304,639,Expert,Medium,3,Self-Employed,2,Education,47517,0.38,Save
60,1568985,101291,1911496,No,0,561,Beginner,Low,4,Self-Employed,5,Retirement,29457,0.0,Avoid Loan
49,2371020,27471,2239217,Yes,1005948,512,Beginner,Medium,1,Salaried,11,House,170114,0.42,Avoid Loan
55,1341968,90125,2101184,No,0,585,Intermediate,Low,3,Self-Employed,1,Education,21705,0.0,Avoid Loan
28,2855193,92786,1967784,Yes,935747,881,Beginner,High,0,Business,11,Wealth Creation,145146,0.33,Save
40,2907909,177819,1727303,Yes,490004,383,Beginner,Low,1,Salaried,10,Retirement,64506,0.17,Avoid Loan
23,1909711,51415,432172,Yes,2274721,883,Intermediate,Low,2,Salaried,9,Education,107727,1.19,Avoid Loan
43,2770145,185752,1066368,No,0,474,Beginner,Medium,1,Salaried,4,Wealth Creation,45093,0.0,Avoid Loan
59,2338682,101729,1509452,Yes,332801,495,Intermediate,High,0,Business,5,House,93161,0.14,Avoid Loan
53,1052910,57631,1767068,No,0,497,Intermediate,Medium,3,Self-Employed,4,Retirement,30111,0.0,Avoid Loan
32,1057179,71959,1520885,No,0,672,Beginner,Low,4,Self-Employed,10,Retirement,16139,0.0,Save
54,2402706,24239,1787602,Yes,2427812,767,Beginner,Medium,3,Self-Employed,1,Education,175986,1.01,Avoid Loan
43,1003388,54297,1416898,Yes,79724,757,Beginner,Medium,2,Business,6,House,29318,0.08,Invest
38,1036800,32981,1712105,No,0,748,Expert,Medium,2,Business,4,Retirement,53419,0.0,Save
56,401527,25553,762432,Yes,776543,503,Intermediate,Medium,0,Salaried,8,Wealth Creation,7907,1.93,Avoid Loan
39,616668,42344,74342,No,0,562,Beginner,Low,4,Self-Employed,11,Retirement,9045,0.0,Avoid Loan
30,1518621,45125,383182,No,0,772,Intermediate,Medium,4,Self-Employed,6,Wealth Creation,81426,0.0,Invest
29,2394475,31605,832530,No,0,448,Beginner,Low,1,Business,2,House,167934,0.0,Avoid Loan
37,1161802,44292,977140,Yes,63417,612,Intermediate,Low,2,Self-Employed,3,Wealth Creation,52524,0.05,Save
21,2913150,124242,1090989,Yes,641180,494,Expert,Medium,0,Self-Employed,6,Retirement,118520,0.22,Avoid Loan
23,2637313,98085,383633,Yes,934787,806,Intermediate,Medium,0,Self-Employed,7,Retirement,121691,0.35,Save
32,2831779,164609,2084985,No,0,890,Beginner,Medium,1,Self-Employed,9,House,71372,0.0,Invest
59,322183,23955,1673192,Yes,1522462,834,Beginner,Medium,1,Business,12,House,2893,4.73,Avoid Loan
22,656326,35515,1889039,No,0,835,Beginner,Low,2,Self-Employed,5,Education,19178,0.0,Save
21,1808854,72337,541627,Yes,2385555,396,Beginner,High,1,Salaried,9,House,78400,1.32,Avoid Loan
25,1461838,61268,136671,No,0,687,Intermediate,Medium,2,Self-Employed,0,Education,60551,0.0,Save
57,843977,17175,367362,No,0,584,Beginner,Low,4,Self-Employed,12,House,53156,0.0,Avoid Loan
21,2391842,66848,2333522,Yes,1331151,833,Beginner,High,3,Salaried,4,Retirement,132472,0.56,Avoid Loan
41,2888523,72876,1598555,Yes,359717,790,Intermediate,High,2,Business,1,House,167834,0.12,Save
26,972524,15026,1405379,No,0,647,Beginner,Low,4,Self-Employed,1,Education,66017,0.0,Save
29,2212571,26400,1085040,No,0,438,Intermediate,Low,2,Salaried,6,Retirement,157980,0.0,Avoid Loan
29,2320042,80989,1467937,No,0,387,Beginner,Medium,4,Business,10,Wealth Creation,112347,0.0,Avoid Loan
58,1365567,31447,2203324,Yes,1750073,633,Expert,High,4,Business,6,Retirement,82350,1.28,Avoid Loan
49,2510810,21487,1731093,Yes,820589,821,Intermediate,Medium,0,Business,11,Retirement,187747,0.33,Save
52,631119,25820,146971,No,0,783,Expert,Medium,3,Business,7,House,26773,0.0,Save
39,609474,15589,2361213,No,0,551,Beginner,Low,5,Salaried,6,House,35200,0.0,Avoid Loan
31,2268313,21489,693088,Yes,2330986,640,Beginner,High,3,Self-Employed,3,House,167537,1.03,Avoid Loan
36,1835917,127673,797524,Yes,2394062,394,Beginner,High,2,Self-Employed,2,Wealth Creation,25320,1.3,Avoid Loan
24,2078281,99203,1016557,Yes,1548520,424,Beginner,Medium,2,Self-Employed,8,Retirement,73987,0.75,Avoid Loan
44,1127036,66335,944362,No,0,614,Intermediate,Low,0,Self-Employed,5,Retirement,27584,0.0,Save
32,374167,22138,2464803,No,0,361,Beginner,Medium,0,Self-Employed,3,Retirement,9042,0.0,Avoid Loan
60,879584,21838,2039752,No,0,545,Intermediate,Medium,1,Salaried,3,Education,51460,0.0,Avoid Loan
25,1147788,80219,1406848,Yes,1886153,665,Expert,Low,3,Salaried,9,Education,15430,1.64,Avoid Loan
28,586008,28399,1169553,No,0,671,Beginner,Medium,0,Self-Employed,11,Education,20435,0.0,Save
60,2581788,131585,1529376,Yes,1336013,569,Expert,Medium,0,Self-Employed,5,House,83564,0.52,Avoid Loan
60,2560811,117192,2284476,Yes,976939,555,Intermediate,Low,3,Salaried,1,Wealth Creation,96208,0.38,Avoid Loan
30,1779957,31198,967021,Yes,713578,816,Intermediate,Medium,0,Business,0,House,117131,0.4,Save
30,1124548,63784,1249330,Yes,406029,592,Beginner,High,4,Self-Employed,9,Retirement,29928,0.36,Avoid Loan
26,917780,44258,1825825,No,0,819,Intermediate,High,2,Business,0,Wealth Creation,32223,0.0,Save
28,2208675,159352,745986,Yes,429575,536,Expert,Medium,2,Salaried,10,Education,24704,0.19,Avoid Loan
43,1704302,49898,2471532,No,0,807,Intermediate,Low,3,Salaried,6,Wealth Creation,92127,0.0,Invest
30,2648572,63718,407245,Yes,1613436,481,Beginner,Low,0,Business,8,Wealth Creation,156996,0.61,Avoid Loan
47,1440871,28500,2248055,No,0,846,Beginner,Low,1,Self-Employed,6,Wealth Creation,91572,0.0,Invest
44,1719171,116839,1956322,Yes,242619,869,Beginner,Low,3,Self-Employed,7,Education,26425,0.14,Invest
33,2860185,71551,669775,Yes,1809840,711,Beginner,Medium,2,Self-Employed,0,Wealth Creation,166797,0.63,Avoid Loan
46,2942451,41198,1239332,No,0,528,Beginner,High,3,Self-Employed,11,Education,204006,0.0,Avoid Loan
21,2788830,170556,1120282,Yes,2067185,463,Beginner,Medium,3,Self-Employed,5,House,61846,0.74,Avoid Loan
23,2680639,101023,277858,No,0,519,Expert,Low,3,Business,10,Retirement,122363,0.0,Avoid Loan
50,1639110,37505,477811,No,0,445,Expert,High,2,Salaried,1,Wealth Creation,99087,0.0,Avoid Loan
24,2444145,122141,727537,No,0,462,Intermediate,Medium,3,Self-Employed,11,Wealth Creation,81537,0.0,Avoid Loan
35,543763,32325,2493432,Yes,1911858,366,Beginner,Medium,3,Self-Employed,3,Wealth Creation,12988,3.52,Avoid Loan
57,1450395,87765,1504738,Yes,809072,768,Intermediate,Low,1,Self-Employed,2,Education,33101,0.56,Avoid Loan
51,1450334,26119,1346057,No,0,436,Intermediate,High,0,Salaried,4,Wealth Creation,94742,0.0,Avoid Loan
31,1431313,20743,1454405,Yes,1966902,730,Beginner,Medium,4,Salaried,11,Education,98533,1.37,Avoid Loan
50,280307,16062,2306198,Yes,150537,408,Expert,Medium,3,Salaried,12,Wealth Creation,7296,0.54,Avoid Loan
54,2507501,117603,1187274,No,0,727,Beginner,Low,2,Salaried,5,Retirement,91355,0.0,Save
60,1904087,108454,918833,No,0,728,Beginner,Medium,5,Self-Employed,2,House,50219,0.0,Save
29,1582839,48843,2167105,No,0,842,Intermediate,Low,5,Business,8,Wealth Creation,83060,0.0,Invest
26,398653,15329,2030732,No,0,702,Intermediate,High,1,Self-Employed,10,Retirement,17892,0.0,Save
36,1474745,71107,549926,Yes,1299921,859,Beginner,Medium,2,Self-Employed,3,House,51788,0.88,Avoid Loan
54,2489077,119403,514015,No,0,873,Expert,Medium,3,Salaried,7,House,88020,0.0,Invest
52,462698,31871,1920126,No,0,394,Beginner,Low,2,Salaried,2,Retirement,6687,0.0,Avoid Loan
56,1073320,34598,1761201,Yes,537920,552,Beginner,Low,2,Self-Employed,2,Retirement,54845,0.5,Avoid Loan
24,2497601,32514,1414926,No,0,785,Beginner,Low,4,Business,2,Wealth Creation,175619,0.0,Save
42,680477,47806,1347029,No,0,588,Beginner,High,0,Self-Employed,12,Education,8900,0.0,Avoid Loan
47,1130750,32810,710497,No,0,408,Expert,Low,3,Business,1,Wealth Creation,61419,0.0,Avoid Loan
36,2743552,142768,267983,No,0,768,Expert,Medium,5,Business,12,Education,85861,0.0,Save
51,2460754,166597,1369570,No,0,472,Beginner,Low,3,Salaried,6,Wealth Creation,38465,0.0,Avoid Loan
46,507958,26008,598324,Yes,1515873,730,Beginner,Low,0,Salaried,3,Education,16321,2.98,Avoid Loan
43,2360450,36852,1549965,No,0,662,Intermediate,High,2,Salaried,6,Retirement,159852,0.0,Save
50,893905,46032,2404472,Yes,2146254,876,Beginner,High,3,Salaried,0,Retirement,28460,2.4,Avoid Loan
51,2826700,175173,172144,No,0,405,Beginner,Medium,4,Business,6,Education,60385,0.0,Avoid Loan
55,268533,15730,1903162,Yes,752145,600,Beginner,Low,4,Salaried,12,Retirement,6647,2.8,Avoid Loan
41,2576196,33409,1547026,No,0,414,Beginner,Low,3,Salaried,6,Wealth Creation,181274,0.0,Avoid Loan
24,1304135,23589,1903823,Yes,2362847,585,Beginner,Medium,1,Self-Employed,3,Education,85088,1.81,Avoid Loan
36,2516673,145007,1654833,Yes,1785231,393,Beginner,High,5,Business,3,Wealth Creation,64715,0.71,Avoid Loan
41,1471097,63654,515917,No,0,709,Beginner,Low,1,Self-Employed,3,Education,58937,0.0,Save
34,711832,28686,249919,No,0,862,Intermediate,High,3,Business,3,House,30633,0.0,Save
27,2768820,143717,1386564,Yes,2063898,453,Intermediate,Medium,0,Self-Employed,2,Wealth Creation,87018,0.75,Avoid Loan
45,364496,25620,1894755,No,0,580,Expert,Low,3,Self-Employed,8,Wealth Creation,4754,0.0,Avoid Loan
37,766015,22836,70934,Yes,1311512,547,Intermediate,High,3,Salaried,11,Retirement,40998,1.71,Avoid Loan
38,2541959,79597,374704,Yes,1506163,866,Intermediate,Medium,0,Business,3,Education,132232,0.59,Avoid Loan
41,2812618,199893,764108,No,0,377,Beginner,Low,3,Business,6,Retirement,34491,0.0,Avoid Loan
38,2358138,129562,42570,Yes,554453,769,Beginner,Low,3,Salaried,9,Retirement,66949,0.24,Avoid Loan
56,1890636,79961,2460196,No,0,727,Intermediate,Medium,2,Salaried,5,Education,77592,0.0,Save
32,2111125,132266,1741437,Yes,701124,524,Beginner,Medium,0,Self-Employed,7,House,43661,0.33,Avoid Loan
60,1460212,108419,1865709,Yes,1822402,584,Beginner,Medium,3,Self-Employed,5,Education,13265,1.25,Avoid Loan
23,2937478,173949,442830,No,0,427,Intermediate,Low,5,Self-Employed,0,House,70840,0.0,Avoid Loan
44,1070387,37254,1528206,No,0,601,Expert,Low,4,Business,6,House,51944,0.0,Save
25,2441915,99333,1607635,Yes,637787,853,Intermediate,Medium,1,Self-Employed,3,Retirement,104159,0.26,Save
23,1564778,81445,2032991,Yes,1469077,699,Beginner,Low,1,Business,8,Retirement,48953,0.94,Avoid Loan
53,1185972,31914,1168994,No,0,366,Intermediate,Low,3,Self-Employed,7,House,66917,0.0,Avoid Loan
48,1764939,92554,886859,No,0,522,Intermediate,Low,0,Self-Employed,11,Wealth Creation,54524,0.0,Avoid Loan
44,2534576,159468,1323248,Yes,426522,481,Expert,High,4,Business,9,Wealth Creation,51746,0.17,Avoid Loan
30,1677538,26099,1921332,No,0,674,Beginner,Medium,1,Salaried,10,Education,113695,0.0,Save
25,1937589,48388,1186752,No,0,741,Intermediate,Low,1,Business,9,Wealth Creation,113077,0.0,Invest
60,724016,37373,1515399,No,0,798,Beginner,Low,5,Salaried,12,Education,22961,0.0,Save
47,707810,36416,2126537,No,0,401,Beginner,Low,5,Business,9,Education,22568,0.0,Avoid Loan
51,386558,15577,912587,No,0,748,Expert,Low,3,Self-Employed,0,Education,16636,0.0,Save
42,715254,31968,2417926,Yes,2454959,604,Beginner,Medium,5,Business,0,Wealth Creation,27636,3.43,Avoid Loan
30,2497700,27121,1095599,No,0,449,Beginner,Medium,5,Self-Employed,5,Education,181020,0.0,Avoid Loan
58,928072,44536,523163,Yes,919940,558,Expert,Medium,4,Self-Employed,2,Education,32803,0.99,Avoid Loan
53,2402528,56785,1193539,No,0,457,Beginner,Medium,1,Business,5,House,143425,0.0,Avoid Loan
52,2743673,25919,989487,Yes,1725604,668,Expert,Medium,5,Salaried,4,Education,202720,0.63,Avoid Loan
46,2558557,133324,1892169,No,0,416,Beginner,Low,3,Self-Employed,5,Retirement,79889,0.0,Avoid Loan
60,2791906,23407,1913997,No,0,460,Beginner,Medium,0,Self-Employed,4,Education,209251,0.0,Avoid Loan
57,1460690,91589,1183719,Yes,87484,625,Beginner,Low,0,Business,4,Wealth Creation,30135,0.06,Save
50,1834220,90822,87909,No,0,713,Expert,Medium,1,Self-Employed,8,House,62029,0.0,Save
54,1980454,112646,1798089,No,0,815,Expert,Medium,1,Business,7,House,52391,0.0,Invest
33,323077,20882,2227730,Yes,311725,734,Beginner,Medium,3,Salaried,0,Retirement,6041,0.96,Avoid Loan
21,793693,48202,1911077,Yes,2363742,734,Intermediate,Medium,4,Salaried,2,Wealth Creation,17939,2.98,Avoid Loan
25,2488176,155001,59653,No,0,803,Beginner,High,0,Self-Employed,12,Wealth Creation,52347,0.0,Save
42,2039460,148679,989123,No,0,676,Beginner,Medium,4,Business,1,Retirement,21276,0.0,Save
40,459614,32103,922131,No,0,397,Beginner,Medium,1,Business,6,Retirement,6198,0.0,Avoid Loan
24,1059897,62855,2029258,Yes,2046564,748,Expert,Medium,3,Self-Employed,11,House,25469,1.93,Avoid Loan
59,2297050,54625,1054492,Yes,1234246,616,Intermediate,Medium,4,Business,0,Education,136795,0.54,Avoid Loan
53,1140801,25478,2416967,Yes,2006798,721,Intermediate,Medium,2,Self-Employed,3,Retirement,69588,1.76,Avoid Loan
31,2694614,51141,753117,No,0,789,Intermediate,Low,5,Self-Employed,4,Wealth Creation,173410,0.0,Save
29,997336,65239,2033805,No,0,696,Beginner,Low,0,Salaried,0,Retirement,17872,0.0,Save
54,2079169,98132,1652509,No,0,597,Intermediate,Low,5,Business,12,Wealth Creation,75132,0.0,Avoid Loan
41,2518311,39378,2494351,Yes,629684,799,Beginner,Medium,0,Salaried,5,Wealth Creation,170481,0.25,Save
39,427007,17359,2230281,No,0,441,Beginner,High,2,Business,4,Education,18224,0.0,Avoid Loan
41,1072054,74652,2042023,Yes,1406692,557,Intermediate,Low,5,Salaried,0,Education,14685,1.31,Avoid Loan
26,1888073,140372,1051356,Yes,1006635,604,Expert,Medium,4,Business,8,Education,16967,0.53,Avoid Loan
47,940403,65339,610424,No,0,371,Beginner,Medium,0,Self-Employed,3,Wealth Creation,13027,0.0,Avoid Loan
47,1327602,99447,2194234,Yes,1941459,451,Beginner,High,1,Business,11,Education,11186,1.46,Avoid Loan
51,461138,34467,1725665,No,0,425,Beginner,Medium,4,Business,9,Wealth Creation,3961,0.0,Avoid Loan
25,1216457,31097,171480,Yes,1006877,465,Intermediate,Medium,3,Self-Employed,4,Retirement,70274,0.83,Avoid Loan
34,2805109,102126,127359,No,0,396,Intermediate,Medium,3,Salaried,6,Retirement,131633,0.0,Avoid Loan
34,2378126,173582,923248,No,0,704,Expert,Medium,5,Salaried,4,Retirement,24595,0.0,Save
26,1486197,39375,2101119,Yes,592422,724,Expert,Medium,2,Self-Employed,11,Wealth Creation,84474,0.4,Save
55,2116786,110726,1288650,Yes,1089076,746,Expert,Medium,1,Self-Employed,11,House,65672,0.51,Avoid Loan
55,1008930,54535,451965,Yes,1052754,736,Intermediate,Medium,1,Business,8,Wealth Creation,29542,1.04,Avoid Loan
52,1179529,61108,1864411,Yes,1725323,771,Expert,High,2,Self-Employed,9,House,37186,1.46,Avoid Loan
31,850126,23287,363616,No,0,556,Intermediate,Low,1,Self-Employed,6,Education,47556,0.0,Avoid Loan
29,1187955,62099,1816277,No,0,696,Beginner,Low,2,Self-Employed,9,House,36897,0.0,Save
33,2979713,194932,484897,No,0,633,Intermediate,High,1,Business,9,Retirement,53377,0.0,Save
45,1254988,39226,1744189,Yes,1597418,679,Beginner,Medium,5,Salaried,12,House,65356,1.27,Avoid Loan
48,2542808,176012,301260,No,0,352,Beginner,Medium,1,Business,1,House,35888,0.0,Avoid Loan
58,1338294,79672,1564756,Yes,197863,632,Beginner,High,1,Self-Employed,11,Wealth Creation,31852,0.15,Save
28,308068,15434,651631,No,0,503,Beginner,Medium,1,Self-Employed,2,House,10238,0.0,Avoid Loan
53,845137,48629,1662246,No,0,558,Intermediate,Low,2,Salaried,8,Education,21799,0.0,Avoid Loan
58,1684643,72410,1528011,No,0,782,Beginner,Medium,4,Self-Employed,11,Wealth Creation,67976,0.0,Invest
26,1770162,94024,419419,No,0,535,Beginner,Low,3,Salaried,2,Wealth Creation,53489,0.0,Avoid Loan
48,581245,31586,2050590,No,0,450,Beginner,Low,0,Salaried,12,Retirement,16851,0.0,Avoid Loan
45,2230711,98741,1141052,No,0,390,Expert,Low,4,Self-Employed,8,House,87151,0.0,Avoid Loan
31,988455,44619,1946740,Yes,110321,602,Beginner,Low,2,Business,1,Retirement,37752,0.11,Save
49,777405,46800,415667,Yes,365534,638,Expert,High,4,Self-Employed,2,Wealth Creation,17983,0.47,Avoid Loan
40,1641364,61473,2287147,No,0,379,Beginner,Low,0,Self-Employed,9,Education,75307,0.0,Avoid Loan
47,1157716,42579,1014248,Yes,412493,685,Expert,Medium,3,Salaried,11,Education,53897,0.36,Save
52,1221750,61325,2041924,No,0,720,Beginner,Low,5,Business,0,Retirement,40487,0.0,Save
54,1709277,89787,1901089,Yes,213911,731,Beginner,Medium,2,Salaried,1,Education,52652,0.13,Save
25,2774589,124591,1467919,No,0,409,Expert,Medium,2,Business,3,Retirement,106624,0.0,Avoid Loan
58,1671609,37334,816538,Yes,631564,473,Expert,Low,4,Self-Employed,3,House,101966,0.38,Avoid Loan
36,278873,20870,1351218,Yes,1163228,683,Expert,Low,0,Business,0,House,2369,4.17,Avoid Loan
59,2437515,118686,1520936,Yes,1662883,785,Expert,Low,1,Business,5,House,84440,0.68,Avoid Loan
46,2105344,129981,1649400,No,0,879,Intermediate,High,3,Salaried,12,House,45464,0.0,Invest
55,1213046,73743,973311,Yes,1683623,784,Intermediate,Low,4,Salaried,2,Wealth Creation,27344,1.39,Avoid Loan
41,444041,22137,1529141,Yes,2094480,399,Intermediate,Low,1,Salaried,4,Wealth Creation,14866,4.72,Avoid Loan
35,2461114,126744,1446823,Yes,2191215,638,Beginner,High,2,Business,6,Wealth Creation,78348,0.89,Avoid Loan
24,1276434,43318,588579,No,0,843,Expert,High,3,Salaried,12,House,63051,0.0,Invest
32,894499,63355,2119447,No,0,743,Beginner,Medium,4,Business,7,House,11186,0.0,Save
55,2388261,106093,758184,No,0,616,Beginner,Low,1,Salaried,3,House,92928,0.0,Save
38,2931482,144678,1948556,Yes,1458177,413,Beginner,Medium,0,Self-Employed,5,Retirement,99612,0.5,Avoid Loan
60,493621,36193,1019472,Yes,1264680,389,Intermediate,Medium,5,Self-Employed,11,House,4942,2.56,Avoid Loan
60,2881991,63665,2382196,No,0,517,Intermediate,Low,3,Self-Employed,3,Education,176500,0.0,Avoid Loan
40,1861758,63363,238976,No,0,644,Intermediate,Low,5,Business,10,House,91783,0.0,Save
36,485507,19700,1659545,Yes,969321,448,Beginner,Low,5,Self-Employed,10,Education,20758,2.0,Avoid Loan
50,2418204,149077,1760378,No,0,628,Beginner,Medium,3,Business,4,Education,52440,0.0,Save
28,405609,25112,1803358,Yes,2206629,499,Intermediate,High,5,Salaried,3,House,8688,5.44,Avoid Loan
27,2384153,114209,499319,No,0,522,Beginner,Medium,1,Business,6,Education,84470,0.0,Avoid Loan
56,907607,55272,279245,Yes,1095834,426,Beginner,Low,4,Self-Employed,10,House,20361,1.21,Avoid Loan
33,2443934,81472,2119197,No,0,532,Beginner,Medium,2,Salaried,8,House,122189,0.0,Avoid Loan
28,1705483,126185,1197061,No,0,795,Beginner,High,1,Self-Employed,10,Education,15938,0.0,Save
48,1279473,35204,1653196,Yes,1283580,620,Expert,Low,3,Salaried,7,House,71418,1.0,Avoid Loan
52,690657,40446,1316111,No,0,740,Intermediate,Low,5,Self-Employed,5,Retirement,17108,0.0,Save
49,2401804,46423,1088790,No,0,690,Beginner,Medium,1,Self-Employed,2,Retirement,153727,0.0,Save
49,1353435,72469,2183919,No,0,529,Intermediate,Medium,0,Business,4,Education,40317,0.0,Avoid Loan
47,688561,36556,2443898,No,0,810,Beginner,Low,2,Self-Employed,9,Wealth Creation,20824,0.0,Save
54,925825,26375,1280826,Yes,2003442,644,Beginner,High,5,Business,1,House,50777,2.16,Avoid Loan
29,967925,68441,2220589,Yes,91747,828,Intermediate,High,3,Salaried,12,Wealth Creation,12219,0.09,Save
54,2424990,94255,2357101,Yes,938013,703,Beginner,Low,4,Self-Employed,5,Education,107827,0.39,Save
57,2676166,68848,1008660,Yes,259314,366,Beginner,Medium,0,Salaried,11,House,154165,0.1,Avoid Loan
58,2985599,122556,860352,Yes,1674376,745,Expert,Low,2,Salaried,12,House,126243,0.56,Avoid Loan
44,548835,28799,991028,Yes,130070,504,Beginner,Medium,2,Self-Employed,9,Retirement,16937,0.24,Avoid Loan
36,915580,36108,1733825,No,0,492,Expert,Medium,4,Self-Employed,9,Education,40190,0.0,Avoid Loan
27,2832691,76876,2447806,No,0,365,Beginner,Low,3,Self-Employed,1,Education,159181,0.0,Avoid Loan
59,1553518,53302,1549326,No,0,657,Beginner,High,4,Self-Employed,6,Wealth Creation,76157,0.0,Save
35,2773882,93772,2313430,Yes,1483700,412,Intermediate,Low,1,Salaried,2,Education,137384,0.53,Avoid Loan
33,1521498,88292,442141,Yes,563835,685,Intermediate,Low,4,Salaried,5,Wealth Creation,38499,0.37,Save
32,1086456,41121,1932112,Yes,398685,544,Expert,Medium,1,Salaried,1,Retirement,49417,0.37,Avoid Loan
49,434173,15955,1609913,No,0,718,Beginner,High,2,Business,4,Education,20226,0.0,Save
47,2589269,72751,1547763,No,0,377,Expert,Medium,5,Salaried,2,Education,143021,0.0,Avoid Loan
32,310876,21203,1871725,No,0,835,Intermediate,Medium,0,Business,8,House,4703,0.0,Save
33,1967449,27286,385560,No,0,391,Intermediate,High,2,Salaried,1,Wealth Creation,136668,0.0,Avoid Loan
36,1725003,48317,1063512,No,0,622,Intermediate,High,2,Self-Employed,8,House,95433,0.0,Save
23,1918467,36698,779234,No,0,351,Beginner,Low,4,Self-Employed,9,Retirement,123174,0.0,Avoid Loan
33,1065823,54050,1797730,No,0,733,Beginner,High,1,Business,9,Education,34768,0.0,Invest
32,561978,20283,1855838,No,0,637,Beginner,Low,2,Salaried,7,Retirement,26548,0.0,Save
29,1552577,44532,737382,Yes,1076302,611,Beginner,Low,0,Salaried,10,Education,84849,0.69,Avoid Loan
27,2026268,70168,1422585,Yes,1072325,733,Intermediate,Medium,4,Business,6,Retirement,98687,0.53,Avoid Loan
52,2138575,61731,1688215,No,0,551,Intermediate,Low,3,Business,8,Education,116483,0.0,Avoid Loan
36,2426261,156149,880508,No,0,714,Intermediate,High,4,Business,5,House,46039,0.0,Save
34,2725478,169623,261710,No,0,814,Intermediate,High,4,Business,3,Retirement,57500,0.0,Save
60,1571748,73381,2402157,Yes,1688058,412,Intermediate,Low,5,Salaried,9,Retirement,57598,1.07,Avoid Loan
42,311023,19817,2319143,No,0,767,Expert,Medium,2,Self-Employed,9,House,6101,0.0,Save
34,2904351,187347,1075618,No,0,411,Beginner,Medium,4,Business,6,Wealth Creation,54682,0.0,Avoid Loan
53,2784314,88500,2351092,No,0,898,Intermediate,Low,1,Salaried,12,House,143526,0.0,Invest
28,1556780,93478,202763,Yes,656441,702,Expert,Low,2,Self-Employed,2,Education,36253,0.42,Save
54,768150,27394,500227,No,0,550,Intermediate,High,5,Business,7,Retirement,36618,0.0,Avoid Loan
47,1726264,30435,332177,Yes,2070863,828,Beginner,High,5,Salaried,4,Wealth Creation,113420,1.2,Avoid Loan
54,2648417,117890,979474,Yes,1486730,664,Beginner,Medium,4,Salaried,10,House,102811,0.56,Avoid Loan
41,456088,26685,1120098,No,0,372,Beginner,Medium,0,Business,1,House,11322,0.0,Avoid Loan
38,388154,16432,583552,Yes,1001648,816,Expert,Low,1,Salaried,10,Retirement,15914,2.58,Avoid Loan
55,2362630,99048,1677795,No,0,381,Expert,Medium,3,Business,6,Wealth Creation,97837,0.0,Avoid Loan
51,1456380,78696,1596844,Yes,2322006,804,Expert,Low,4,Self-Employed,7,Wealth Creation,42669,1.59,Avoid Loan
45,1876870,74001,2470333,Yes,2142951,422,Beginner,Medium,5,Business,10,Education,82404,1.14,Avoid Loan
53,1473578,74580,2262199,No,0,734,Beginner,Medium,4,Business,2,Wealth Creation,48218,0.0,Save
22,540849,37364,648100,No,0,805,Intermediate,Medium,2,Business,12,Retirement,7706,0.0,Save
50,814221,56529,205565,No,0,537,Beginner,Low,2,Self-Employed,1,House,11322,0.0,Avoid Loan
60,884413,49226,579525,No,0,627,Expert,Medium,3,Business,0,Retirement,24475,0.0,Save
26,1726035,102052,2139729,No,0,740,Beginner,Medium,1,Business,2,House,41784,0.0,Save
51,315028,20633,1017541,Yes,915344,698,Intermediate,Low,0,Business,10,House,5619,2.91,Avoid Loan
27,2552919,52780,680000,No,0,410,Intermediate,Low,0,Business,6,Education,159963,0.0,Avoid Loan
33,1097824,29283,783305,No,0,500,Expert,Medium,3,Business,8,Education,62202,0.0,Avoid Loan
31,2198428,91993,972674,Yes,290880,818,Beginner,Medium,0,Business,7,Education,91209,0.13,Invest
35,1091952,32140,88799,Yes,1535038,568,Beginner,Medium,4,Business,2,Wealth Creation,58856,1.41,Avoid Loan
22,1290681,40478,1578697,No,0,537,Beginner,Medium,5,Self-Employed,10,Retirement,67078,0.0,Avoid Loan
60,969043,60830,1911439,Yes,879859,849,Beginner,Medium,3,Business,10,House,19923,0.91,Avoid Loan
26,538696,32441,2335186,No,0,793,Beginner,Low,2,Salaried,6,Education,12450,0.0,Save
42,1783170,100531,321818,Yes,1067671,475,Expert,Medium,5,Salaried,3,Education,48066,0.6,Avoid Loan
38,884017,65809,1980488,Yes,1406963,740,Beginner,Medium,4,Salaried,8,Education,7859,1.59,Avoid Loan
59,2631068,39035,1615924,No,0,687,Intermediate,High,1,Self-Employed,5,Wealth Creation,180220,0.0,Save
33,519792,27200,1582766,Yes,1438755,367,Beginner,Low,3,Self-Employed,4,Education,16116,2.77,Avoid Loan
35,2400864,172929,1148694,No,0,613,Intermediate,High,1,Salaried,8,Education,27143,0.0,Save
37,2310759,77821,1408207,Yes,1811815,476,Expert,Medium,0,Self-Employed,0,Education,114742,0.78,Avoid Loan
35,261532,17286,1729690,No,0,549,Beginner,Medium,3,Business,11,Wealth Creation,4508,0.0,Avoid Loan
30,2943327,82159,504619,Yes,1341147,681,Beginner,Low,0,Salaried,0,Retirement,163118,0.46,Avoid Loan
26,745341,21953,1943588,Yes,2446343,748,Beginner,Low,4,Business,7,Retirement,40158,3.28,Avoid Loan
27,985630,65139,1351042,Yes,1246150,720,Intermediate,Medium,1,Self-Employed,11,Education,16996,1.26,Avoid Loan
25,2706141,15727,1863569,No,0,893,Beginner,Medium,3,Business,11,Education,209784,0.0,Invest
44,1170967,38915,287890,No,0,366,Beginner,High,3,Salaried,10,House,58665,0.0,Avoid Loan
25,1120906,38335,2304626,No,0,894,Beginner,High,5,Salaried,1,Retirement,55073,0.0,Save
28,2516959,143597,415201,Yes,1575921,440,Beginner,Medium,4,Salaried,9,Wealth Creation,66149,0.63,Avoid Loan
58,1649170,94013,1883487,No,0,776,Expert,Low,4,Business,9,House,43417,0.0,Invest
26,2682070,171735,160759,No,0,514,Beginner,Medium,1,Self-Employed,8,Education,51770,0.0,Avoid Loan
28,1181746,48536,1267490,Yes,2049080,826,Beginner,High,1,Salaried,11,Retirement,49942,1.73,Avoid Loan
36,1541981,26031,2354705,No,0,820,Intermediate,High,4,Self-Employed,7,House,102467,0.0,Invest
60,1568996,95337,291795,Yes,50884,747,Expert,Medium,1,Self-Employed,12,House,35412,0.03,Save
38,1010979,52506,1378859,Yes,571838,425,Intermediate,Medium,4,Self-Employed,3,Education,31742,0.57,Avoid Loan
32,1914907,62508,2304117,Yes,1938743,451,Beginner,Low,5,Business,9,Education,97067,1.01,Avoid Loan
27,579200,22909,660293,No,0,623,Intermediate,High,3,Business,5,Education,25357,0.0,Save
52,1986955,107875,1884041,Yes,1509918,362,Expert,Low,1,Self-Employed,1,Retirement,57704,0.76,Avoid Loan
57,2122882,37400,82631,No,0,466,Beginner,Low,3,Self-Employed,9,Education,139506,0.0,Avoid Loan
26,964547,21249,1221461,Yes,730239,553,Beginner,Medium,0,Self-Employed,0,Education,59129,0.76,Avoid Loan
24,1688231,37165,1433742,Yes,2428029,375,Intermediate,Medium,4,Self-Employed,5,Wealth Creation,103520,1.44,Avoid Loan
28,1218643,22437,799025,Yes,1742644,415,Intermediate,Medium,3,Business,4,House,79116,1.43,Avoid Loan
34,276090,15575,1119722,Yes,1010768,398,Intermediate,Medium,5,Salaried,4,Retirement,7432,3.66,Avoid Loan
52,1910389,32893,2170544,Yes,146621,409,Intermediate,Medium,4,Business,9,Education,126306,0.08,Avoid Loan
21,535222,28508,421637,No,0,523,Expert,High,0,Salaried,9,House,16093,0.0,Avoid Loan
44,2486146,27364,1891924,Yes,634220,536,Intermediate,Medium,1,Self-Employed,5,Education,179814,0.26,Avoid Loan
58,1221728,32763,667424,No,0,805,Intermediate,High,5,Business,11,House,69047,0.0,Invest
38,1551798,18458,2387233,Yes,1635258,665,Beginner,Medium,5,Business,4,Retirement,110858,1.05,Avoid Loan
35,1268865,70003,2344980,No,0,723,Intermediate,Low,4,Business,1,Wealth Creation,35735,0.0,Save
35,2554690,79294,947347,Yes,166924,688,Beginner,Low,1,Salaried,9,Retirement,133596,0.07,Save
59,2222444,21720,2047944,No,0,622,Intermediate,Low,5,Business,1,House,163483,0.0,Save
33,1848791,109095,800751,No,0,532,Beginner,Low,3,Business,12,House,44970,0.0,Avoid Loan
47,2931036,18786,2302251,No,0,393,Intermediate,High,0,Salaried,5,Retirement,225467,0.0,Avoid Loan
22,1102515,26416,2153924,Yes,1850629,739,Beginner,Low,4,Self-Employed,4,Retirement,65460,1.68,Avoid Loan
22,2543364,50264,1502436,Yes,956049,389,Intermediate,Low,2,Salaried,2,House,161683,0.38,Avoid Loan
48,2801150,168137,350293,Yes,709636,706,Intermediate,Medium,4,Self-Employed,2,Education,65292,0.25,Save
28,652431,45188,24903,Yes,321535,506,Beginner,Medium,5,Self-Employed,1,Wealth Creation,9181,0.49,Avoid Loan
40,2916016,23605,1954830,No,0,579,Expert,Medium,0,Salaried,10,Education,219396,0.0,Avoid Loan
39,1180342,25689,1649322,Yes,921914,848,Intermediate,High,5,Business,9,Education,72672,0.78,Avoid Loan
28,2236077,64630,575504,No,0,515,Intermediate,High,1,Business,1,House,121709,0.0,Avoid Loan
34,1371867,26770,1129469,Yes,378794,506,Expert,Low,0,Salaried,12,Retirement,87552,0.28,Avoid Loan
21,1436845,32523,2367784,No,0,572,Intermediate,High,3,Business,4,Retirement,87214,0.0,Avoid Loan
49,2384923,150331,584252,No,0,753,Intermediate,Low,5,Business,3,Education,48412,0.0,Save
44,529252,22155,858895,Yes,1977880,853,Intermediate,Medium,1,Self-Employed,8,Education,21949,3.74,Avoid Loan
53,2530886,142231,2094657,Yes,2392620,886,Expert,Medium,5,Business,8,Education,68676,0.95,Avoid Loan
47,731414,43840,2074631,Yes,682234,811,Intermediate,Medium,2,Business,5,Wealth Creation,17111,0.93,Avoid Loan
23,2210161,76360,1059855,No,0,726,Intermediate,Medium,1,Business,4,Education,107820,0.0,Save
31,1251679,20319,2352207,No,0,448,Expert,Medium,5,Business,12,Education,83987,0.0,Avoid Loan
38,1189717,84072,1921915,Yes,1743125,701,Beginner,Low,2,Self-Employed,12,Education,15071,1.47,Avoid Loan
34,1246808,36270,623699,Yes,1556451,768,Beginner,Low,3,Salaried,7,House,67630,1.25,Avoid Loan
36,2534563,99985,2436225,Yes,1229334,761,Beginner,Medium,4,Self-Employed,7,House,111228,0.49,Avoid Loan
25,1108572,17797,759484,Yes,1109578,372,Beginner,Medium,5,Business,8,Wealth Creation,74584,1.0,Avoid Loan
30,984756,27269,1872253,No,0,740,Expert,Medium,4,Business,11,Retirement,54794,0.0,Invest
26,2095453,42586,837179,Yes,1837980,853,Intermediate,Medium,4,Self-Employed,4,House,132035,0.88,Avoid Loan
43,943231,47989,931138,Yes,1939793,733,Intermediate,Medium,4,Self-Employed,3,Retirement,30613,2.06,Avoid Loan
47,1816536,56676,2210118,Yes,2246048,516,Beginner,Low,2,Salaried,2,House,94702,1.24,Avoid Loan
44,2462474,56597,2340617,Yes,433705,611,Intermediate,Low,2,Salaried,0,Retirement,148609,0.18,Save
56,2636021,195964,1304746,Yes,167710,572,Beginner,Low,2,Business,3,Education,23704,0.06,Avoid Loan
57,1375428,59730,1834348,Yes,2395583,669,Intermediate,Low,2,Self-Employed,10,House,54889,1.74,Avoid Loan
42,2988364,183161,2194617,Yes,51149,777,Beginner,Medium,1,Business,3,Retirement,65869,0.02,Save
32,1392019,92771,947980,Yes,2429034,552,Expert,Medium,0,Self-Employed,7,Retirement,23230,1.74,Avoid Loan
60,2139770,67213,1632829,Yes,486794,685,Intermediate,Low,1,Business,3,Retirement,111101,0.23,Save
30,267481,18775,1530824,No,0,873,Expert,Medium,2,Salaried,0,House,3515,0.0,Save
40,2075559,43928,171092,Yes,464363,703,Beginner,Low,4,Business,6,Wealth Creation,129035,0.22,Save
55,2890484,124317,1845050,Yes,98835,640,Intermediate,Medium,5,Self-Employed,2,Wealth Creation,116556,0.03,Save
27,1252401,63965,2002828,No,0,882,Expert,Medium,1,Business,8,Retirement,40401,0.0,Invest
27,2229738,45217,1667486,No,0,843,Beginner,Low,4,Salaried,5,Retirement,140594,0.0,Save
40,2659504,38787,987633,Yes,750910,449,Beginner,High,4,Salaried,5,Retirement,182838,0.28,Avoid Loan
34,594100,28831,643474,No,0,449,Beginner,Low,4,Salaried,6,House,20677,0.0,Avoid Loan
58,2106268,79726,162862,No,0,479,Beginner,Medium,5,Business,9,Education,95796,0.0,Avoid Loan
48,1937640,97092,2263393,Yes,2200373,736,Beginner,High,2,Salaried,9,House,64378,1.14,Avoid Loan
53,2691557,105983,627509,No,0,617,Intermediate,Medium,2,Salaried,0,Wealth Creation,118313,0.0,Save
31,1970505,29628,1522539,Yes,1463169,505,Expert,High,5,Self-Employed,8,Wealth Creation,134580,0.74,Avoid Loan
49,835794,52399,1588568,No,0,578,Beginner,High,3,Self-Employed,7,Wealth Creation,17250,0.0,Avoid Loan
22,2423433,73588,1335443,Yes,360998,595,Intermediate,Low,2,Self-Employed,12,Education,128364,0.15,Avoid Loan
26,1977231,103710,2091780,No,0,566,Intermediate,Low,3,Business,9,House,61059,0.0,Avoid Loan
27,818852,29755,1663938,Yes,993423,825,Intermediate,Low,5,Business,6,Wealth Creation,38482,1.21,Avoid Loan
36,2420283,131660,812005,No,0,594,Intermediate,Low,4,Salaried,3,Education,70030,0.0,Avoid Loan
59,1475786,68121,257831,No,0,796,Intermediate,High,4,Business,11,House,54861,0.0,Save
26,1562837,65713,762611,Yes,1219923,782,Expert,Low,5,Self-Employed,11,Education,64523,0.78,Avoid Loan
39,735243,24298,2200707,No,0,862,Expert,High,5,Salaried,6,House,36972,0.0,Invest
59,469434,28052,554602,Yes,1587683,506,Expert,Low,0,Self-Employed,10,Retirement,11067,3.38,Avoid Loan
32,462958,25492,1067518,No,0,408,Beginner,Low,1,Salaried,6,Retirement,13087,0.0,Avoid Loan
49,2661122,105229,290052,No,0,611,Beginner,Medium,3,Self-Employed,6,House,116531,0.0,Save
60,1342609,74681,885843,No,0,499,Beginner,Medium,4,Business,5,Education,37203,0.0,Avoid Loan
30,640254,35346,2310632,No,0,651,Intermediate,Medium,3,Salaried,1,Wealth Creation,18008,0.0,Save
32,1763874,69660,2427783,Yes,280592,734,Intermediate,Low,5,Business,0,House,77329,0.16,Save
57,2350792,145791,1628836,Yes,332811,546,Expert,High,5,Salaried,6,Wealth Creation,50108,0.14,Avoid Loan
36,2947412,149619,317443,No,0,563,Intermediate,Medium,0,Salaried,6,House,95998,0.0,Avoid Loan
36,2697603,175721,1045024,Yes,724064,869,Beginner,Low,3,Salaried,7,Retirement,49079,0.27,Invest
54,2377003,144117,666636,Yes,1082058,838,Intermediate,Low,4,Salaried,6,House,53966,0.46,Avoid Loan
33,2546893,24230,988388,No,0,729,Beginner,Low,3,Business,7,House,188011,0.0,Invest
56,1479210,63890,417709,Yes,590419,392,Intermediate,Medium,2,Self-Employed,1,Wealth Creation,59377,0.4,Avoid Loan
28,545460,29782,1813268,Yes,975346,597,Beginner,Medium,4,Self-Employed,5,Education,15673,1.79,Avoid Loan
47,734482,45376,185439,Yes,816999,685,Expert,High,5,Self-Employed,6,House,15830,1.11,Avoid Loan
41,1295461,78430,1576298,No,0,386,Beginner,Low,0,Self-Employed,3,Retirement,29525,0.0,Avoid Loan
31,2404290,28604,1821525,Yes,2087865,632,Beginner,Low,0,Self-Employed,6,Retirement,171753,0.87,Avoid Loan
22,2183264,65992,1571337,Yes,1479425,745,Intermediate,Low,1,Self-Employed,9,House,115946,0.68,Avoid Loan
48,1787961,94966,1260811,Yes,1209644,408,Beginner,Low,4,Business,11,Retirement,54030,0.68,Avoid Loan
36,2917437,161944,821451,Yes,1805011,894,Beginner,Low,2,Self-Employed,9,Wealth Creation,81175,0.62,Avoid Loan
41,2657316,78033,2450396,Yes,1860669,728,Expert,Medium,1,Salaried,2,Retirement,143410,0.7,Avoid Loan
59,2594033,118561,410941,No,0,672,Expert,Medium,0,Business,12,Retirement,97608,0.0,Save
58,1138194,76921,2177472,Yes,1430784,677,Expert,Low,2,Business,8,Wealth Creation,17928,1.26,Avoid Loan
22,2754595,189522,2115232,No,0,633,Intermediate,Medium,0,Business,3,Education,40027,0.0,Save
36,2096217,48187,2260332,Yes,1115758,392,Beginner,Medium,2,Self-Employed,4,House,126497,0.53,Avoid Loan
32,1053645,62377,1712656,Yes,581492,468,Beginner,Medium,3,Business,5,House,25426,0.55,Avoid Loan
29,2657619,197791,1915681,No,0,809,Intermediate,High,2,Salaried,2,House,23677,0.0,Save
35,1644951,65366,2139672,No,0,456,Expert,Medium,2,Salaried,10,Retirement,71713,0.0,Avoid Loan
40,1531173,85018,813014,No,0,691,Intermediate,Medium,0,Business,5,Wealth Creation,42579,0.0,Save
54,1421793,80136,2061044,No,0,388,Expert,High,0,Salaried,6,Retirement,38346,0.0,Avoid Loan
49,2970155,113633,228242,No,0,657,Beginner,Low,5,Self-Employed,9,Wealth Creation,133879,0.0,Save
24,303391,22167,1878173,Yes,1030748,856,Intermediate,Low,3,Self-Employed,4,Retirement,3115,3.4,Avoid Loan
25,2682997,40085,2454540,Yes,2101466,803,Expert,Low,5,Business,0,Education,183498,0.78,Avoid Loan
44,2411266,52751,1231862,Yes,1562906,714,Beginner,Low,5,Self-Employed,3,Education,148187,0.65,Avoid Loan
48,908618,19315,494300,No,0,545,Intermediate,Low,1,Salaried,4,Education,56403,0.0,Avoid Loan
33,2050552,141259,1649344,Yes,650444,550,Expert,Low,4,Business,2,Retirement,29620,0.32,Avoid Loan
48,1748398,65613,2202623,Yes,412365,602,Expert,Low,2,Business,8,Education,80086,0.24,Save
42,985268,61465,612022,No,0,585,Intermediate,Low,4,Business,5,Wealth Creation,20640,0.0,Avoid Loan
31,1187437,46070,919234,Yes,1229493,411,Intermediate,High,4,Business,5,Education,52883,1.04,Avoid Loan
52,2125212,103069,590289,Yes,646172,473,Beginner,Medium,0,Business,4,House,74032,0.3,Avoid Loan
60,2691884,77564,605363,No,0,392,Intermediate,Medium,2,Self-Employed,4,House,146759,0.0,Avoid Loan
44,1019612,15106,1067756,Yes,2150579,685,Expert,Medium,1,Business,12,Education,69861,2.11,Avoid Loan
57,415378,24738,1124456,No,0,698,Intermediate,Low,3,Self-Employed,4,Education,9876,0.0,Save
33,770670,35947,2454359,No,0,390,Intermediate,High,2,Business,4,House,28275,0.0,Avoid Loan
36,2183386,75600,1227322,No,0,582,Intermediate,High,5,Salaried,10,House,106348,0.0,Avoid Loan
59,2552847,169136,1134249,Yes,2185876,717,Expert,Medium,1,Self-Employed,1,Education,43601,0.86,Avoid Loan
36,2126997,118861,1403948,Yes,1617313,679,Beginner,Low,1,Business,2,House,58388,0.76,Avoid Loan
39,2828488,122630,2479685,No,0,898,Beginner,High,1,Salaried,6,Education,113077,0.0,Invest
59,1711386,125148,862816,Yes,1512596,840,Expert,Medium,0,Business,0,Wealth Creation,17467,0.88,Avoid Loan
34,2640224,39180,1098770,Yes,1543485,365,Beginner,High,1,Self-Employed,8,Retirement,180838,0.58,Avoid Loan
49,2699618,33720,1039369,Yes,528472,732,Expert,Low,5,Salaried,12,House,191248,0.2,Invest
25,281310,18035,2026488,Yes,2469249,829,Intermediate,High,3,Salaried,8,Wealth Creation,5407,8.78,Avoid Loan
29,1671459,15991,834760,No,0,756,Intermediate,Low,3,Business,2,Education,123297,0.0,Save
41,1851555,78356,2238705,No,0,397,Beginner,High,4,Salaried,10,House,75940,0.0,Avoid Loan
43,841184,60362,1024283,No,0,828,Beginner,High,2,Salaried,3,Wealth Creation,9736,0.0,Save
28,353767,26119,2237191,No,0,509,Beginner,Medium,3,Business,7,Retirement,3361,0.0,Avoid Loan
53,2056685,21699,1930670,Yes,806901,867,Beginner,Medium,3,Salaried,2,Retirement,149691,0.39,Save
24,494229,25867,751163,No,0,488,Beginner,Medium,4,Salaried,2,Wealth Creation,15318,0.0,Avoid Loan
49,900257,60922,1921796,No,0,370,Intermediate,Low,4,Salaried,4,Retirement,14099,0.0,Avoid Loan
34,1030865,40242,2001711,Yes,808648,857,Intermediate,High,5,Self-Employed,7,House,45663,0.78,Avoid Loan
28,2439016,90813,2241650,No,0,728,Expert,High,0,Business,4,Education,112438,0.0,Save
29,460714,20055,1933360,No,0,388,Expert,Low,0,Business,0,House,18337,0.0,Avoid Loan
59,2414932,31452,1378153,Yes,142398,394,Beginner,High,0,Business,8,Education,169792,0.06,Avoid Loan
33,1266003,39788,2494217,No,0,833,Intermediate,Low,4,Business,8,Wealth Creation,65712,0.0,Invest
52,1178262,61685,1598721,Yes,1525215,543,Beginner,Low,2,Business,4,Wealth Creation,36503,1.29,Avoid Loan
30,2680347,156704,463564,Yes,1657601,826,Expert,High,1,Self-Employed,1,Wealth Creation,66658,0.62,Avoid Loan
47,895559,59476,1305094,No,0,839,Intermediate,Medium,5,Business,2,Retirement,15153,0.0,Save
22,1312893,55666,347442,No,0,791,Beginner,Low,2,Salaried,0,Retirement,53741,0.0,Save
32,2888961,207853,748432,No,0,605,Beginner,High,4,Salaried,2,Wealth Creation,32893,0.0,Save
54,1872548,128125,1512725,No,0,844,Intermediate,High,2,Business,3,House,27920,0.0,Save
31,295576,21289,2352550,Yes,2238507,426,Beginner,Low,1,Business,8,Retirement,3342,7.57,Avoid Loan
29,401691,28915,748206,Yes,205372,405,Beginner,Low,5,Self-Employed,11,House,4559,0.51,Avoid Loan
35,2653615,146985,1500755,No,0,498,Beginner,Medium,5,Salaried,7,Wealth Creation,74149,0.0,Avoid Loan
54,834010,42976,1603983,No,0,376,Intermediate,High,4,Self-Employed,3,Education,26524,0.0,Avoid Loan
45,969776,64348,108424,No,0,501,Beginner,High,2,Salaried,10,Retirement,16466,0.0,Avoid Loan
41,1300838,56319,90803,Yes,584364,655,Expert,Low,1,Business,8,Education,52084,0.45,Save
55,778851,45940,1966154,Yes,932985,889,Beginner,Medium,3,Self-Employed,0,House,18964,1.2,Avoid Loan
32,2933173,211164,554996,No,0,472,Intermediate,Medium,0,Salaried,7,Education,33267,0.0,Avoid Loan
27,1977331,27884,900926,No,0,687,Beginner,High,5,Self-Employed,11,Education,136893,0.0,Save
56,1992344,35426,740071,Yes,1249961,455,Expert,Medium,5,Salaried,9,Wealth Creation,130602,0.63,Avoid Loan
43,1137876,68790,1315907,Yes,820177,543,Beginner,Medium,3,Business,10,Retirement,26033,0.72,Avoid Loan
36,1850268,43948,2042030,Yes,1669896,355,Beginner,Low,0,Self-Employed,1,Wealth Creation,110241,0.9,Avoid Loan
42,1135811,80490,525693,Yes,2258381,735,Intermediate,Medium,2,Salaried,8,Wealth Creation,14160,1.99,Avoid Loan
42,946248,24816,48189,Yes,589100,704,Beginner,High,2,Self-Employed,12,House,54038,0.62,Avoid Loan
53,1367814,21725,2450298,No,0,744,Intermediate,Low,4,Business,2,Wealth Creation,92259,0.0,Save
40,523460,33914,687976,Yes,2066355,385,Intermediate,High,0,Salaried,7,Retirement,9707,3.95,Avoid Loan
36,2032851,110184,392582,Yes,679595,585,Beginner,Medium,3,Salaried,9,House,59220,0.33,Avoid Loan
59,592251,36708,1723763,No,0,637,Expert,Medium,5,Self-Employed,8,Retirement,12646,0.0,Save
40,2296040,42429,2016834,No,0,647,Expert,Low,2,Salaried,11,Retirement,148907,0.0,Save
59,668253,27164,1632495,No,0,614,Intermediate,Low,1,Self-Employed,11,Wealth Creation,28523,0.0,Save
47,2923948,61319,1676330,No,0,836,Intermediate,Medium,1,Salaried,11,Retirement,182343,0.0,Invest
30,630263,39731,358491,Yes,1359553,792,Beginner,Medium,2,Salaried,6,Retirement,12790,2.16,Avoid Loan
49,2130189,72517,1047259,Yes,535718,673,Beginner,Low,1,Self-Employed,0,Retirement,104998,0.25,Save
60,2840004,81962,1956305,Yes,791820,546,Expert,High,3,Business,10,Education,154705,0.28,Avoid Loan
21,2665238,73778,1462912,No,0,638,Beginner,Medium,0,Self-Employed,12,House,148325,0.0,Save
44,432915,19723,1113818,Yes,1502340,365,Expert,High,1,Salaried,8,House,16353,3.47,Avoid Loan
46,885661,57668,1282857,Yes,1432756,614,Beginner,Medium,3,Business,4,House,16137,1.62,Avoid Loan
33,2265175,110223,675969,No,0,797,Beginner,Medium,1,Business,4,House,78541,0.0,Save
52,901669,18089,427520,No,0,793,Beginner,Low,5,Self-Employed,6,House,57050,0.0,Invest
25,2322299,111336,1827723,Yes,1928384,485,Beginner,Medium,2,Salaried,3,Education,82188,0.83,Avoid Loan
42,1717146,33374,822683,Yes,811790,808,Beginner,High,2,Self-Employed,6,Retirement,109721,0.47,Avoid Loan
39,2256671,38742,1811961,No,0,720,Expert,Medium,3,Self-Employed,4,Education,149313,0.0,Save
45,1641743,61255,2399559,Yes,2374732,573,Expert,High,4,Salaried,1,House,75556,1.45,Avoid Loan
24,1002637,59505,1932004,Yes,835194,651,Intermediate,High,3,Salaried,0,Wealth Creation,24048,0.83,Avoid Loan
53,805867,36516,1413937,No,0,849,Beginner,Low,0,Business,7,Retirement,30639,0.0,Invest
28,358713,18419,993637,Yes,2000278,559,Beginner,Medium,1,Self-Employed,12,Retirement,11473,5.58,Avoid Loan
58,885535,24655,1452337,No,0,692,Beginner,Medium,2,Salaried,1,Retirement,49139,0.0,Save
30,1930420,20319,787258,No,0,407,Beginner,Medium,0,Business,7,House,140549,0.0,Avoid Loan
46,1025913,19285,2008394,Yes,621303,707,Intermediate,Medium,4,Business,5,Retirement,66207,0.61,Avoid Loan
33,1106282,78057,2186377,No,0,882,Intermediate,Medium,3,Salaried,7,Retirement,14133,0.0,Save
46,2243346,28682,1887203,No,0,762,Beginner,Low,5,Self-Employed,9,Education,158263,0.0,Invest
56,1673242,69318,1135426,No,0,896,Beginner,Low,0,Self-Employed,3,Education,70118,0.0,Save
27,948410,45024,2251017,Yes,561640,832,Intermediate,Low,5,Salaried,8,House,34010,0.59,Avoid Loan
36,1418671,17374,392039,No,0,697,Expert,Low,5,Self-Employed,10,Wealth Creation,100848,0.0,Save
44,1607398,91584,1096070,No,0,507,Expert,Low,1,Self-Employed,10,Retirement,42365,0.0,Avoid Loan
29,2176896,151956,25201,Yes,1006725,555,Intermediate,Medium,5,Self-Employed,11,House,29452,0.46,Avoid Loan
41,1970425,143225,163813,No,0,840,Intermediate,Medium,0,Self-Employed,2,Education,20977,0.0,Save
48,1038666,41199,1759423,No,0,432,Beginner,High,4,Salaried,7,Retirement,45356,0.0,Avoid Loan
54,2396532,62351,1390191,Yes,2008396,425,Beginner,Medium,4,Business,8,Wealth Creation,137360,0.84,Avoid Loan
28,2425182,80632,1770621,Yes,2476009,529,Intermediate,High,3,Business,4,House,121466,1.02,Avoid Loan
48,1707353,46070,844867,Yes,535742,441,Beginner,Medium,3,Self-Employed,2,Wealth Creation,96209,0.31,Avoid Loan
58,539008,15501,2077421,Yes,858563,510,Beginner,Medium,4,Self-Employed,0,Retirement,29416,1.59,Avoid Loan
34,1617740,90965,157375,Yes,970740,410,Beginner,Medium,4,Business,4,Retirement,43846,0.6,Avoid Loan
59,2430873,164460,1177345,No,0,398,Beginner,Low,5,Self-Employed,9,Education,38112,0.0,Avoid Loan
32,1998558,63170,1715689,Yes,462266,862,Beginner,High,1,Self-Employed,5,House,103376,0.23,Save
35,1422375,77297,1472797,Yes,709056,491,Beginner,High,5,Salaried,6,Retirement,41234,0.5,Avoid Loan
51,563004,23073,1698156,Yes,389041,861,Expert,Medium,0,Business,4,Retirement,23844,0.69,Avoid Loan
51,2800938,24086,2317095,No,0,517,Intermediate,Medium,2,Salaried,3,Education,209325,0.0,Avoid Loan
47,2219776,62404,1303379,Yes,2397759,648,Beginner,High,4,Salaried,11,Education,122577,1.08,Avoid Loan
27,1683119,98574,1349280,Yes,1366862,440,Intermediate,Medium,3,Salaried,11,Education,41685,0.81,Avoid Loan
56,1127019,57403,1063855,Yes,950046,618,Beginner,High,3,Salaried,9,Wealth Creation,36515,0.84,Avoid Loan
37,380227,22802,1363243,No,0,598,Beginner,High,4,Salaried,8,House,8883,0.0,Avoid Loan
24,1754080,108898,2429443,Yes,804943,637,Intermediate,High,2,Salaried,7,Wealth Creation,37275,0.46,Avoid Loan
42,1500033,18765,2043480,Yes,506436,877,Intermediate,Medium,2,Salaried,9,Retirement,106237,0.34,Save
30,2389676,24070,233599,No,0,713,Intermediate,Medium,1,Self-Employed,10,Retirement,175069,0.0,Save
38,2233777,93518,677024,Yes,1441961,768,Beginner,Low,2,Business,6,Wealth Creation,92630,0.65,Avoid Loan
51,2423411,104062,234661,No,0,442,Intermediate,Low,2,Salaried,9,House,97888,0.0,Avoid Loan
24,1225754,82886,2471421,No,0,610,Expert,High,3,Salaried,1,House,19260,0.0,Save
55,1560773,68805,1875394,Yes,1419473,680,Intermediate,Medium,3,Business,7,House,61259,0.91,Avoid Loan
52,2970194,61715,295051,Yes,392313,668,Beginner,Low,4,Self-Employed,0,House,185801,0.13,Save
53,600295,39794,476947,No,0,439,Beginner,Low,4,Business,5,Wealth Creation,10230,0.0,Avoid Loan
42,866421,59436,2138448,No,0,713,Expert,Low,2,Business,9,House,12765,0.0,Save
44,1532866,36990,2416360,No,0,544,Beginner,Medium,4,Salaried,11,Retirement,90748,0.0,Avoid Loan
59,2517621,186088,1419368,No,0,485,Beginner,Low,0,Self-Employed,6,Education,23713,0.0,Avoid Loan
22,308433,23090,624055,Yes,1077329,662,Beginner,Medium,0,Salaried,11,Wealth Creation,2612,3.49,Avoid Loan
58,2914349,22387,1812876,Yes,868094,589,Intermediate,Low,1,Business,8,Wealth Creation,220475,0.3,Avoid Loan
48,1347559,99319,2372777,Yes,767193,890,Expert,Low,2,Salaried,1,Retirement,12977,0.57,Avoid Loan
53,918975,15197,911078,No,0,520,Beginner,Medium,3,Salaried,11,Retirement,61384,0.0,Avoid Loan
55,1285937,43209,812693,No,0,456,Beginner,Low,2,Self-Employed,8,Education,63952,0.0,Avoid Loan
48,1820741,23456,175283,Yes,1332399,658,Intermediate,Low,1,Self-Employed,8,Education,128272,0.73,Avoid Loan
56,2394854,35318,418445,No,0,885,Beginner,Low,5,Business,7,Retirement,164253,0.0,Invest
22,1236994,15771,21575,Yes,527341,558,Intermediate,High,0,Business,2,House,87311,0.43,Avoid Loan
51,1129241,51053,1981516,Yes,464316,697,Intermediate,Low,5,Self-Employed,0,Wealth Creation,43050,0.41,Save
30,2026931,121102,756546,Yes,2009214,408,Expert,Medium,0,Self-Employed,6,Wealth Creation,47808,0.99,Avoid Loan
45,2278469,127671,903774,No,0,808,Intermediate,Low,2,Salaried,7,Retirement,62201,0.0,Invest
57,2532126,126536,1424845,No,0,754,Expert,High,0,Business,6,Wealth Creation,84474,0.0,Invest
54,2274855,120032,1005915,Yes,1038960,743,Expert,Low,0,Business,4,Wealth Creation,69539,0.46,Avoid Loan
49,1747756,104313,802133,Yes,1210195,477,Intermediate,Low,3,Self-Employed,8,House,41333,0.69,Avoid Loan
39,2671165,51061,2038734,Yes,2399084,736,Expert,Medium,1,Self-Employed,9,Retirement,171536,0.9,Avoid Loan
40,263260,15607,1088793,Yes,1644713,869,Intermediate,Medium,5,Salaried,12,Wealth Creation,6331,6.25,Avoid Loan
54,2326171,46737,1328389,Yes,1401161,828,Beginner,Low,5,Business,1,Wealth Creation,147110,0.6,Avoid Loan
56,1482442,44332,1169229,Yes,405113,540,Intermediate,Medium,4,Self-Employed,4,Retirement,79204,0.27,Avoid Loan
48,2624212,38175,2377971,Yes,2117368,587,Intermediate,Medium,0,Salaried,10,Wealth Creation,180509,0.81,Avoid Loan
52,2594971,33879,1599213,No,0,747,Intermediate,Medium,0,Self-Employed,1,Education,182368,0.0,Save
60,1366532,91912,1111459,Yes,853271,834,Intermediate,Medium,1,Salaried,6,House,21965,0.62,Avoid Loan
42,2024887,58702,2446213,No,0,694,Expert,Medium,0,Business,11,Retirement,110038,0.0,Save
45,1915234,28320,2085963,Yes,699523,869,Intermediate,Medium,1,Salaried,12,Education,131282,0.37,Save
33,2283523,86416,1017394,No,0,612,Intermediate,High,4,Salaried,3,Wealth Creation,103877,0.0,Save
41,1517102,64657,367953,No,0,389,Beginner,High,2,Self-Employed,9,Education,61768,0.0,Avoid Loan
27,820601,54006,1955080,Yes,2147420,744,Intermediate,Low,1,Business,0,Retirement,14377,2.62,Avoid Loan
31,647605,42358,373317,No,0,463,Intermediate,Low,2,Self-Employed,1,Education,11609,0.0,Avoid Loan
28,971387,29316,284511,Yes,1539629,653,Beginner,Medium,4,Salaried,6,House,51632,1.58,Avoid Loan
40,2931043,79306,2427603,Yes,2279688,591,Beginner,High,0,Business,4,Wealth Creation,164947,0.78,Avoid Loan
27,2917246,188930,515577,No,0,824,Beginner,Low,3,Business,3,House,54173,0.0,Save
41,1968644,44347,1530282,Yes,2161031,590,Expert,High,2,Self-Employed,0,Retirement,119706,1.1,Avoid Loan
41,1687472,92210,157094,No,0,524,Beginner,Medium,3,Self-Employed,1,Retirement,48412,0.0,Avoid Loan
21,2529557,46090,630202,No,0,434,Beginner,Medium,0,Business,1,Education,164706,0.0,Avoid Loan
41,435099,15630,1108160,Yes,1181360,827,Intermediate,High,3,Self-Employed,10,House,20628,2.72,Avoid Loan
41,1469086,54891,627445,No,0,597,Intermediate,High,2,Self-Employed,12,Retirement,67532,0.0,Avoid Loan
52,2482973,23504,2185094,Yes,275120,364,Intermediate,High,4,Business,3,Education,183410,0.11,Avoid Loan
39,999717,48650,1933598,No,0,479,Expert,Medium,2,Self-Employed,3,Wealth Creation,34659,0.0,Avoid Loan
31,2677143,19399,1710906,No,0,385,Intermediate,Low,2,Self-Employed,12,Retirement,203696,0.0,Avoid Loan
44,2618769,113515,1500918,No,0,748,Expert,Medium,0,Salaried,5,House,104715,0.0,Save
53,1154168,21792,362079,Yes,568292,402,Beginner,Low,0,Self-Employed,0,Wealth Creation,74388,0.49,Avoid Loan
47,2526458,29527,2478037,Yes,1028963,634,Intermediate,Low,4,Salaried,3,Wealth Creation,181011,0.41,Save
50,446528,25512,2479813,No,0,708,Beginner,Medium,2,Business,6,House,11698,0.0,Save
36,1432711,52803,2433327,Yes,2116076,817,Beginner,High,1,Business,10,House,66589,1.48,Avoid Loan
58,2208089,141868,2345332,No,0,659,Intermediate,High,3,Business,9,Education,42139,0.0,Save
40,556571,28921,1882546,No,0,583,Intermediate,Medium,2,Business,8,Education,17459,0.0,Avoid Loan
50,2292478,73160,1856095,No,0,452,Intermediate,High,3,Business,6,Wealth Creation,117879,0.0,Avoid Loan
34,2942286,52298,1168293,No,0,480,Intermediate,High,2,Salaried,4,Wealth Creation,192892,0.0,Avoid Loan
34,1337417,93316,1640154,Yes,1143288,897,Expert,Medium,4,Self-Employed,10,Education,18135,0.85,Avoid Loan
28,2993647,113972,2216563,No,0,493,Beginner,High,0,Business,5,Retirement,135498,0.0,Avoid Loan
54,372755,19670,1812213,No,0,461,Intermediate,Medium,5,Salaried,2,Wealth Creation,11392,0.0,Avoid Loan
54,1875177,71765,1557393,No,0,564,Beginner,Medium,4,Business,0,Retirement,84499,0.0,Avoid Loan
38,2404430,110516,2197052,Yes,381739,802,Beginner,High,4,Business,3,Wealth Creation,89853,0.16,Save
35,2387839,52393,1870313,No,0,787,Expert,Medium,4,Business,1,Retirement,146593,0.0,Save
51,2611610,165787,1989944,No,0,542,Beginner,Low,0,Business,1,Education,51847,0.0,Avoid Loan
43,2063013,88665,2472645,Yes,2142362,395,Beginner,Low,3,Salaried,9,Wealth Creation,83252,1.04,Avoid Loan
59,2196088,43298,1127856,Yes,427224,578,Intermediate,Medium,2,Business,12,House,139709,0.19,Avoid Loan
34,2726156,172804,1786782,No,0,462,Intermediate,Low,5,Self-Employed,2,House,54375,0.0,Avoid Loan
37,2018087,96507,1724110,No,0,460,Expert,Low,4,Salaried,1,Wealth Creation,71666,0.0,Avoid Loan
32,1316567,75634,854535,Yes,1970340,538,Intermediate,Low,5,Salaried,0,Wealth Creation,34079,1.5,Avoid Loan
33,2190407,146987,1569396,Yes,806635,493,Intermediate,Low,4,Salaried,4,House,35546,0.37,Avoid Loan
27,2477782,18446,265237,Yes,2176433,897,Intermediate,High,5,Business,6,Wealth Creation,188035,0.88,Avoid Loan
39,845674,32271,1862479,Yes,227795,572,Beginner,High,0,Business,10,Wealth Creation,38201,0.27,Avoid Loan
28,1292585,24675,571892,Yes,75544,382,Intermediate,High,2,Business,10,Education,83040,0.06,Avoid Loan
37,960459,69658,1212784,Yes,1014761,694,Beginner,Low,1,Salaried,10,House,10380,1.06,Avoid Loan
22,2102529,43102,227319,No,0,387,Beginner,Low,4,Self-Employed,10,House,132108,0.0,Avoid Loan
39,1970857,52639,408746,No,0,675,Beginner,High,0,Self-Employed,0,House,111599,0.0,Save
54,265539,18575,52642,Yes,1386746,772,Beginner,High,1,Salaried,9,Wealth Creation,3553,5.22,Avoid Loan
37,1544243,75674,2048028,Yes,1184745,716,Beginner,High,5,Salaried,2,House,53012,0.77,Avoid Loan
41,1640492,111508,1093739,No,0,543,Expert,Medium,4,Business,0,House,25199,0.0,Avoid Loan
46,1442504,26145,1682297,No,0,759,Beginner,Low,1,Business,8,House,94063,0.0,Invest
33,910504,24503,834329,No,0,897,Intermediate,Low,4,Salaried,8,Wealth Creation,51372,0.0,Invest
35,1081364,17828,2021980,Yes,1976321,510,Beginner,Medium,5,Self-Employed,1,Education,72285,1.83,Avoid Loan
31,946414,63365,1729283,Yes,1106014,550,Expert,Medium,1,Self-Employed,2,Wealth Creation,15502,1.17,Avoid Loan
48,2573773,171267,637520,Yes,1151597,351,Beginner,Medium,1,Self-Employed,1,Education,43214,0.45,Avoid Loan
23,2676231,161122,2128864,No,0,790,Beginner,Low,5,Self-Employed,0,Education,61897,0.0,Save
38,561598,39906,1706161,No,0,868,Beginner,Medium,0,Self-Employed,10,Wealth Creation,6893,0.0,Save
58,1040994,23321,1046913,No,0,658,Expert,Medium,1,Business,0,Wealth Creation,63428,0.0,Save
41,2274058,53353,1114840,Yes,150339,860,Beginner,Medium,2,Salaried,5,Retirement,136151,0.07,Save
46,2933947,24357,2260711,No,0,575,Expert,Low,1,Business,0,Wealth Creation,220138,0.0,Avoid Loan
59,2583732,71253,1367130,Yes,2306723,388,Beginner,Medium,1,Business,0,Retirement,144058,0.89,Avoid Loan
53,1848737,112278,1171442,Yes,1316781,556,Intermediate,Medium,1,Self-Employed,5,House,41783,0.71,Avoid Loan
34,335956,20149,366708,No,0,664,Beginner,Low,2,Business,8,Education,7847,0.0,Save
58,1926364,33308,651764,No,0,832,Beginner,High,0,Business,11,Retirement,127222,0.0,Invest
56,917899,65064,598567,No,0,611,Expert,Medium,2,Business,10,Education,11427,0.0,Save
37,1751746,15531,1656615,No,0,374,Beginner,High,1,Salaried,11,Retirement,130447,0.0,Avoid Loan
46,892753,26949,1278661,No,0,721,Beginner,Medium,3,Salaried,4,Retirement,47447,0.0,Save
59,2570272,37149,1557554,No,0,822,Expert,Low,2,Self-Employed,6,Wealth Creation,177040,0.0,Invest
31,731953,24133,2126640,Yes,504725,399,Beginner,High,0,Business,6,House,36863,0.69,Avoid Loan
39,2276002,156543,896899,Yes,730073,384,Beginner,Low,5,Business,0,House,33123,0.32,Avoid Loan
46,924778,54468,405970,Yes,1947667,699,Expert,Medium,5,Self-Employed,10,House,22596,2.11,Avoid Loan
24,2115809,86882,2354754,No,0,627,Expert,Medium,1,Salaried,1,Retirement,89435,0.0,Save
31,2746479,67456,2436707,Yes,945584,764,Intermediate,Low,0,Business,1,Education,161417,0.34,Save
43,1637577,118530,860557,Yes,1474292,623,Intermediate,High,4,Business,9,Wealth Creation,17934,0.9,Avoid Loan
28,2088251,87429,199832,Yes,932058,861,Beginner,Medium,4,Self-Employed,8,House,86591,0.45,Save
34,1926521,109093,2013283,Yes,771541,718,Expert,Medium,3,Self-Employed,5,House,51450,0.4,Save
46,2501398,39107,1488507,No,0,365,Intermediate,High,0,Business,3,Education,169342,0.0,Avoid Loan
23,340744,23156,320191,No,0,592,Expert,Low,4,Salaried,2,House,5239,0.0,Avoid Loan
35,2590885,145590,1814421,Yes,2413201,696,Intermediate,Medium,4,Salaried,8,House,70317,0.93,Avoid Loan
41,1036714,49280,121723,No,0,357,Expert,High,5,Business,5,House,37112,0.0,Avoid Loan
59,2954540,28498,2318388,No,0,893,Expert,Medium,0,Business,7,Retirement,217713,0.0,Invest
54,1784888,61182,1888754,No,0,783,Intermediate,Medium,3,Business,9,House,87558,0.0,Invest
41,1291504,52261,1317541,No,0,874,Intermediate,Medium,1,Business,4,Retirement,55364,0.0,Save
45,550929,27164,1348874,Yes,203650,848,Beginner,Medium,4,Self-Employed,5,Retirement,18746,0.37,Save
45,2011545,20091,653171,Yes,1458124,630,Beginner,Medium,4,Business,8,Wealth Creation,147537,0.72,Avoid Loan
47,1412931,42422,1766675,No,0,809,Beginner,Medium,5,Salaried,10,Retirement,75322,0.0,Invest
44,2450264,23788,590952,No,0,799,Intermediate,Medium,4,Self-Employed,0,Wealth Creation,180400,0.0,Save
53,1817446,48968,2008822,Yes,886166,517,Expert,Low,0,Self-Employed,12,House,102485,0.49,Avoid Loan
50,1979373,104867,116773,No,0,732,Beginner,High,4,Business,11,House,60080,0.0,Save
48,1616736,63514,933098,Yes,1374544,526,Beginner,Low,4,Self-Employed,9,House,71214,0.85,Avoid Loan
55,1020965,54555,1950896,Yes,130222,420,Intermediate,Medium,0,Business,0,Wealth Creation,30525,0.13,Avoid Loan
38,467092,27215,1278545,Yes,2233747,787,Beginner,Low,2,Salaried,2,Retirement,11709,4.78,Avoid Loan
42,2988275,158343,2353006,No,0,380,Beginner,Medium,1,Self-Employed,5,Education,90679,0.0,Avoid Loan
38,1627085,117929,1911345,Yes,1042095,666,Expert,Medium,3,Business,11,Retirement,17661,0.64,Avoid Loan
38,1563729,42773,2274120,Yes,2409538,513,Intermediate,Low,2,Business,12,Education,87537,1.54,Avoid Loan
33,1070474,34309,758558,No,0,379,Beginner,Low,3,Self-Employed,9,Wealth Creation,54897,0.0,Avoid Loan
41,1885017,136489,2332588,No,0,545,Intermediate,Medium,1,Self-Employed,9,House,20595,0.0,Avoid Loan
33,1765037,26576,2334975,No,0,466,Beginner,Low,4,Business,0,Education,120510,0.0,Avoid Loan
27,1438603,45804,403221,No,0,540,Intermediate,High,2,Self-Employed,0,Wealth Creation,74079,0.0,Avoid Loan
44,2215711,162405,2191396,No,0,447,Intermediate,High,2,Salaried,7,Education,22237,0.0,Avoid Loan
23,456714,17995,2477372,Yes,607751,836,Expert,Low,2,Self-Employed,11,House,20064,1.33,Avoid Loan
46,2198220,144478,2117586,Yes,1264476,867,Intermediate,Medium,5,Salaried,11,Education,38707,0.58,Avoid Loan
57,1553271,64464,173358,Yes,1088036,497,Beginner,High,1,Self-Employed,12,Wealth Creation,64975,0.7,Avoid Loan
56,1936047,69595,97853,No,0,420,Expert,Medium,5,Business,0,Education,91742,0.0,Avoid Loan
39,2948083,146744,558740,Yes,925062,563,Beginner,High,3,Salaried,9,Wealth Creation,98929,0.31,Avoid Loan
22,785966,52346,1749907,Yes,1729999,833,Expert,High,4,Business,6,House,13151,2.2,Avoid Loan
56,1143377,24490,431456,No,0,503,Intermediate,High,0,Business,1,Retirement,70791,0.0,Avoid Loan
55,1590766,18517,570437,Yes,1628480,362,Beginner,Low,2,Business,9,Retirement,114046,1.02,Avoid Loan
52,1663709,82246,739520,No,0,427,Intermediate,High,2,Salaried,5,Wealth Creation,56396,0.0,Avoid Loan
60,2811141,122095,1266345,Yes,790114,597,Beginner,Medium,5,Salaried,3,Education,112166,0.28,Avoid Loan
52,1684473,58171,294172,Yes,1807847,679,Beginner,Medium,3,Self-Employed,2,Wealth Creation,82201,1.07,Avoid Loan
31,822060,40417,20837,Yes,2188211,719,Intermediate,Medium,5,Salaried,7,Wealth Creation,28088,2.66,Avoid Loan
33,770000,15113,974383,Yes,2133021,459,Expert,Medium,3,Salaried,1,Retirement,49053,2.77,Avoid Loan
24,2198681,110766,561647,No,0,495,Intermediate,Medium,2,Self-Employed,8,Wealth Creation,72457,0.0,Avoid Loan
41,2186698,85072,1235715,Yes,1227141,766,Expert,Medium,0,Business,6,House,97152,0.56,Avoid Loan
35,2772402,73940,1745083,No,0,362,Beginner,Medium,3,Salaried,11,Retirement,157093,0.0,Avoid Loan
53,1940210,76678,907841,No,0,510,Beginner,Medium,3,Business,4,House,85006,0.0,Avoid Loan
48,2219168,110213,1521904,Yes,977752,887,Beginner,High,5,Self-Employed,2,House,74717,0.44,Save
60,2702171,165599,2358445,No,0,350,Beginner,High,5,Business,8,Wealth Creation,59581,0.0,Avoid Loan
35,2317238,127047,588986,No,0,810,Beginner,Medium,1,Business,9,Retirement,66056,0.0,Invest
48,1550781,28013,337453,No,0,490,Intermediate,Low,2,Self-Employed,5,Wealth Creation,101218,0.0,Avoid Loan
38,2850736,171410,74291,No,0,421,Beginner,High,3,Salaried,11,Retirement,66151,0.0,Avoid Loan
25,477293,17991,1167751,No,0,671,Intermediate,Low,5,Business,7,Education,21783,0.0,Save
33,2432624,167759,779620,No,0,385,Intermediate,Low,0,Business,7,Education,34959,0.0,Avoid Loan
60,2672353,57633,148362,Yes,627786,760,Beginner,Medium,3,Salaried,2,House,165063,0.23,Save
40,2785908,76536,1397512,No,0,516,Expert,Low,4,Business,9,Wealth Creation,155623,0.0,Avoid Loan
30,1869278,65380,925937,No,0,667,Beginner,High,5,Self-Employed,9,House,90393,0.0,Save
30,1027237,76131,1179316,Yes,1788941,658,Expert,Medium,0,Self-Employed,11,Retirement,9472,1.74,Avoid Loan
46,810963,22940,2232540,Yes,866376,879,Expert,High,1,Salaried,11,Retirement,44640,1.07,Avoid Loan
29,921507,46408,345083,No,0,689,Beginner,Low,2,Self-Employed,12,Retirement,30384,0.0,Save
50,1566450,23530,288099,Yes,1494013,492,Intermediate,High,2,Self-Employed,6,Wealth Creation,107007,0.95,Avoid Loan
32,1739134,72821,1339754,No,0,619,Intermediate,High,2,Self-Employed,1,House,72106,0.0,Save
34,2749568,83394,1707154,Yes,454366,441,Expert,Medium,4,Self-Employed,3,Education,145736,0.17,Avoid Loan
42,1787088,131794,1986764,Yes,1851057,814,Beginner,Medium,2,Self-Employed,5,House,17130,1.04,Avoid Loan
56,860307,32649,254050,Yes,2435416,536,Intermediate,Low,2,Salaried,5,Education,39043,2.83,Avoid Loan
43,778430,49285,132888,Yes,353058,468,Intermediate,Low,3,Self-Employed,9,Education,15584,0.45,Avoid Loan
58,371991,16385,1241517,Yes,2109092,352,Expert,Low,2,Salaried,8,House,14614,5.67,Avoid Loan
30,658869,27647,279307,Yes,694997,686,Expert,Medium,2,Self-Employed,1,Retirement,27258,1.05,Avoid Loan
60,1805851,87323,1001067,Yes,1460717,568,Beginner,High,2,Self-Employed,10,Education,63164,0.81,Avoid Loan
39,854211,18575,1884932,Yes,546374,446,Intermediate,High,3,Business,6,House,52609,0.64,Avoid Loan
36,316547,21988,1321963,No,0,849,Intermediate,Low,3,Business,0,Retirement,4390,0.0,Save
57,1564750,57745,1188800,Yes,510041,765,Beginner,Low,5,Business,9,House,72650,0.33,Save
38,1080581,55983,378638,Yes,1736716,553,Beginner,High,1,Salaried,1,Education,34065,1.61,Avoid Loan
53,1993063,58293,1066189,No,0,741,Expert,Medium,1,Business,9,Wealth Creation,107795,0.0,Invest
58,1570169,80317,390887,No,0,700,Intermediate,High,3,Business,6,Education,50530,0.0,Save
43,1496788,88808,670356,No,0,712,Intermediate,Medium,3,Salaried,4,House,35924,0.0,Save
23,1351947,96471,1351193,No,0,870,Intermediate,Medium,5,Salaried,12,Wealth Creation,16191,0.0,Save
23,637381,38206,389717,No,0,475,Beginner,Low,1,Business,6,Wealth Creation,14909,0.0,Avoid Loan
30,1278287,77864,86167,No,0,672,Intermediate,Low,5,Business,10,Education,28659,0.0,Save
59,2641831,128766,1956597,Yes,681431,590,Beginner,Low,5,Salaried,7,Wealth Creation,91386,0.26,Avoid Loan
29,1769154,77903,1828773,Yes,704731,807,Beginner,High,0,Self-Employed,6,House,69526,0.4,Save
30,1957135,86521,902381,No,0,575,Expert,Medium,3,Business,6,Retirement,76573,0.0,Avoid Loan
36,2995690,137207,407591,Yes,1939785,640,Intermediate,Medium,2,Business,9,Wealth Creation,112433,0.65,Avoid Loan
21,428835,30606,862342,Yes,841336,566,Beginner,High,4,Self-Employed,12,Retirement,5130,1.96,Avoid Loan
41,1780548,34900,349165,No,0,462,Intermediate,Medium,5,Business,6,House,113479,0.0,Avoid Loan
43,752267,21330,967251,No,0,656,Beginner,Low,1,Self-Employed,8,Wealth Creation,41358,0.0,Save
37,2417950,55247,522330,Yes,547507,729,Beginner,Low,0,Salaried,11,Wealth Creation,146248,0.23,Invest
48,1638095,106464,544867,No,0,557,Beginner,High,2,Salaried,10,House,30043,0.0,Avoid Loan
55,1310527,66261,2247758,No,0,667,Expert,Low,0,Self-Employed,4,Education,42949,0.0,Save
48,1036320,63826,1678102,Yes,1163940,572,Intermediate,Low,0,Self-Employed,12,Education,22534,1.12,Avoid Loan
24,1125112,46944,1732905,Yes,1189153,403,Beginner,Medium,2,Self-Employed,6,House,46815,1.06,Avoid Loan
56,262595,16367,1921768,No,0,351,Beginner,Low,0,Salaried,8,Wealth Creation,5515,0.0,Avoid Loan
45,2192751,148965,507632,Yes,2095140,407,Expert,High,1,Self-Employed,7,Retirement,33764,0.96,Avoid Loan
23,1789925,23011,1288588,Yes,827475,586,Intermediate,Low,1,Self-Employed,10,House,126149,0.46,Avoid Loan
50,2690008,76419,2037923,Yes,1748495,533,Intermediate,Medium,1,Business,9,House,147748,0.65,Avoid Loan
24,920408,54788,1468991,Yes,2107853,823,Intermediate,Low,2,Business,8,Education,21912,2.29,Avoid Loan
53,1125668,25424,1955150,No,0,856,Intermediate,High,5,Self-Employed,8,Retirement,68381,0.0,Invest
55,1774141,60993,739685,No,0,506,Intermediate,Low,4,Business,12,House,86852,0.0,Avoid Loan
32,754060,31832,1184553,Yes,77154,870,Beginner,Medium,4,Salaried,1,Education,31006,0.1,Save
22,2684053,43386,1205109,Yes,1720678,687,Beginner,Medium,0,Business,8,House,180285,0.64,Avoid Loan
46,2847696,87587,1280508,Yes,189533,723,Intermediate,Low,3,Salaried,12,House,149721,0.07,Invest
21,811191,35142,1869278,No,0,634,Beginner,Medium,2,Business,1,Education,32457,0.0,Save
60,695184,36715,2035152,Yes,1967938,798,Expert,Medium,5,Salaried,4,Retirement,21217,2.83,Avoid Loan
31,1386918,34421,798815,Yes,1027805,387,Beginner,Medium,4,Business,11,House,81155,0.74,Avoid Loan
42,1696377,17207,2076635,Yes,270915,589,Beginner,High,5,Business,8,Education,124157,0.16,Avoid Loan
22,1149911,70908,1801475,No,0,427,Beginner,Low,2,Business,5,House,24917,0.0,Avoid Loan
45,2929902,198914,763030,No,0,379,Intermediate,Low,5,Self-Employed,10,Retirement,45244,0.0,Avoid Loan
45,1140770,29024,290251,Yes,157402,857,Beginner,Low,2,Salaried,0,Wealth Creation,66040,0.14,Save
54,785657,53824,2346358,Yes,1286749,645,Beginner,High,1,Salaried,4,House,11647,1.64,Avoid Loan
35,348369,22972,1407161,Yes,778292,842,Beginner,Medium,4,Salaried,8,House,6058,2.23,Avoid Loan
59,814933,22101,1704406,No,0,442,Beginner,Low,2,Business,10,House,45810,0.0,Avoid Loan
32,2709434,159910,2308186,No,0,409,Intermediate,Low,0,Business,10,Retirement,65876,0.0,Avoid Loan
47,871002,25296,87223,No,0,529,Intermediate,High,3,Self-Employed,1,Retirement,47287,0.0,Avoid Loan
51,850993,55300,266352,Yes,208269,424,Intermediate,Medium,1,Salaried,12,Retirement,15616,0.24,Avoid Loan
36,2001389,126097,2031881,No,0,507,Beginner,Low,4,Business,10,House,40685,0.0,Avoid Loan
51,1089847,67227,463005,Yes,689828,542,Beginner,Low,0,Salaried,9,Wealth Creation,23593,0.63,Avoid Loan
45,2496377,182132,2442815,No,0,499,Intermediate,Medium,5,Business,12,Retirement,25899,0.0,Avoid Loan
24,1844420,85521,1574924,Yes,1096139,787,Intermediate,Medium,0,Self-Employed,1,House,68180,0.59,Avoid Loan
45,2644014,38284,365629,Yes,673952,630,Expert,Low,3,Salaried,6,Retirement,182050,0.25,Save
36,2552958,135667,66264,No,0,579,Expert,Medium,3,Self-Employed,1,Wealth Creation,77079,0.0,Avoid Loan
33,922828,55488,1352579,No,0,824,Expert,Low,1,Business,12,Education,21414,0.0,Save
28,2115908,77303,997351,No,0,422,Beginner,High,0,Business,12,House,99022,0.0,Avoid Loan
21,2928860,156775,1082410,No,0,627,Beginner,Medium,3,Self-Employed,5,House,87296,0.0,Save
59,1492183,94870,1246862,No,0,753,Expert,Medium,5,Business,12,House,29478,0.0,Invest
59,2006672,143514,1654327,Yes,1425711,757,Beginner,Medium,4,Self-Employed,9,Wealth Creation,23708,0.71,Avoid Loan
58,1283977,91913,1034431,Yes,2448970,374,Intermediate,Low,4,Salaried,7,Education,15085,1.91,Avoid Loan
32,2764288,43299,1852090,Yes,904528,602,Intermediate,High,5,Salaried,0,House,187058,0.33,Save
40,2479370,44984,2496504,No,0,368,Beginner,High,5,Business,4,Education,161630,0.0,Avoid Loan
34,2557111,142184,1987189,Yes,1939927,616,Intermediate,Low,5,Business,2,Education,70908,0.76,Avoid Loan
44,874773,23288,1314887,No,0,416,Expert,High,0,Self-Employed,5,Wealth Creation,49609,0.0,Avoid Loan
38,1128083,70639,1670153,No,0,577,Intermediate,High,5,Business,6,Wealth Creation,23367,0.0,Avoid Loan
46,2013313,21632,2305629,Yes,232927,622,Expert,Low,1,Salaried,5,Retirement,146144,0.12,Save
57,1659941,18374,2300941,Yes,1745350,735,Intermediate,High,5,Self-Employed,5,Education,119954,1.05,Avoid Loan
58,1346109,74373,1902987,No,0,827,Intermediate,Medium,2,Salaried,9,Retirement,37802,0.0,Invest
22,1786748,38815,1651021,Yes,1498430,742,Beginner,Low,2,Salaried,9,House,110080,0.84,Avoid Loan
38,2743276,35201,2127588,No,0,391,Beginner,Low,4,Salaried,1,Retirement,193405,0.0,Avoid Loan
22,2663498,86819,1574379,No,0,836,Beginner,Low,4,Business,10,Education,135139,0.0,Invest
60,382916,22501,600058,No,0,715,Beginner,Medium,3,Salaried,12,Wealth Creation,9408,0.0,Save
29,1503049,41443,259550,Yes,1019578,425,Beginner,Medium,0,Business,10,Retirement,83811,0.68,Avoid Loan
27,1964289,55168,246887,No,0,512,Intermediate,High,5,Salaried,6,House,108522,0.0,Avoid Loan
21,549884,36578,1938185,No,0,687,Expert,Low,2,Salaried,2,Retirement,9245,0.0,Save
50,1339672,30730,515068,No,0,407,Intermediate,Medium,5,Self-Employed,3,Retirement,80909,0.0,Avoid Loan
44,2293128,64812,2312197,No,0,378,Beginner,Low,4,Salaried,2,Wealth Creation,126282,0.0,Avoid Loan
57,895369,56291,543653,Yes,318830,453,Beginner,Low,0,Self-Employed,4,Wealth Creation,18323,0.36,Avoid Loan
60,1396539,60539,583837,Yes,154121,736,Intermediate,Medium,0,Salaried,10,Education,55839,0.11,Invest
21,2569043,56890,1021128,No,0,436,Intermediate,Medium,5,Self-Employed,4,Retirement,157196,0.0,Avoid Loan
59,2123259,135651,2298145,No,0,807,Beginner,Low,1,Self-Employed,0,Education,41287,0.0,Save
33,2998727,43875,752214,Yes,2361390,721,Intermediate,Medium,0,Business,10,Wealth Creation,206018,0.79,Avoid Loan
35,970878,24611,1602045,No,0,383,Intermediate,High,3,Business,5,Retirement,56295,0.0,Avoid Loan
25,1723255,24810,621846,Yes,1357027,371,Intermediate,Low,3,Salaried,12,Education,118794,0.79,Avoid Loan
38,2502222,184315,2122539,No,0,489,Beginner,Medium,4,Business,5,Wealth Creation,24203,0.0,Avoid Loan
45,2463220,83113,259215,Yes,329019,489,Intermediate,High,2,Business,7,House,122155,0.13,Avoid Loan
30,1010833,54499,2349115,No,0,667,Beginner,Medium,0,Business,9,Retirement,29737,0.0,Save
22,2779628,19426,415251,Yes,2430091,630,Intermediate,High,0,Business,9,Wealth Creation,212209,0.87,Avoid Loan
37,2273185,64522,184025,Yes,945241,412,Beginner,Low,5,Salaried,3,Education,124910,0.42,Avoid Loan
29,2256662,167260,1662882,No,0,713,Intermediate,Low,1,Business,12,House,20795,0.0,Save
49,2637237,142517,658643,No,0,770,Beginner,Low,4,Business,5,Retirement,77252,0.0,Save
50,2430945,131589,587529,No,0,701,Beginner,Low,2,Business,5,House,70989,0.0,Save
53,685162,45711,756251,No,0,437,Beginner,Low,1,Self-Employed,12,Education,11385,0.0,Avoid Loan
33,1508518,82883,2228123,No,0,685,Beginner,High,2,Self-Employed,11,House,42826,0.0,Save
30,2058421,97820,762832,Yes,322042,398,Intermediate,Medium,3,Business,0,Retirement,73715,0.16,Avoid Loan
56,2893953,169858,1388386,No,0,380,Beginner,Medium,1,Self-Employed,10,Wealth Creation,71304,0.0,Avoid Loan
29,2330897,94417,1972257,No,0,817,Expert,Medium,3,Self-Employed,10,Wealth Creation,99824,0.0,Invest
54,874533,41769,1214818,Yes,258837,834,Beginner,Medium,3,Business,6,Education,31108,0.3,Save
59,2687814,167091,598439,No,0,556,Beginner,Low,3,Salaried,4,Education,56893,0.0,Avoid Loan
51,333776,19654,1072335,Yes,2006815,480,Beginner,Low,2,Self-Employed,11,Wealth Creation,8160,6.01,Avoid Loan
54,2163574,60051,243355,Yes,2028930,659,Beginner,Low,1,Business,6,Wealth Creation,120246,0.94,Avoid Loan
22,2008205,44876,2011763,Yes,1264822,641,Beginner,High,4,Business,10,Education,122474,0.63,Avoid Loan
48,1893954,24421,461490,Yes,72389,817,Intermediate,Medium,0,Business,4,Wealth Creation,133408,0.04,Save
58,306625,17656,1916035,No,0,397,Beginner,High,0,Business,11,Education,7896,0.0,Avoid Loan
39,1233146,75786,242299,Yes,2049234,848,Beginner,Medium,5,Salaried,11,Education,26976,1.66,Avoid Loan
38,2927576,86134,709087,Yes,1624589,419,Intermediate,Medium,5,Salaried,3,Retirement,157830,0.55,Avoid Loan
55,1325432,43430,54608,Yes,1189009,363,Beginner,Low,3,Business,0,Education,67022,0.9,Avoid Loan
42,2376041,19326,489464,No,0,823,Beginner,High,2,Self-Employed,8,Wealth Creation,178677,0.0,Invest
41,883521,33405,2245399,No,0,699,Expert,Medium,1,Business,6,Education,40221,0.0,Save
55,411890,22051,1036525,No,0,480,Expert,High,1,Self-Employed,3,Retirement,12273,0.0,Avoid Loan
39,577756,20093,326194,Yes,2110296,391,Intermediate,Low,5,Self-Employed,6,House,28053,3.65,Avoid Loan
30,2096916,22938,1547791,Yes,1397402,443,Beginner,Low,0,Business,2,Wealth Creation,151805,0.67,Avoid Loan
40,2024139,75366,1071953,Yes,1651696,769,Intermediate,Low,0,Business,2,Retirement,93312,0.82,Avoid Loan
53,1434872,61191,896793,Yes,1378833,851,Expert,Medium,1,Business,9,Education,58381,0.96,Avoid Loan
22,930685,16410,287822,No,0,805,Beginner,Medium,4,Self-Employed,5,Wealth Creation,61147,0.0,Save
25,834060,61271,1886731,No,0,897,Expert,Medium,1,Business,8,House,8234,0.0,Save
21,2335288,119689,386672,Yes,1265582,763,Beginner,Medium,3,Self-Employed,0,Wealth Creation,74918,0.54,Avoid Loan
48,2641597,81954,1504307,No,0,628,Beginner,Medium,0,Business,4,Education,138179,0.0,Save
25,1663903,116342,1082059,No,0,807,Expert,Low,4,Salaried,1,House,22316,0.0,Save
34,901795,64323,2357743,Yes,1851163,640,Beginner,Low,4,Business,3,Retirement,10826,2.05,Avoid Loan
32,1423165,79883,1986831,No,0,709,Intermediate,Medium,5,Salaried,8,Wealth Creation,38714,0.0,Save
35,1217322,89308,377376,Yes,1031820,557,Intermediate,High,4,Self-Employed,11,Education,12135,0.85,Avoid Loan
31,1747586,83922,140754,Yes,2209902,831,Intermediate,Low,5,Self-Employed,8,Education,61710,1.26,Avoid Loan
24,1717881,46074,241486,No,0,560,Intermediate,Low,1,Business,2,Education,97082,0.0,Avoid Loan
38,655879,34622,476628,No,0,864,Intermediate,Low,5,Business,12,House,20034,0.0,Save
28,1009234,46268,625995,Yes,1855817,755,Expert,Medium,5,Salaried,4,Wealth Creation,37834,1.84,Avoid Loan
22,433889,31839,1532879,Yes,784110,735,Beginner,Medium,0,Self-Employed,1,Education,4318,1.81,Avoid Loan
44,327474,21779,1650100,No,0,664,Expert,Low,4,Salaried,9,Retirement,5510,0.0,Save
45,1265555,71557,778416,No,0,528,Expert,High,2,Self-Employed,10,Wealth Creation,33905,0.0,Avoid Loan
39,1979749,42736,938477,Yes,1255719,405,Beginner,Medium,0,Salaried,9,Retirement,122243,0.63,Avoid Loan
27,1174694,74435,1293355,No,0,453,Beginner,Low,2,Business,0,Wealth Creation,23456,0.0,Avoid Loan
60,1287843,19277,1195236,No,0,516,Intermediate,Medium,3,Salaried,6,Wealth Creation,88043,0.0,Avoid Loan
34,1992780,112619,429962,Yes,735899,406,Intermediate,Medium,5,Self-Employed,0,House,53446,0.37,Avoid Loan
40,1748872,93479,659057,Yes,222549,363,Expert,Low,2,Business,1,House,52260,0.13,Avoid Loan
28,1647136,30017,2039255,No,0,502,Intermediate,Medium,4,Salaried,1,Wealth Creation,107244,0.0,Avoid Loan
31,1416401,44096,2281096,No,0,509,Beginner,Low,5,Salaried,12,Wealth Creation,73937,0.0,Avoid Loan
25,457867,23814,803644,Yes,1494200,682,Beginner,High,4,Self-Employed,12,House,14341,3.26,Avoid Loan
35,2412038,34295,1925255,No,0,646,Beginner,Low,4,Salaried,0,Wealth Creation,166708,0.0,Save
24,2589261,117848,2237158,No,0,663,Expert,Medium,1,Salaried,0,House,97923,0.0,Save
42,568842,22579,1784520,No,0,454,Expert,Low,3,Business,9,House,24824,0.0,Avoid Loan
44,635088,39525,600964,No,0,364,Intermediate,Medium,3,Salaried,1,Education,13399,0.0,Avoid Loan
27,2224079,150565,2215692,Yes,892733,641,Expert,High,1,Business,0,Education,34774,0.4,Save
48,2296919,142152,1880716,Yes,1075456,840,Intermediate,Low,5,Self-Employed,6,Education,49257,0.47,Avoid Loan
43,1884916,70728,1903273,No,0,543,Expert,High,3,Business,4,Education,86348,0.0,Avoid Loan
54,706924,26729,1953556,No,0,790,Beginner,High,0,Business,7,Retirement,32181,0.0,Invest
60,1796974,89030,1692744,Yes,2071459,560,Expert,Low,4,Salaried,9,House,60717,1.15,Avoid Loan
60,350091,18028,1855135,Yes,224663,481,Beginner,Medium,5,Salaried,1,House,11146,0.64,Avoid Loan
38,2357975,118696,1776532,Yes,1285367,520,Beginner,Medium,5,Business,0,Retirement,77801,0.55,Avoid Loan
52,771606,32000,1000800,No,0,544,Beginner,Medium,5,Self-Employed,0,Wealth Creation,32300,0.0,Avoid Loan
25,1780646,47776,1913095,Yes,459093,653,Intermediate,High,3,Self-Employed,4,Retirement,100611,0.26,Save
35,1939169,78361,2027833,No,0,381,Beginner,Medium,0,Business,9,Retirement,83236,0.0,Avoid Loan
42,1189949,59196,523242,Yes,984539,354,Beginner,Medium,3,Salaried,10,Retirement,39966,0.83,Avoid Loan
59,1104810,26326,1562102,No,0,855,Expert,High,3,Business,4,Education,65741,0.0,Save
58,2586170,96920,2432887,Yes,1504584,664,Beginner,High,3,Salaried,4,Wealth Creation,118594,0.58,Avoid Loan
47,1649809,57837,1207585,Yes,2152383,863,Expert,Medium,0,Business,2,Wealth Creation,79647,1.3,Avoid Loan
26,730247,42004,399709,Yes,1060050,867,Expert,High,2,Business,1,Retirement,18849,1.45,Avoid Loan
33,2410666,139010,1954803,No,0,696,Intermediate,Medium,2,Self-Employed,8,Education,61878,0.0,Save
57,1807628,128177,2348895,No,0,728,Beginner,High,0,Business,12,House,22458,0.0,Save
37,1218665,71021,1589434,Yes,120491,402,Intermediate,Medium,1,Business,4,Retirement,30534,0.1,Avoid Loan
46,2311636,165927,2326425,No,0,389,Beginner,Low,0,Self-Employed,8,Wealth Creation,26709,0.0,Avoid Loan
36,891771,18761,627157,Yes,397515,519,Intermediate,High,4,Salaried,8,Wealth Creation,55553,0.45,Avoid Loan
57,1873706,114422,288389,Yes,1914229,460,Beginner,Low,2,Business,11,Wealth Creation,41720,1.02,Avoid Loan
45,2047897,99778,215466,Yes,1067775,740,Intermediate,Medium,4,Business,8,Retirement,70880,0.52,Avoid Loan
37,2357079,104989,695026,No,0,537,Expert,High,5,Business,2,Education,91434,0.0,Avoid Loan
32,2817635,123498,866998,Yes,2348293,597,Intermediate,Medium,2,Business,7,Education,111304,0.83,Avoid Loan
51,1935045,38259,2125572,No,0,717,Beginner,High,0,Self-Employed,1,Retirement,122994,0.0,Save
40,2038960,98305,1338497,No,0,868,Beginner,High,3,Self-Employed,10,Wealth Creation,71608,0.0,Invest
41,2710928,20888,843450,No,0,713,Beginner,Low,4,Salaried,1,Education,205022,0.0,Save
53,875658,37180,157653,Yes,1152388,408,Beginner,High,1,Salaried,4,Education,35791,1.32,Avoid Loan
37,1008436,25552,1759963,No,0,427,Beginner,High,0,Business,10,Wealth Creation,58484,0.0,Avoid Loan
48,561939,32402,1169487,Yes,1435773,613,Beginner,High,3,Salaried,1,Retirement,14426,2.56,Avoid Loan
37,2577403,116964,1489519,No,0,436,Expert,Low,4,Salaried,5,Retirement,97819,0.0,Avoid Loan
57,1780381,36482,1139377,No,0,810,Expert,High,5,Self-Employed,7,House,111883,0.0,Invest
26,848113,29824,116818,No,0,890,Intermediate,Medium,3,Self-Employed,6,Education,40852,0.0,Save
33,2524151,78758,449057,Yes,929684,801,Beginner,Medium,0,Self-Employed,8,Retirement,131587,0.37,Save
42,1748974,102872,97928,Yes,479563,517,Beginner,Medium,5,Self-Employed,4,Retirement,42875,0.27,Avoid Loan
41,2150984,85576,948487,Yes,1601673,794,Beginner,Medium,3,Business,3,House,93672,0.74,Avoid Loan
52,2211536,81092,1127953,No,0,488,Intermediate,Medium,5,Salaried,5,Wealth Creation,103202,0.0,Avoid Loan
35,1709254,15630,2325831,No,0,401,Expert,High,0,Self-Employed,5,Education,126807,0.0,Avoid Loan
54,1382230,20053,2186069,Yes,1922668,824,Intermediate,High,1,Self-Employed,8,Wealth Creation,95132,1.39,Avoid Loan
57,1906021,24980,1734892,Yes,2010318,873,Intermediate,Low,2,Salaried,0,Retirement,133855,1.05,Avoid Loan
28,841477,41182,2327248,No,0,356,Expert,High,0,Business,2,Retirement,28941,0.0,Avoid Loan
32,1138738,45490,2282092,No,0,677,Beginner,High,2,Business,1,Education,49404,0.0,Save
45,1079948,80807,587280,No,0,827,Beginner,High,0,Salaried,0,Retirement,9188,0.0,Save
47,1922968,111333,1191861,No,0,372,Intermediate,High,2,Salaried,3,Retirement,48914,0.0,Avoid Loan
44,2205716,48643,93738,No,0,650,Beginner,Low,1,Self-Employed,2,Wealth Creation,135166,0.0,Save
54,1632816,59701,181123,No,0,466,Expert,Low,5,Business,4,Retirement,76367,0.0,Avoid Loan
45,1430933,46376,1159245,Yes,1451812,618,Beginner,Medium,1,Business,4,Wealth Creation,72868,1.01,Avoid Loan
59,1748573,22914,2122136,Yes,203692,838,Intermediate,Low,4,Salaried,9,Wealth Creation,122800,0.12,Invest
38,261172,18530,518101,No,0,850,Expert,High,3,Business,3,House,3234,0.0,Save
29,968973,61479,1808950,No,0,711,Intermediate,Low,2,Business,4,Retirement,19268,0.0,Save
24,2137001,130521,676787,No,0,722,Expert,Low,1,Salaried,12,Wealth Creation,47562,0.0,Invest
57,715928,28462,1801325,Yes,2380263,873,Expert,Medium,3,Self-Employed,12,House,31198,3.32,Avoid Loan
28,1221431,29607,1614886,No,0,466,Beginner,Medium,3,Self-Employed,3,Education,72178,0.0,Avoid Loan
34,1274813,66474,118530,Yes,1284350,771,Intermediate,High,2,Salaried,12,Wealth Creation,39760,1.01,Avoid Loan
35,1595549,31915,1685176,Yes,536048,415,Beginner,High,0,Self-Employed,12,Wealth Creation,101047,0.34,Avoid Loan
25,388726,28561,779710,No,0,864,Beginner,Low,3,Self-Employed,0,Retirement,3832,0.0,Save
34,1371307,21641,55840,Yes,2129146,480,Intermediate,High,5,Salaried,7,Wealth Creation,92634,1.55,Avoid Loan
32,1980907,141530,1508758,Yes,1862516,525,Intermediate,Low,2,Self-Employed,8,Education,23545,0.94,Avoid Loan
23,2482224,103301,773913,Yes,396084,468,Expert,Low,5,Self-Employed,9,House,103551,0.16,Avoid Loan
45,2597100,32475,80058,No,0,739,Intermediate,Low,3,Business,12,House,183950,0.0,Save
59,2556346,68826,2401232,Yes,568221,890,Beginner,Low,4,Salaried,4,Retirement,144202,0.22,Save
33,2683024,194513,2484323,Yes,313514,678,Beginner,Medium,0,Business,4,Wealth Creation,29072,0.12,Save
44,496825,28471,680597,No,0,407,Intermediate,Low,5,Salaried,7,House,12931,0.0,Avoid Loan
36,1899769,115980,372645,No,0,617,Expert,Low,0,Salaried,10,Education,42334,0.0,Save
35,1992019,110506,1136448,Yes,176097,761,Beginner,High,0,Salaried,7,Wealth Creation,55495,0.09,Invest
56,699781,33563,899677,No,0,890,Beginner,High,2,Salaried,7,Wealth Creation,24752,0.0,Save
34,1274192,16935,1883499,No,0,890,Intermediate,Medium,3,Self-Employed,10,Retirement,89247,0.0,Invest
56,725593,52588,599744,No,0,719,Beginner,High,3,Self-Employed,9,Retirement,7878,0.0,Save
49,731042,21016,1927530,No,0,655,Beginner,Low,2,Self-Employed,8,House,39904,0.0,Save
45,1965553,51162,2187612,No,0,423,Expert,Medium,4,Self-Employed,5,Education,112634,0.0,Avoid Loan
29,2261156,152563,526031,Yes,1141210,631,Beginner,Low,0,Self-Employed,3,House,35866,0.5,Avoid Loan
52,1689962,56240,574111,Yes,1989251,669,Intermediate,Medium,3,Salaried,2,Retirement,84590,1.18,Avoid Loan
44,597636,33388,1745895,Yes,994635,602,Beginner,High,3,Self-Employed,8,Education,16415,1.66,Avoid Loan
48,1223267,78791,1945567,No,0,823,Beginner,Low,5,Self-Employed,4,Retirement,23147,0.0,Save
59,1954247,125990,1190934,Yes,1927745,873,Expert,Low,0,Self-Employed,3,House,36863,0.99,Avoid Loan
30,2324318,17404,2197647,Yes,2023585,729,Intermediate,Medium,3,Self-Employed,12,Wealth Creation,176289,0.87,Avoid Loan
56,1891281,20757,2306567,No,0,839,Intermediate,High,3,Salaried,0,Retirement,136849,0.0,Save
32,1971721,32458,746683,Yes,383476,698,Expert,Medium,0,Salaried,9,Retirement,131852,0.19,Save
48,511243,18425,124656,Yes,251601,515,Beginner,Medium,0,Business,11,House,24178,0.49,Avoid Loan
59,327010,22402,228292,No,0,749,Expert,Low,4,Salaried,6,Wealth Creation,4848,0.0,Save
30,2666856,66645,1806879,No,0,616,Intermediate,High,4,Self-Employed,2,Retirement,155593,0.0,Save
49,1851147,94016,489348,No,0,581,Beginner,Low,5,Self-Employed,8,Wealth Creation,60246,0.0,Avoid Loan
31,1573009,27374,936352,No,0,667,Beginner,High,4,Self-Employed,4,Wealth Creation,103710,0.0,Save
55,686157,39781,2402918,Yes,512193,350,Beginner,Low,3,Business,12,Education,17398,0.75,Avoid Loan
38,1320438,90723,2292841,Yes,1532386,725,Beginner,Low,0,Self-Employed,5,Education,19313,1.16,Avoid Loan
52,1697187,84082,1549224,Yes,1887899,380,Beginner,Medium,0,Business,9,Retirement,57350,1.11,Avoid Loan
32,2368252,51984,1653880,Yes,440804,711,Expert,High,1,Self-Employed,8,Wealth Creation,145370,0.19,Save
53,2266387,48214,1866188,Yes,591517,440,Beginner,Medium,5,Business,8,House,140651,0.26,Avoid Loan
23,522078,39071,1213352,Yes,752825,375,Expert,Medium,3,Self-Employed,9,House,4435,1.44,Avoid Loan
50,1274171,26465,729827,No,0,621,Expert,Low,4,Salaried,12,House,79715,0.0,Save
52,1678965,23453,1849373,Yes,1921809,701,Beginner,Medium,5,Business,12,Wealth Creation,116460,1.14,Avoid Loan
45,1685689,89340,1892271,Yes,650212,434,Beginner,High,1,Business,5,Wealth Creation,51134,0.39,Avoid Loan
37,1281624,28893,875713,Yes,2091052,898,Beginner,Low,0,Business,2,Retirement,77909,1.63,Avoid Loan
22,2427216,112651,621164,Yes,854483,556,Beginner,Low,2,Salaried,11,House,89617,0.35,Avoid Loan
49,1962193,45773,1795094,No,0,601,Beginner,Medium,0,Self-Employed,12,Education,117743,0.0,Save
57,2132761,139093,1168097,Yes,561670,579,Beginner,Medium,5,Business,8,House,38637,0.26,Avoid Loan
26,489736,18030,1134003,Yes,1883042,847,Beginner,High,1,Salaried,11,Retirement,22781,3.85,Avoid Loan
37,1260917,69486,455809,Yes,787650,800,Intermediate,Medium,2,Self-Employed,8,Wealth Creation,35590,0.62,Avoid Loan
34,961061,57051,2243774,No,0,733,Intermediate,High,1,Self-Employed,11,House,23037,0.0,Save
48,271445,16449,1415115,No,0,739,Intermediate,Medium,1,Self-Employed,7,Retirement,6171,0.0,Save
32,716417,33668,1773895,Yes,420217,452,Beginner,Low,5,Business,10,House,26033,0.59,Avoid Loan
31,951405,31121,1621262,Yes,1312433,575,Beginner,Medium,2,Salaried,4,House,48162,1.38,Avoid Loan
53,2687305,16178,469852,Yes,887761,755,Expert,High,2,Business,4,Wealth Creation,207764,0.33,Save
22,1895342,130424,1432978,Yes,207908,542,Beginner,Low,1,Salaried,6,Education,27521,0.11,Avoid Loan
53,2821779,203638,563854,Yes,867345,645,Intermediate,High,5,Business,11,Wealth Creation,31510,0.31,Save
49,1974745,80713,142978,No,0,525,Beginner,Medium,5,Business,3,Retirement,83849,0.0,Avoid Loan
22,1805176,50930,117862,Yes,619203,894,Beginner,Medium,1,Self-Employed,10,House,99501,0.34,Save
52,1118507,39853,1617862,No,0,870,Beginner,Medium,0,Business,9,Wealth Creation,53355,0.0,Invest
33,688027,28468,757335,No,0,806,Expert,Medium,5,Business,3,House,28867,0.0,Save
55,1786405,52363,2216270,No,0,710,Intermediate,High,4,Business,11,Education,96504,0.0,Save
36,2788545,111983,1201995,No,0,592,Intermediate,Medium,5,Business,7,Education,120395,0.0,Avoid Loan
22,936180,63186,1754792,Yes,432851,502,Beginner,Low,3,Salaried,3,Education,14829,0.46,Avoid Loan
46,338789,17142,322354,No,0,541,Beginner,Medium,2,Self-Employed,7,House,11090,0.0,Avoid Loan
38,1366563,43723,263342,Yes,1349366,555,Beginner,Medium,5,Salaried,12,House,70157,0.99,Avoid Loan
43,559575,32527,1923039,No,0,426,Intermediate,Medium,0,Business,6,Education,14104,0.0,Avoid Loan
26,320478,18391,2175335,No,0,675,Expert,High,5,Salaried,8,Education,8315,0.0,Save
38,1193424,76061,1822995,No,0,615,Expert,High,2,Business,9,Wealth Creation,23391,0.0,Save
45,2853149,204339,1034226,Yes,2259115,565,Beginner,Low,5,Self-Employed,6,Wealth Creation,33423,0.79,Avoid Loan
41,1665983,36816,923463,No,0,582,Intermediate,Low,2,Self-Employed,4,Education,102015,0.0,Avoid Loan
27,990644,61309,1759313,No,0,357,Intermediate,Medium,1,Salaried,5,Retirement,21244,0.0,Avoid Loan
42,1847605,133421,724764,Yes,1573384,637,Beginner,Low,4,Business,11,House,20546,0.85,Avoid Loan
48,1767534,58911,105432,No,0,893,Expert,High,2,Business,11,Wealth Creation,88383,0.0,Save
33,1697006,77629,245750,Yes,368907,461,Beginner,High,1,Salaried,10,House,63788,0.22,Avoid Loan
53,2114760,93449,2207040,No,0,605,Expert,Low,5,Business,11,Wealth Creation,82781,0.0,Save
35,732913,29140,751559,Yes,2141088,634,Beginner,Medium,0,Business,3,Retirement,31936,2.92,Avoid Loan
42,2390223,107556,261646,Yes,1366954,576,Beginner,Low,4,Business,0,House,91629,0.57,Avoid Loan
46,1943550,142837,606376,No,0,809,Expert,Low,3,Salaried,1,House,19125,0.0,Save
43,2393785,100203,2463581,No,0,649,Expert,Low,3,Self-Employed,1,House,99279,0.0,Save
57,372758,19317,162510,Yes,1302984,636,Beginner,Low,4,Self-Employed,8,House,11746,3.5,Avoid Loan
24,2474452,40373,692049,Yes,817096,368,Beginner,High,1,Business,5,Wealth Creation,165831,0.33,Avoid Loan
59,933847,67521,75942,No,0,842,Beginner,Low,1,Self-Employed,1,Wealth Creation,10299,0.0,Save
30,2435571,80545,182229,No,0,671,Beginner,Medium,5,Salaried,12,Retirement,122419,0.0,Save
52,2457577,106792,408966,No,0,740,Beginner,Low,1,Salaried,4,House,98006,0.0,Save
52,1040478,40145,2021985,No,0,534,Beginner,High,5,Business,12,House,46561,0.0,Avoid Loan
48,722827,45946,1427560,No,0,402,Beginner,High,5,Business,12,Wealth Creation,14289,0.0,Avoid Loan
60,2067318,51303,2151334,No,0,812,Intermediate,Low,1,Self-Employed,11,House,120973,0.0,Invest
21,2426928,138590,2029353,Yes,1721638,512,Beginner,High,3,Business,8,House,63654,0.71,Avoid Loan
34,696590,39908,899636,Yes,999082,658,Expert,Low,3,Self-Employed,6,House,18141,1.43,Avoid Loan
47,1916415,102119,1843434,Yes,2330676,843,Intermediate,Medium,2,Self-Employed,7,Wealth Creation,57582,1.22,Avoid Loan
34,809959,58691,1880097,No,0,424,Intermediate,Medium,0,Salaried,5,Education,8805,0.0,Avoid Loan
50,802507,44343,457874,No,0,826,Intermediate,Medium,5,Salaried,7,Retirement,22532,0.0,Save
25,755857,43140,917259,Yes,1888304,520,Beginner,High,4,Salaried,1,House,19848,2.5,Avoid Loan
24,1229462,65255,2196804,No,0,878,Beginner,Medium,0,Business,9,House,37200,0.0,Invest
54,1568636,110197,377678,Yes,206143,435,Beginner,Medium,3,Business,0,Retirement,20522,0.13,Avoid Loan
36,2239970,135060,1267609,Yes,2234697,668,Beginner,High,0,Salaried,7,Retirement,51604,1.0,Avoid Loan
30,2188303,106483,1332805,No,0,373,Beginner,Medium,0,Business,1,Retirement,75875,0.0,Avoid Loan
22,2861857,105387,1027835,No,0,502,Intermediate,Low,5,Business,0,Retirement,133101,0.0,Avoid Loan
44,1092388,51806,871256,No,0,881,Beginner,Medium,1,Self-Employed,6,Wealth Creation,39226,0.0,Invest
39,2858167,18211,1760176,No,0,539,Intermediate,Medium,3,Salaried,8,House,219969,0.0,Avoid Loan
47,343413,19430,1654134,Yes,651091,480,Beginner,Low,4,Self-Employed,1,Retirement,9187,1.9,Avoid Loan
38,893870,22116,339671,No,0,867,Intermediate,Medium,3,Salaried,12,Wealth Creation,52373,0.0,Invest
55,1762660,112164,1788605,Yes,84633,504,Intermediate,Low,2,Self-Employed,5,Education,34724,0.05,Avoid Loan
33,575299,19145,2455569,Yes,1025841,392,Beginner,High,0,Salaried,3,Wealth Creation,28796,1.78,Avoid Loan
46,2932221,133642,1753980,Yes,2043412,828,Intermediate,Medium,1,Salaried,2,Education,110709,0.7,Avoid Loan
37,2237560,78580,271001,No,0,738,Beginner,Low,5,Business,5,Wealth Creation,107883,0.0,Save
36,2002901,70282,1035258,Yes,1701132,662,Expert,Low,4,Self-Employed,6,Retirement,96626,0.85,Avoid Loan
43,2745942,39488,1205942,No,0,468,Intermediate,Low,3,Business,9,Education,189340,0.0,Avoid Loan
32,1299455,30427,1003807,Yes,2112168,723,Intermediate,Medium,5,Salaried,2,Wealth Creation,77860,1.63,Avoid Loan
44,2605983,170985,567641,No,0,685,Beginner,High,4,Self-Employed,5,House,46180,0.0,Save
41,2266764,133958,1307234,No,0,665,Beginner,Medium,1,Self-Employed,9,Education,54939,0.0,Save
28,612101,43273,1101663,Yes,1042412,563,Expert,Medium,0,Business,4,House,7735,1.7,Avoid Loan
38,2705672,39971,871993,No,0,388,Beginner,High,0,Salaried,0,Wealth Creation,185501,0.0,Avoid Loan
23,1941486,18203,1511237,No,0,364,Intermediate,High,0,Salaried,7,Education,143587,0.0,Avoid Loan
34,2625460,40054,2170268,Yes,550210,438,Beginner,Medium,2,Salaried,4,House,178734,0.21,Avoid Loan
29,775269,47782,2274645,Yes,335792,718,Beginner,Low,1,Salaried,6,Wealth Creation,16823,0.43,Save
38,761303,18083,1618566,Yes,2052704,586,Intermediate,Low,5,Business,2,House,45358,2.7,Avoid Loan
58,506796,26692,1307020,Yes,2486932,654,Beginner,Low,5,Business,5,House,15541,4.91,Avoid Loan
52,916458,17030,27051,Yes,2379248,608,Intermediate,Low,0,Salaried,9,Wealth Creation,59341,2.6,Avoid Loan
36,2804462,165343,2060899,Yes,2446891,517,Beginner,Medium,4,Self-Employed,5,Education,68362,0.87,Avoid Loan
44,2600707,132190,1643601,No,0,536,Intermediate,Medium,1,Self-Employed,10,Education,84535,0.0,Avoid Loan
30,298911,20244,334455,Yes,1665578,558,Beginner,Low,3,Business,4,House,4665,5.57,Avoid Loan
58,649641,29083,2017398,No,0,526,Beginner,Medium,4,Salaried,2,Retirement,25053,0.0,Avoid Loan
27,2626629,130212,1625518,No,0,844,Intermediate,Low,0,Business,11,House,88673,0.0,Invest
47,2696732,184569,1086409,Yes,2452567,846,Intermediate,Medium,1,Salaried,1,Retirement,40158,0.91,Avoid Loan
53,601230,43873,1488991,Yes,1960480,497,Intermediate,Low,1,Self-Employed,8,Retirement,6229,3.26,Avoid Loan
56,1191460,41508,2431646,Yes,1320714,683,Intermediate,High,0,Business,7,House,57780,1.11,Avoid Loan
56,1702553,26948,1189282,No,0,361,Intermediate,High,2,Self-Employed,10,House,114931,0.0,Avoid Loan
52,931687,48175,1323348,No,0,509,Expert,Medium,2,Business,10,Wealth Creation,29465,0.0,Avoid Loan
36,1305473,32089,720100,No,0,428,Expert,Low,3,Business,1,Education,76700,0.0,Avoid Loan
38,1673739,63348,294313,Yes,2117985,491,Expert,Low,3,Business,12,Education,76130,1.27,Avoid Loan
32,2914607,51785,140441,No,0,391,Beginner,Low,1,Business,2,House,191098,0.0,Avoid Loan
48,2132687,76794,2071016,No,0,545,Expert,Medium,2,Salaried,8,Wealth Creation,100929,0.0,Avoid Loan
40,1178005,45392,1091611,No,0,541,Beginner,High,5,Business,11,Retirement,52775,0.0,Avoid Loan
32,2103423,24033,841374,No,0,539,Intermediate,Low,3,Self-Employed,4,House,151252,0.0,Avoid Loan
39,2179410,71764,1691971,Yes,1607875,534,Intermediate,Low,2,Business,0,House,109853,0.74,Avoid Loan
55,2066890,89234,2200544,No,0,825,Beginner,Low,4,Self-Employed,10,Education,83006,0.0,Invest
26,2258069,30306,1177929,No,0,369,Intermediate,High,2,Salaried,5,Wealth Creation,157866,0.0,Avoid Loan
33,1212158,37660,1070359,Yes,844612,783,Intermediate,Medium,1,Business,0,Retirement,63353,0.7,Avoid Loan
49,2662622,54128,1699061,No,0,800,Intermediate,Low,0,Business,0,Education,167757,0.0,Save
31,1006263,51880,1523079,No,0,575,Intermediate,High,2,Self-Employed,1,Retirement,31975,0.0,Avoid Loan
60,2440176,146964,1734059,No,0,429,Intermediate,High,1,Business,6,Retirement,56384,0.0,Avoid Loan
31,2981081,202446,164986,Yes,1190475,435,Beginner,Low,4,Self-Employed,10,Education,45977,0.4,Avoid Loan
47,1650696,95601,1748010,No,0,827,Beginner,High,0,Self-Employed,10,House,41957,0.0,Invest
41,1758059,85874,2460144,No,0,408,Beginner,Low,4,Salaried,10,Wealth Creation,60630,0.0,Avoid Loan
43,432792,29260,2222895,No,0,766,Intermediate,Low,2,Business,8,Education,6806,0.0,Save
23,2077679,113391,2406269,No,0,770,Expert,Medium,4,Self-Employed,5,House,59748,0.0,Save
51,1790705,24138,1663130,No,0,864,Intermediate,Medium,4,Self-Employed,11,Retirement,125087,0.0,Invest
51,561982,28466,1617340,No,0,655,Intermediate,High,3,Self-Employed,8,House,18365,0.0,Save
45,1183258,88351,2169411,Yes,959208,755,Expert,Medium,5,Self-Employed,12,Wealth Creation,10253,0.81,Avoid Loan
25,2657107,122478,1481312,Yes,1027050,879,Beginner,Medium,1,Business,12,House,98947,0.39,Save
59,879901,33393,1031984,Yes,364740,595,Beginner,Medium,5,Salaried,9,Wealth Creation,39932,0.41,Avoid Loan
41,879951,29504,193313,No,0,482,Expert,Low,2,Self-Employed,8,Wealth Creation,43825,0.0,Avoid Loan
34,1614105,76733,1079802,Yes,170036,651,Expert,Low,1,Self-Employed,6,Education,57775,0.11,Save
49,580373,17570,1380786,No,0,552,Intermediate,Low,0,Salaried,3,House,30794,0.0,Avoid Loan
22,1198700,87599,100833,Yes,427870,461,Intermediate,High,2,Self-Employed,9,House,12292,0.36,Avoid Loan
21,2297875,132172,1036573,No,0,550,Beginner,Medium,1,Salaried,1,Wealth Creation,59317,0.0,Avoid Loan
42,1714239,39458,479680,No,0,556,Beginner,High,2,Business,10,House,103395,0.0,Avoid Loan
41,1852321,92385,683508,No,0,556,Beginner,High,2,Salaried,4,Education,61975,0.0,Avoid Loan
56,480647,23783,469280,No,0,781,Beginner,Low,5,Self-Employed,12,Wealth Creation,16270,0.0,Save
22,1392690,90611,874177,Yes,59274,877,Expert,Medium,4,Salaried,8,Education,25446,0.04,Invest
53,2161049,127087,154214,No,0,518,Beginner,Medium,1,Salaried,11,House,53000,0.0,Avoid Loan
35,2198518,145201,370895,No,0,662,Beginner,High,0,Self-Employed,9,Wealth Creation,38008,0.0,Save
23,463564,33562,113039,No,0,463,Beginner,High,2,Salaried,10,Wealth Creation,5068,0.0,Avoid Loan
21,1200025,16020,803286,No,0,662,Beginner,Medium,1,Salaried,6,Retirement,83982,0.0,Save
29,2695005,98366,2332443,No,0,350,Intermediate,Low,4,Salaried,10,Wealth Creation,126217,0.0,Avoid Loan
23,339524,15145,1540233,Yes,1754554,432,Beginner,Low,4,Self-Employed,11,Retirement,13148,5.17,Avoid Loan
46,826348,56479,1931874,No,0,548,Beginner,High,3,Salaried,5,Wealth Creation,12383,0.0,Avoid Loan
40,1270974,27910,1601176,No,0,551,Expert,Medium,4,Salaried,0,House,78004,0.0,Avoid Loan
36,952370,22815,1886197,No,0,547,Beginner,Low,1,Salaried,8,Education,56549,0.0,Avoid Loan
25,1695105,61491,2231984,No,0,436,Intermediate,High,0,Self-Employed,3,Wealth Creation,79767,0.0,Avoid Loan
23,1052276,49164,1383017,Yes,2470489,390,Intermediate,Low,1,Salaried,4,Education,38525,2.35,Avoid Loan
53,2724845,102026,2148119,Yes,2250043,678,Intermediate,Medium,4,Self-Employed,9,Retirement,125044,0.83,Avoid Loan
52,2828302,109011,1881808,No,0,595,Intermediate,Low,2,Self-Employed,4,Wealth Creation,126680,0.0,Avoid Loan
25,1543672,89880,1370632,No,0,603,Beginner,Low,3,Salaried,3,Education,38759,0.0,Save
53,1023117,33729,1657395,No,0,863,Beginner,Low,0,Business,0,House,51530,0.0,Save
48,2658643,24009,1235597,No,0,677,Intermediate,Medium,1,Self-Employed,12,House,197544,0.0,Save
51,1714097,104614,682893,Yes,1231106,582,Beginner,Low,4,Self-Employed,11,Wealth Creation,38227,0.72,Avoid Loan
58,1590450,98978,371404,Yes,2445553,691,Beginner,Medium,3,Self-Employed,11,Retirement,33559,1.54,Avoid Loan
56,2772744,148428,1941104,No,0,762,Beginner,Low,2,Business,10,Education,82634,0.0,Invest
59,927893,55988,909260,No,0,621,Intermediate,Low,4,Business,6,Wealth Creation,21336,0.0,Save
28,1236377,63283,203247,Yes,377731,433,Intermediate,Low,1,Self-Employed,3,House,39748,0.31,Avoid Loan
31,1791445,48403,2429671,No,0,890,Intermediate,High,5,Business,1,Retirement,100884,0.0,Save
40,1107062,74349,1004728,No,0,475,Expert,High,4,Salaried,9,Wealth Creation,17906,0.0,Avoid Loan
24,1668472,82855,255043,No,0,357,Beginner,Medium,1,Self-Employed,11,Wealth Creation,56184,0.0,Avoid Loan
39,1396799,38861,2350357,No,0,415,Beginner,High,0,Self-Employed,0,House,77538,0.0,Avoid Loan
49,2914418,70532,813301,Yes,939159,395,Beginner,Medium,4,Business,10,Retirement,172336,0.32,Avoid Loan
60,2836127,165455,2236963,Yes,1108698,887,Beginner,Medium,2,Self-Employed,1,Retirement,70888,0.39,Save
60,879960,42191,2125341,Yes,64243,772,Beginner,Medium,3,Business,7,Retirement,31139,0.07,Invest
33,573256,16868,476404,No,0,351,Beginner,Low,4,Salaried,1,Retirement,30903,0.0,Avoid Loan
47,524072,38441,1182968,No,0,553,Intermediate,Medium,4,Self-Employed,1,Retirement,5231,0.0,Avoid Loan
60,1316320,42325,2212202,No,0,442,Beginner,Low,2,Self-Employed,8,Wealth Creation,67368,0.0,Avoid Loan
34,2790936,115981,2336373,No,0,731,Expert,Medium,2,Salaried,5,Retirement,116597,0.0,Save
21,2530394,98101,1961277,No,0,715,Expert,Medium,4,Self-Employed,11,Retirement,112765,0.0,Save
21,2496374,165297,1735748,Yes,2177873,405,Intermediate,Medium,1,Self-Employed,4,Retirement,42734,0.87,Avoid Loan
52,1412348,38243,876904,Yes,1198807,460,Intermediate,Medium,4,Salaried,3,House,79452,0.85,Avoid Loan
25,1815631,51127,2123847,No,0,765,Intermediate,High,3,Business,4,Education,100175,0.0,Save
22,2308295,35672,1398133,No,0,388,Beginner,Low,3,Salaried,5,House,156685,0.0,Avoid Loan
35,1461621,15724,223109,No,0,819,Beginner,Low,4,Business,5,Wealth Creation,106077,0.0,Save
39,782381,23757,1599217,No,0,804,Expert,Low,1,Self-Employed,4,Education,41441,0.0,Save
34,850647,30558,1829666,No,0,604,Intermediate,Low,0,Business,7,Education,40329,0.0,Save
31,2209992,29274,171435,No,0,747,Expert,Low,4,Salaried,7,Education,154892,0.0,Save
28,1237091,88262,822319,No,0,618,Intermediate,Low,1,Salaried,9,Retirement,14828,0.0,Save
39,2947125,201259,658812,Yes,2322305,396,Beginner,Low,4,Self-Employed,8,House,44334,0.79,Avoid Loan
57,622535,42513,1614511,No,0,540,Expert,Medium,3,Business,11,Retirement,9364,0.0,Avoid Loan
30,1188174,40912,715394,Yes,1374913,779,Expert,Medium,1,Self-Employed,11,Retirement,58102,1.16,Avoid Loan
21,2009773,97934,1930098,No,0,779,Beginner,Medium,1,Business,1,House,69547,0.0,Save
39,433682,19533,609374,Yes,865713,669,Expert,Medium,3,Self-Employed,4,Retirement,16607,2.0,Avoid Loan
60,2306476,104662,1928446,No,0,525,Beginner,High,2,Business,3,House,87544,0.0,Avoid Loan
30,1163824,38387,266066,Yes,1394687,392,Beginner,Medium,3,Self-Employed,7,Wealth Creation,58598,1.2,Avoid Loan
49,1854203,62133,2397877,No,0,636,Expert,Medium,1,Self-Employed,10,Wealth Creation,92383,0.0,Save
35,564530,24180,2436131,No,0,835,Beginner,Low,4,Self-Employed,0,Education,22864,0.0,Save
57,1019065,67698,1908187,No,0,888,Expert,Medium,4,Salaried,3,Wealth Creation,17224,0.0,Save
29,1150918,30722,72814,Yes,1950701,369,Intermediate,Low,4,Salaried,7,Wealth Creation,65187,1.69,Avoid Loan
45,2352237,16064,2477325,Yes,1252112,473,Intermediate,Medium,5,Salaried,2,Wealth Creation,179955,0.53,Avoid Loan
43,413509,19026,475610,No,0,817,Beginner,Medium,2,Business,11,Wealth Creation,15433,0.0,Save
29,1742376,104667,583251,No,0,496,Beginner,Medium,3,Business,3,Wealth Creation,40531,0.0,Avoid Loan
41,1257037,64767,245118,Yes,797717,893,Beginner,Medium,2,Business,3,Education,39986,0.63,Avoid Loan
55,1929684,19533,2066961,Yes,1308011,482,Beginner,Medium,3,Self-Employed,8,House,141274,0.68,Avoid Loan
56,513376,36771,1004207,Yes,1385312,678,Beginner,Low,3,Salaried,3,Retirement,6010,2.7,Avoid Loan
57,525055,28531,1040382,Yes,649639,593,Beginner,Medium,4,Self-Employed,10,Retirement,15223,1.24,Avoid Loan
56,1654568,53972,2310363,Yes,2475225,854,Beginner,High,0,Self-Employed,6,Education,83908,1.5,Avoid Loan
44,885908,19184,1227872,Yes,861449,802,Beginner,High,4,Salaried,1,Wealth Creation,54641,0.97,Avoid Loan
59,940150,39387,1512241,No,0,433,Intermediate,Medium,0,Self-Employed,1,Education,38958,0.0,Avoid Loan
56,2695297,165685,1193990,Yes,780705,351,Intermediate,Medium,4,Business,2,Education,58923,0.29,Avoid Loan
26,2340480,144177,873899,No,0,716,Beginner,High,0,Salaried,9,House,50863,0.0,Save
40,550720,19682,1575593,No,0,885,Intermediate,Medium,0,Self-Employed,11,Retirement,26211,0.0,Invest
57,2307171,123680,2492593,Yes,1697168,487,Expert,Medium,1,Salaried,9,Education,68584,0.74,Avoid Loan
47,2666353,128274,509784,Yes,962532,418,Intermediate,Low,3,Business,7,Retirement,93922,0.36,Avoid Loan
30,2160035,110029,861840,No,0,865,Beginner,Medium,2,Salaried,2,Education,69973,0.0,Save
31,321809,18290,1369858,Yes,620964,600,Expert,Low,4,Business,3,Education,8527,1.93,Avoid Loan
45,1609388,27135,2020754,Yes,927037,737,Beginner,Low,4,Salaried,7,Wealth Creation,106980,0.58,Avoid Loan
36,2194463,24760,113887,Yes,576306,547,Beginner,Low,3,Self-Employed,10,Retirement,158111,0.26,Avoid Loan
29,1396768,16134,315458,Yes,1872500,630,Expert,Low,1,Self-Employed,5,Education,100263,1.34,Avoid Loan
21,2347763,95714,25252,No,0,530,Beginner,High,5,Self-Employed,3,Wealth Creation,99932,0.0,Avoid Loan
33,2099896,157239,923837,No,0,478,Intermediate,Low,5,Self-Employed,5,Retirement,17752,0.0,Avoid Loan
43,888641,35049,1235425,No,0,401,Intermediate,Medium,2,Salaried,9,Retirement,39004,0.0,Avoid Loan
55,1378157,90144,477173,Yes,1631296,625,Intermediate,High,4,Business,8,House,24702,1.18,Avoid Loan
39,1220828,28674,1272433,No,0,746,Beginner,Medium,3,Business,9,House,73061,0.0,Invest
45,2665981,22122,1486933,No,0,429,Intermediate,Medium,0,Business,3,Wealth Creation,200043,0.0,Avoid Loan
35,2207762,165448,1611589,No,0,833,Beginner,Low,5,Salaried,12,House,18532,0.0,Save
38,2887608,204635,1041389,Yes,2124477,399,Expert,Low,4,Self-Employed,1,House,35999,0.74,Avoid Loan
21,2592230,62623,1811994,Yes,1446082,671,Beginner,High,2,Self-Employed,1,Education,153396,0.56,Avoid Loan
32,1823684,44211,507232,Yes,589581,761,Beginner,Low,1,Salaried,9,Education,107762,0.32,Save
56,595473,41696,226220,Yes,2146383,361,Beginner,Low,1,Salaried,5,Wealth Creation,7926,3.6,Avoid Loan
53,618388,36691,954808,Yes,446915,366,Expert,Medium,1,Self-Employed,1,Retirement,14841,0.72,Avoid Loan
22,1301783,20625,302859,No,0,457,Expert,High,0,Salaried,11,Retirement,87856,0.0,Avoid Loan
28,1860709,90995,1673014,No,0,820,Beginner,Low,3,Salaried,3,Retirement,64064,0.0,Save
60,370224,25429,1948561,Yes,1668574,492,Intermediate,Low,4,Salaried,5,House,5423,4.51,Avoid Loan
36,1043259,70471,1968461,No,0,545,Intermediate,High,3,Self-Employed,9,Wealth Creation,16467,0.0,Avoid Loan
38,2054110,29925,739613,Yes,438748,610,Intermediate,Low,1,Business,11,House,141250,0.21,Save
54,1085183,17049,462051,Yes,1355797,415,Beginner,Medium,3,Salaried,6,Retirement,73382,1.25,Avoid Loan
57,2605085,82968,542156,No,0,443,Beginner,High,3,Self-Employed,12,Retirement,134122,0.0,Avoid Loan
56,1110635,55302,527030,Yes,2083752,831,Intermediate,Medium,1,Salaried,2,Education,37250,1.88,Avoid Loan
21,1733289,122696,552375,Yes,593654,585,Expert,Medium,4,Business,1,House,21744,0.34,Avoid Loan
40,1935760,68925,1711977,No,0,434,Intermediate,Low,1,Self-Employed,8,House,92388,0.0,Avoid Loan
50,2038538,42856,1872955,Yes,2368139,360,Intermediate,Medium,2,Self-Employed,12,Education,127022,1.16,Avoid Loan
51,2571500,69872,790808,No,0,721,Beginner,High,1,Self-Employed,9,Education,144419,0.0,Invest
41,2224025,129353,1685422,Yes,2186831,893,Beginner,High,4,Salaried,7,Wealth Creation,55982,0.98,Avoid Loan
47,758225,19754,460825,No,0,529,Intermediate,Low,0,Self-Employed,7,Education,43431,0.0,Avoid Loan
60,405142,15832,2080813,Yes,2308345,742,Beginner,Medium,3,Self-Employed,6,Retirement,17929,5.7,Avoid Loan
37,541195,20709,1872648,Yes,1787913,552,Beginner,High,1,Salaried,11,House,24390,3.3,Avoid Loan
48,341041,24286,744800,No,0,672,Beginner,High,4,Salaried,0,Education,4134,0.0,Save
49,1693831,57961,139391,Yes,1698871,642,Intermediate,Low,3,Salaried,3,Retirement,83191,1.0,Avoid Loan
30,2766915,132819,1497112,Yes,1597945,519,Beginner,Medium,0,Business,0,Retirement,97757,0.58,Avoid Loan
29,2987777,33913,1781672,Yes,1568286,780,Beginner,Medium,4,Self-Employed,10,Retirement,215068,0.52,Avoid Loan
27,425364,21590,1938561,No,0,885,Expert,Medium,2,Salaried,1,House,13857,0.0,Save
43,669189,42087,697150,Yes,250624,823,Intermediate,Medium,2,Business,3,Education,13678,0.37,Save
52,2682871,91189,908708,Yes,149490,604,Intermediate,Medium,5,Self-Employed,6,Retirement,132383,0.06,Save
32,2067452,115674,2159514,No,0,535,Intermediate,High,1,Salaried,2,Retirement,56613,0.0,Avoid Loan
29,577362,25764,1482422,Yes,983110,688,Beginner,High,5,Self-Employed,9,Wealth Creation,22349,1.7,Avoid Loan
57,960545,41631,1585780,Yes,1886252,505,Intermediate,High,0,Business,7,Retirement,38414,1.96,Avoid Loan
30,1713555,94265,2473967,Yes,1286473,474,Intermediate,Medium,4,Business,1,Education,48531,0.75,Avoid Loan
23,973555,47027,1304264,No,0,799,Intermediate,Medium,2,Business,4,Wealth Creation,34102,0.0,Save
48,540360,15268,1676057,Yes,1313147,585,Expert,Medium,0,Business,6,Education,29762,2.43,Avoid Loan
42,880038,48113,881674,No,0,793,Expert,Low,1,Self-Employed,1,Education,25223,0.0,Save
54,2198819,113939,870906,Yes,2081283,451,Beginner,High,2,Salaried,11,House,69295,0.95,Avoid Loan
22,1389872,54066,481047,No,0,762,Expert,High,4,Self-Employed,2,House,61756,0.0,Save
50,1076082,42719,806547,Yes,1401326,899,Expert,Low,0,Business,7,House,46954,1.3,Avoid Loan
26,2736305,147124,2083802,Yes,2196779,689,Beginner,Medium,3,Salaried,12,Wealth Creation,80901,0.8,Avoid Loan
31,1756707,43795,1171985,Yes,1798751,495,Beginner,Low,3,Salaried,1,Education,102597,1.02,Avoid Loan
45,2506271,35553,1861421,Yes,1714543,576,Beginner,Low,1,Self-Employed,2,Wealth Creation,173302,0.68,Avoid Loan
28,617624,34023,127244,Yes,2048734,678,Intermediate,High,2,Self-Employed,9,House,17445,3.32,Avoid Loan
27,1236952,43476,1360118,No,0,869,Expert,High,1,Self-Employed,7,Education,59603,0.0,Invest
43,361054,20898,1892492,No,0,363,Intermediate,Low,1,Salaried,11,House,9189,0.0,Avoid Loan
24,1216163,41275,1715468,Yes,1723473,455,Beginner,High,4,Business,8,House,60071,1.42,Avoid Loan
34,1342389,43279,219595,Yes,359866,535,Intermediate,High,2,Self-Employed,0,Wealth Creation,68586,0.27,Avoid Loan
21,1130538,45694,1118146,No,0,869,Beginner,Low,4,Business,12,Retirement,48517,0.0,Invest
53,451411,31785,1332009,Yes,2128178,900,Beginner,Medium,5,Self-Employed,0,House,5832,4.71,Avoid Loan
49,2828759,62182,630431,No,0,622,Expert,High,1,Self-Employed,9,Wealth Creation,173547,0.0,Save
52,2495528,181384,370621,No,0,706,Beginner,Medium,5,Salaried,6,Retirement,26576,0.0,Save
33,2607733,107454,1808931,Yes,254758,729,Intermediate,Low,4,Salaried,9,Education,109857,0.1,Invest
36,1792977,97493,1710792,No,0,668,Expert,Medium,3,Self-Employed,0,Education,51921,0.0,Save
43,2813391,200906,2334704,Yes,1560352,887,Beginner,Medium,2,Salaried,0,House,33543,0.55,Avoid Loan
21,1631912,78157,1106123,Yes,758514,741,Beginner,Medium,4,Salaried,1,House,57835,0.46,Avoid Loan
49,1114818,74744,2006499,No,0,419,Beginner,Medium,4,Self-Employed,12,Education,18157,0.0,Avoid Loan
59,538570,28346,2219796,Yes,1086814,445,Intermediate,High,3,Business,4,House,16534,2.02,Avoid Loan
58,557999,30008,1146040,Yes,987323,434,Intermediate,Medium,1,Salaried,9,Education,16491,1.77,Avoid Loan
47,2157004,127809,1230111,Yes,190236,712,Intermediate,Medium,1,Business,3,Wealth Creation,51941,0.09,Save
56,397334,25980,2335183,No,0,791,Intermediate,Medium,4,Business,11,Retirement,7131,0.0,Save
40,2808397,169693,1917954,No,0,430,Beginner,Low,5,Business,11,House,64340,0.0,Avoid Loan
50,1197470,59809,178715,No,0,892,Intermediate,Medium,3,Salaried,8,House,39980,0.0,Save
32,2179064,88061,1313260,No,0,400,Intermediate,Medium,0,Business,7,Wealth Creation,93527,0.0,Avoid Loan
43,2705004,16680,2372004,Yes,1857727,451,Beginner,Low,0,Salaried,2,Wealth Creation,208737,0.69,Avoid Loan
42,1136287,64333,1222615,No,0,786,Beginner,Medium,4,Business,4,Wealth Creation,30357,0.0,Save
57,2187132,30167,2018033,Yes,919766,373,Beginner,High,3,Business,0,Retirement,152094,0.42,Avoid Loan
56,1640027,42521,630981,Yes,377912,461,Expert,High,3,Self-Employed,3,Education,94147,0.23,Avoid Loan
59,1960149,140447,301392,Yes,341176,806,Expert,High,0,Business,6,Education,22898,0.17,Save
58,1055696,17153,1448744,Yes,1526429,436,Expert,Low,5,Self-Employed,12,Retirement,70821,1.45,Avoid Loan
50,1648140,81849,963530,Yes,2131957,370,Beginner,Medium,1,Self-Employed,9,Retirement,55496,1.29,Avoid Loan
58,621248,33360,2336168,No,0,674,Intermediate,Low,1,Self-Employed,0,Education,18410,0.0,Save
51,2590468,135886,1481289,Yes,1688614,795,Beginner,High,2,Self-Employed,12,House,79986,0.65,Avoid Loan
57,1661942,59434,375641,No,0,375,Beginner,Medium,5,Business,3,Wealth Creation,79061,0.0,Avoid Loan
24,2656457,53989,2307615,No,0,540,Expert,Medium,4,Self-Employed,0,House,167382,0.0,Avoid Loan
44,415956,17332,1659408,No,0,560,Expert,High,1,Self-Employed,6,House,17331,0.0,Avoid Loan
24,607877,16826,874742,No,0,752,Beginner,Medium,3,Business,7,House,33830,0.0,Invest
49,1183431,62064,1398132,No,0,760,Intermediate,Medium,4,Business,6,Wealth Creation,36555,0.0,Invest
55,2533648,154017,934375,No,0,806,Beginner,Low,3,Business,1,Education,57120,0.0,Save
23,1706183,53723,1706804,Yes,1342097,491,Beginner,Medium,5,Salaried,5,House,88458,0.79,Avoid Loan
34,2855407,34733,691940,No,0,719,Expert,Low,3,Business,5,House,203217,0.0,Save
24,1176320,45802,1987963,Yes,600512,564,Intermediate,Low,3,Business,0,House,52224,0.51,Avoid Loan
32,2914792,30577,63518,Yes,2298486,738,Beginner,Medium,5,Salaried,5,Retirement,212322,0.79,Avoid Loan
55,2960940,19634,2359384,No,0,731,Beginner,Medium,3,Self-Employed,12,Education,227111,0.0,Invest
39,2840775,148687,1557662,Yes,2013527,868,Intermediate,Medium,2,Business,12,House,88044,0.71,Avoid Loan
42,312263,17408,1723703,No,0,801,Beginner,High,4,Salaried,11,Retirement,8613,0.0,Save
32,2422884,180657,305759,No,0,778,Beginner,Medium,5,Self-Employed,5,Wealth Creation,21250,0.0,Save
60,261763,16248,852030,Yes,1448206,622,Intermediate,High,1,Self-Employed,8,Wealth Creation,5565,5.53,Avoid Loan
47,2502276,61616,1095132,Yes,122965,644,Beginner,Medium,5,Salaried,4,Education,146907,0.05,Save
22,1032952,31283,1453983,No,0,894,Intermediate,Medium,4,Salaried,11,Retirement,54796,0.0,Invest
36,1669870,17746,1157060,Yes,2284498,489,Intermediate,High,4,Business,12,House,121409,1.37,Avoid Loan
55,1754296,119867,2236108,Yes,1590073,494,Beginner,Low,2,Salaried,5,Education,26324,0.91,Avoid Loan
50,310661,15709,1643833,Yes,1072997,674,Beginner,Low,1,Salaried,3,Retirement,10179,3.45,Avoid Loan
27,2903788,157406,2495784,No,0,797,Beginner,Low,4,Salaried,12,Education,84576,0.0,Invest
22,1813314,93958,23787,Yes,150757,545,Beginner,Medium,2,Business,4,Wealth Creation,57151,0.08,Avoid Loan
31,1875052,101631,1162041,Yes,152470,818,Expert,Medium,4,Salaried,3,Retirement,54623,0.08,Save
23,862064,15284,2434905,Yes,882013,609,Intermediate,Medium,1,Self-Employed,12,Retirement,56554,1.02,Avoid Loan
60,1346549,17354,1638718,No,0,890,Beginner,Medium,0,Self-Employed,8,Education,94858,0.0,Invest
55,267913,18386,123194,Yes,645450,628,Expert,Low,3,Self-Employed,8,Education,3940,2.41,Avoid Loan
22,1838608,18494,895645,No,0,507,Expert,Low,4,Salaried,10,Wealth Creation,134723,0.0,Avoid Loan
24,2849081,79181,1775413,No,0,871,Beginner,Low,2,Self-Employed,9,Wealth Creation,158242,0.0,Invest
57,1108741,15637,2042071,No,0,780,Beginner,High,3,Business,4,Education,76758,0.0,Save
53,640455,43583,1342673,No,0,407,Beginner,High,5,Business,12,Wealth Creation,9788,0.0,Avoid Loan
45,2346672,106643,23053,Yes,254530,362,Intermediate,Low,0,Business,4,House,88913,0.11,Avoid Loan
28,1090349,52332,459383,Yes,1378183,684,Beginner,Medium,0,Self-Employed,6,Wealth Creation,38530,1.26,Avoid Loan
59,980137,42811,1077818,No,0,868,Intermediate,Medium,0,Self-Employed,3,House,38867,0.0,Save
28,2681730,170298,21232,Yes,757847,851,Expert,High,4,Salaried,2,Retirement,53179,0.28,Avoid Loan
38,1654018,54203,1304254,Yes,1119640,691,Expert,High,4,Business,1,Wealth Creation,83631,0.68,Avoid Loan
31,1485031,89883,1404713,No,0,888,Beginner,Low,3,Self-Employed,0,Retirement,33869,0.0,Save
36,834877,62115,1343485,Yes,2041380,894,Intermediate,High,3,Self-Employed,1,Retirement,7458,2.45,Avoid Loan
29,992171,48634,804147,Yes,1023446,860,Intermediate,Medium,2,Self-Employed,11,House,34046,1.03,Avoid Loan
27,1797814,18044,506688,Yes,2254411,364,Beginner,High,2,Salaried,10,Wealth Creation,131773,1.25,Avoid Loan
28,2995177,169566,1155761,No,0,899,Expert,Low,3,Business,6,Retirement,80032,0.0,Invest
23,1547690,92149,700626,No,0,879,Intermediate,Medium,1,Self-Employed,6,Education,36825,0.0,Invest
52,2178775,67601,297414,No,0,402,Beginner,Low,0,Salaried,2,Retirement,113963,0.0,Avoid Loan
41,2234394,138771,1773492,No,0,402,Intermediate,High,0,Self-Employed,0,Retirement,47428,0.0,Avoid Loan
40,2308062,155347,750537,Yes,2200891,825,Intermediate,High,1,Self-Employed,9,Wealth Creation,36991,0.95,Avoid Loan
53,740600,20638,2322137,No,0,397,Expert,High,5,Business,4,Retirement,41078,0.0,Avoid Loan
59,1586421,84509,2281006,Yes,2182505,678,Beginner,High,4,Business,10,Education,47692,1.38,Avoid Loan
58,1750510,61266,344686,No,0,469,Intermediate,Low,4,Business,2,Retirement,84609,0.0,Avoid Loan
56,428746,16099,1776546,No,0,461,Expert,Low,3,Self-Employed,11,Retirement,19629,0.0,Avoid Loan
32,2157758,159899,2437592,Yes,230418,371,Beginner,High,2,Salaried,8,House,19914,0.11,Avoid Loan
29,953099,54509,1709722,No,0,450,Expert,Low,3,Salaried,7,Retirement,24915,0.0,Avoid Loan
42,1205155,35327,148671,No,0,532,Beginner,Medium,5,Business,5,Education,65102,0.0,Avoid Loan
54,2238940,128871,2374168,No,0,784,Intermediate,Medium,1,Salaried,5,Retirement,57707,0.0,Save
30,2666103,153863,2185675,No,0,622,Beginner,Medium,2,Business,12,Retirement,68312,0.0,Save
56,2678856,34566,278195,Yes,439421,765,Beginner,Medium,1,Business,4,House,188672,0.16,Save
43,696164,19759,1532072,Yes,1010438,509,Beginner,Low,1,Business,11,Retirement,38254,1.45,Avoid Loan
43,1222286,62234,756143,Yes,860223,823,Intermediate,High,0,Self-Employed,8,House,39623,0.7,Avoid Loan
54,2311463,113471,2214726,No,0,875,Expert,Medium,1,Self-Employed,10,Retirement,79150,0.0,Invest
30,1873459,123057,2199919,Yes,766316,848,Beginner,High,5,Business,10,Wealth Creation,33064,0.41,Save
48,676132,28787,1829242,Yes,1046386,683,Intermediate,Medium,4,Self-Employed,0,Education,27557,1.55,Avoid Loan
48,537121,20328,2424089,Yes,2164163,848,Intermediate,Medium,4,Business,6,Education,24432,4.03,Avoid Loan
40,1770257,41299,286933,Yes,1813539,434,Beginner,High,5,Salaried,2,Education,106222,1.02,Avoid Loan
22,1124676,47162,1595566,Yes,928341,678,Expert,Low,4,Salaried,7,House,46561,0.83,Avoid Loan
35,2246778,114638,264292,Yes,331714,756,Beginner,Medium,3,Self-Employed,6,House,72593,0.15,Save
49,1127919,38221,1807345,No,0,537,Beginner,Medium,5,Salaried,1,Wealth Creation,55772,0.0,Avoid Loan
38,2341311,94792,1992317,Yes,540012,481,Expert,Low,0,Business,5,Retirement,100317,0.23,Avoid Loan
53,836276,53213,2106876,No,0,793,Intermediate,High,2,Business,9,Wealth Creation,16476,0.0,Save
47,1575390,80490,948027,No,0,564,Intermediate,Medium,0,Business,4,Education,50792,0.0,Avoid Loan
36,2136445,118252,858317,No,0,521,Beginner,Low,5,Business,0,House,59785,0.0,Avoid Loan
55,2256546,33593,1983248,Yes,987865,576,Beginner,Low,1,Business,6,House,154452,0.44,Avoid Loan
24,737096,19473,1034562,No,0,456,Expert,Low,1,Business,1,Retirement,41951,0.0,Avoid Loan
59,2123454,154784,1928138,Yes,1953667,486,Beginner,Medium,4,Business,5,House,22170,0.92,Avoid Loan
26,430554,28711,1317129,No,0,395,Expert,High,3,Self-Employed,5,Education,7168,0.0,Avoid Loan
46,2583115,146637,536311,No,0,489,Intermediate,Low,3,Business,7,Retirement,68622,0.0,Avoid Loan
50,2508242,109224,1704491,Yes,1584451,767,Expert,Low,2,Salaried,9,Retirement,99796,0.63,Avoid Loan
57,584580,21588,768058,No,0,442,Expert,Medium,1,Salaried,10,Wealth Creation,27127,0.0,Avoid Loan
43,356484,20975,2295868,Yes,258456,784,Intermediate,Medium,3,Business,6,Retirement,8732,0.73,Avoid Loan
47,1674603,56264,2368506,Yes,1302930,549,Expert,Low,5,Self-Employed,5,House,83286,0.78,Avoid Loan
49,2122193,128906,285164,No,0,507,Expert,Low,0,Salaried,8,Wealth Creation,47943,0.0,Avoid Loan
33,740147,38012,388999,No,0,849,Beginner,Low,5,Business,1,Wealth Creation,23666,0.0,Save
24,1188209,80448,2054151,No,0,597,Intermediate,Low,0,Self-Employed,8,Wealth Creation,18569,0.0,Avoid Loan
53,2599243,183650,1444525,Yes,1459902,739,Beginner,Medium,0,Salaried,6,Wealth Creation,32953,0.56,Avoid Loan
55,1743759,101508,28713,No,0,377,Expert,High,2,Business,10,Education,43805,0.0,Avoid Loan
51,1079572,25037,2326530,No,0,625,Expert,Medium,1,Salaried,6,Retirement,64927,0.0,Save
29,2487453,34223,145644,Yes,2205057,867,Intermediate,Medium,3,Self-Employed,5,House,173064,0.89,Avoid Loan
55,1136467,84144,665719,No,0,699,Beginner,High,0,Salaried,1,House,10561,0.0,Save
25,1312851,16706,590857,No,0,713,Beginner,High,0,Self-Employed,12,Retirement,92698,0.0,Save
33,516803,16838,1505312,No,0,378,Beginner,Low,3,Business,6,House,26228,0.0,Avoid Loan
27,541643,21758,638483,No,0,375,Beginner,Medium,2,Business,10,Retirement,23378,0.0,Avoid Loan
39,2973444,42887,447630,Yes,897841,486,Beginner,Medium,5,Business,2,Wealth Creation,204900,0.3,Avoid Loan
39,2844754,67734,1596942,No,0,440,Intermediate,Medium,3,Business,5,Retirement,169328,0.0,Avoid Loan
56,1600587,27835,1521905,No,0,397,Expert,Low,1,Salaried,3,House,105547,0.0,Avoid Loan
25,2583110,52678,2304860,Yes,1788410,805,Intermediate,Medium,4,Salaried,9,Wealth Creation,162581,0.69,Avoid Loan
41,1448546,50889,1346508,No,0,617,Expert,Medium,0,Salaried,9,House,69823,0.0,Save
41,2144804,74096,635216,Yes,1153782,867,Beginner,Low,1,Business,3,Education,104637,0.54,Avoid Loan
27,661025,41935,1862149,No,0,364,Intermediate,Low,3,Salaried,10,Wealth Creation,13150,0.0,Avoid Loan
45,534255,28613,2303140,Yes,2434406,369,Expert,Low,1,Self-Employed,6,Retirement,15908,4.56,Avoid Loan
27,626162,25729,323986,No,0,677,Beginner,High,0,Salaried,7,Education,26451,0.0,Save
24,732355,15666,1427150,No,0,770,Intermediate,Low,1,Business,8,Wealth Creation,45363,0.0,Invest
54,2109568,152283,1923681,No,0,483,Beginner,High,3,Salaried,9,Retirement,23514,0.0,Avoid Loan
50,2036088,127415,865900,Yes,1015718,658,Beginner,Medium,1,Self-Employed,0,Education,42259,0.5,Avoid Loan
40,1634126,39956,2466710,No,0,744,Expert,High,2,Business,6,Wealth Creation,96221,0.0,Invest
55,2911137,173175,814674,Yes,342758,541,Beginner,Medium,3,Self-Employed,5,Wealth Creation,69419,0.12,Avoid Loan
35,1346765,20807,287360,Yes,2161422,691,Intermediate,High,4,Business,8,House,91423,1.6,Avoid Loan
49,2739789,57637,1287080,No,0,719,Expert,Medium,4,Salaried,0,House,170678,0.0,Save
56,1781326,77455,2281189,Yes,1372006,396,Intermediate,Medium,2,Self-Employed,5,Education,70988,0.77,Avoid Loan
23,1027180,34203,668370,Yes,2326808,363,Expert,Low,0,Salaried,10,House,51395,2.27,Avoid Loan
59,2489290,102076,2425456,Yes,975077,512,Beginner,Medium,1,Self-Employed,7,Wealth Creation,105364,0.39,Avoid Loan
57,413406,15264,858835,No,0,536,Beginner,Medium,5,Self-Employed,9,Wealth Creation,19186,0.0,Avoid Loan
27,2555989,95997,1985456,No,0,507,Beginner,Medium,2,Self-Employed,9,House,117002,0.0,Avoid Loan
34,2743452,127943,287862,No,0,603,Beginner,Medium,2,Self-Employed,8,Wealth Creation,100678,0.0,Save
29,1485199,26612,111909,Yes,1265457,581,Beginner,Medium,5,Business,12,House,97154,0.85,Avoid Loan
26,947906,41989,472185,Yes,1190082,555,Beginner,Low,1,Self-Employed,11,Retirement,37003,1.26,Avoid Loan
42,2943525,64654,1671993,No,0,769,Beginner,Low,0,Salaried,8,Education,180639,0.0,Invest
39,1808314,20774,350400,Yes,2225603,890,Beginner,Medium,5,Self-Employed,5,Wealth Creation,129918,1.23,Avoid Loan
32,842663,51456,1116477,No,0,814,Beginner,High,5,Self-Employed,6,House,18765,0.0,Save
48,2007483,71757,2312958,Yes,1224773,477,Beginner,Medium,0,Self-Employed,2,Education,95533,0.61,Avoid Loan
39,2416081,52029,182651,Yes,2412151,779,Beginner,High,1,Self-Employed,12,Education,149311,1.0,Avoid Loan
60,1165901,54063,1739931,Yes,94234,754,Expert,High,0,Self-Employed,9,Retirement,43095,0.08,Invest
43,1076946,31306,161274,No,0,827,Expert,Low,1,Salaried,11,Wealth Creation,58439,0.0,Save
29,2160518,42151,988352,Yes,435242,528,Intermediate,High,4,Salaried,11,Education,137892,0.2,Avoid Loan
49,1950819,109488,29102,No,0,757,Expert,High,1,Business,11,Education,53080,0.0,Avoid Loan
27,1202164,68661,420597,No,0,826,Beginner,High,0,Business,10,Education,31519,0.0,Invest
57,915755,58231,70110,No,0,552,Intermediate,Low,1,Self-Employed,6,House,18081,0.0,Avoid Loan
43,964415,16134,1914988,Yes,771120,578,Intermediate,Medium,2,Business,8,House,64233,0.8,Avoid Loan
50,537325,26035,1877185,Yes,1952305,526,Intermediate,Low,4,Self-Employed,5,Education,18742,3.63,Avoid Loan
36,1721069,84087,1060643,Yes,1870748,443,Beginner,Medium,3,Salaried,8,Education,59335,1.09,Avoid Loan
52,2138218,24146,1457895,Yes,553809,821,Beginner,High,4,Self-Employed,1,House,154038,0.26,Save
25,2103815,106456,2036239,Yes,2193022,859,Beginner,Medium,2,Salaried,7,House,68861,1.04,Avoid Loan
39,452341,15087,2251256,No,0,833,Intermediate,Low,3,Salaried,2,Retirement,22608,0.0,Save
37,692523,33439,1284673,Yes,1792538,701,Intermediate,Medium,3,Salaried,11,House,24271,2.59,Avoid Loan
50,1938855,42557,917756,Yes,2281129,668,Intermediate,High,3,Business,5,Education,119014,1.18,Avoid Loan
39,1092361,57823,1125268,Yes,1602185,541,Beginner,Medium,2,Self-Employed,6,Wealth Creation,33207,1.47,Avoid Loan
58,2134153,42297,1705946,No,0,686,Beginner,Low,3,Salaried,2,Wealth Creation,135549,0.0,Save
21,2875657,207995,1121838,No,0,730,Beginner,Medium,1,Business,6,House,31643,0.0,Invest
46,2168390,40511,358647,Yes,1056297,626,Beginner,Low,5,Salaried,6,Education,140188,0.49,Avoid Loan
48,1957601,64031,1642821,No,0,641,Intermediate,Low,5,Self-Employed,8,Wealth Creation,99102,0.0,Save
50,1163934,51509,878187,No,0,793,Intermediate,Medium,1,Salaried,11,Wealth Creation,45485,0.0,Invest
52,2777008,163896,1018451,No,0,796,Beginner,Medium,1,Business,4,Retirement,67521,0.0,Save
43,2871205,74653,1196257,Yes,2293693,858,Beginner,Medium,5,Salaried,7,Wealth Creation,164614,0.8,Avoid Loan
57,1338839,28725,2101079,Yes,928014,462,Intermediate,Low,4,Self-Employed,3,Retirement,82844,0.69,Avoid Loan
47,1084595,36416,1588946,No,0,642,Beginner,Low,5,Self-Employed,0,Retirement,53966,0.0,Save
40,854304,51994,100872,Yes,2252594,387,Beginner,Medium,0,Business,1,Wealth Creation,19198,2.64,Avoid Loan
48,1254474,40744,968935,No,0,899,Beginner,High,5,Salaried,12,Wealth Creation,63795,0.0,Invest
56,922732,15355,653514,Yes,341312,545,Beginner,High,0,Salaried,0,Education,61539,0.37,Avoid Loan
33,828878,59895,1434606,No,0,373,Intermediate,High,4,Business,6,Retirement,9178,0.0,Avoid Loan
52,2399558,103171,863315,No,0,853,Beginner,Medium,0,Salaried,1,House,96792,0.0,Save
40,2762959,91007,1604803,No,0,690,Beginner,Low,4,Business,6,Education,139239,0.0,Save
57,2825149,178480,1350052,No,0,425,Beginner,High,2,Business,10,House,56949,0.0,Avoid Loan
48,2464571,105241,1249003,No,0,528,Expert,Low,0,Salaried,12,House,100139,0.0,Avoid Loan
44,2505910,150543,1034754,Yes,594980,565,Expert,Medium,3,Salaried,3,Retirement,58282,0.24,Avoid Loan
33,751045,24862,2414571,No,0,483,Beginner,Low,2,Business,2,Wealth Creation,37725,0.0,Avoid Loan
40,853097,35559,792331,Yes,185754,809,Intermediate,Medium,3,Business,3,Wealth Creation,35532,0.22,Save
25,1562685,36830,1493654,No,0,863,Intermediate,Medium,3,Salaried,10,House,93393,0.0,Invest
58,694226,16129,1299425,Yes,413324,561,Expert,High,2,Self-Employed,3,Wealth Creation,41723,0.6,Avoid Loan
30,2842099,128015,119951,No,0,850,Intermediate,Medium,3,Business,0,Education,108826,0.0,Save
40,1852748,62950,221843,No,0,522,Intermediate,Low,5,Business,11,Education,91445,0.0,Avoid Loan
50,2375016,102501,1225980,Yes,966151,350,Expert,Medium,0,Self-Employed,0,Retirement,95417,0.41,Avoid Loan
33,853776,41493,160618,Yes,2486475,724,Intermediate,Low,5,Self-Employed,9,Education,29655,2.91,Avoid Loan
34,568753,21653,983937,No,0,562,Beginner,High,3,Business,9,Wealth Creation,25743,0.0,Avoid Loan
43,2457180,102481,1476425,Yes,1464323,684,Expert,Low,0,Business,3,House,102284,0.6,Avoid Loan
51,2836485,56143,2109358,Yes,1424936,528,Intermediate,High,2,Business,4,Retirement,180230,0.5,Avoid Loan
24,2058621,41210,451362,Yes,562422,371,Expert,Low,1,Self-Employed,6,Wealth Creation,130341,0.27,Avoid Loan
48,624333,20560,2121357,No,0,651,Expert,Low,0,Salaried,8,Retirement,31467,0.0,Save
41,2040927,105948,327749,Yes,1544868,573,Beginner,Medium,1,Business,2,Retirement,64129,0.76,Avoid Loan
46,2952672,169991,1673823,Yes,1330900,483,Beginner,Medium,5,Self-Employed,11,House,76065,0.45,Avoid Loan
27,2995162,94531,447969,Yes,1515381,481,Beginner,Medium,3,Business,5,House,155065,0.51,Avoid Loan
42,875970,30402,1946777,No,0,372,Beginner,Low,1,Salaried,11,House,42595,0.0,Avoid Loan
53,1578989,112860,381951,Yes,2315757,791,Beginner,Low,4,Salaried,5,House,18722,1.47,Avoid Loan
28,1262325,42085,2176035,No,0,584,Beginner,Medium,1,Business,9,Wealth Creation,63108,0.0,Avoid Loan
28,2458879,127500,201466,Yes,2054435,532,Intermediate,Low,3,Business,7,House,77406,0.84,Avoid Loan
45,1288160,38666,1707050,Yes,426137,610,Expert,High,0,Self-Employed,2,Retirement,68680,0.33,Save
22,1618505,102655,1472914,No,0,664,Beginner,Medium,5,Self-Employed,8,Retirement,32220,0.0,Save
32,2786824,16651,869628,No,0,646,Beginner,Low,0,Business,8,House,215584,0.0,Save
60,1747427,88296,171194,No,0,362,Expert,Low,0,Salaried,10,Retirement,57322,0.0,Avoid Loan
56,725411,50380,1568614,Yes,229725,701,Intermediate,Medium,5,Self-Employed,8,Education,10070,0.32,Save
32,718375,29917,1126221,No,0,577,Intermediate,High,3,Salaried,0,Wealth Creation,29947,0.0,Avoid Loan
59,391872,21743,740310,No,0,804,Intermediate,High,0,Self-Employed,7,Education,10913,0.0,Save
55,2887571,93667,2285425,Yes,2087440,837,Expert,Medium,4,Business,11,Retirement,146963,0.72,Avoid Loan
28,1488819,31915,2397251,No,0,652,Intermediate,High,5,Business,1,Wealth Creation,92153,0.0,Save
59,943345,25610,630159,Yes,1374398,670,Intermediate,High,4,Business,6,House,53002,1.46,Avoid Loan
21,2075433,56102,120923,Yes,1323980,367,Beginner,Low,2,Salaried,5,House,116850,0.64,Avoid Loan
49,2386155,162228,716859,No,0,738,Expert,High,1,Salaried,12,House,36618,0.0,Invest
49,1101771,75324,1340185,No,0,658,Intermediate,High,0,Business,1,House,16490,0.0,Save
21,1042454,31265,1996045,No,0,757,Beginner,High,3,Self-Employed,9,Education,55606,0.0,Invest
52,2267286,53787,1634323,Yes,114208,398,Beginner,Medium,3,Salaried,9,Wealth Creation,135153,0.05,Avoid Loan
57,2332773,92223,1575096,Yes,854203,824,Beginner,Low,5,Business,8,Education,102174,0.37,Save
42,1411631,16236,529965,Yes,2230356,526,Expert,High,3,Salaried,11,Education,101399,1.58,Avoid Loan
42,1072169,71436,630445,Yes,1211032,605,Expert,Medium,0,Self-Employed,10,House,17911,1.13,Avoid Loan
59,1043350,70329,2139371,Yes,756115,505,Intermediate,Low,0,Salaried,6,Education,16616,0.72,Avoid Loan
48,369583,18135,1376810,No,0,431,Expert,High,1,Salaried,2,House,12663,0.0,Avoid Loan
34,2669005,168830,1573955,Yes,1246906,790,Beginner,Medium,3,Self-Employed,7,Wealth Creation,53587,0.47,Avoid Loan
22,957861,28228,1735601,No,0,631,Beginner,High,2,Self-Employed,5,Wealth Creation,51593,0.0,Save
25,1880500,39763,762350,No,0,470,Beginner,Medium,3,Salaried,1,House,116945,0.0,Avoid Loan
44,1816185,69742,2260995,No,0,830,Beginner,Medium,2,Business,2,Education,81606,0.0,Save
35,2674044,65269,1517679,Yes,446201,552,Intermediate,Low,0,Self-Employed,10,Wealth Creation,157568,0.17,Avoid Loan
30,1257526,88150,1598290,Yes,1089368,450,Expert,Medium,0,Salaried,3,House,16643,0.87,Avoid Loan
54,1251935,93584,517078,No,0,877,Beginner,Medium,2,Self-Employed,9,House,10743,0.0,Save
32,1362204,81517,275816,No,0,711,Beginner,High,1,Self-Employed,2,Wealth Creation,32000,0.0,Save
57,730353,25508,1111555,Yes,1181856,666,Beginner,Low,3,Salaried,9,Retirement,35354,1.62,Avoid Loan
23,1063526,30094,2469685,No,0,428,Beginner,High,3,Self-Employed,1,House,58533,0.0,Avoid Loan
46,364385,22746,849932,Yes,1789001,862,Intermediate,Medium,2,Business,5,Education,7619,4.91,Avoid Loan
51,565288,38061,678059,Yes,535924,469,Beginner,High,5,Self-Employed,12,House,9046,0.95,Avoid Loan
47,841364,48041,1886481,No,0,780,Intermediate,Low,2,Self-Employed,11,Wealth Creation,22072,0.0,Save
22,2252280,87242,2429609,No,0,844,Intermediate,Medium,5,Self-Employed,6,House,100448,0.0,Invest
32,2978880,216026,778694,No,0,460,Intermediate,High,2,Business,8,Retirement,32214,0.0,Avoid Loan
47,2568556,88331,2434711,Yes,799535,850,Intermediate,Low,1,Self-Employed,2,Education,125715,0.31,Save
50,323712,15079,343231,Yes,2132974,827,Beginner,Medium,2,Salaried,12,Education,11897,6.59,Avoid Loan
46,2120375,125554,2319136,No,0,489,Intermediate,Low,1,Salaried,10,Education,51143,0.0,Avoid Loan
26,1701412,23006,867090,Yes,1672714,856,Beginner,High,4,Salaried,0,Wealth Creation,118778,0.98,Avoid Loan
26,2766507,52035,1968374,No,0,789,Beginner,High,1,Self-Employed,1,Retirement,178507,0.0,Save
37,977334,61059,339496,Yes,1775417,491,Intermediate,Low,1,Business,6,Education,20385,1.82,Avoid Loan
55,2635273,100703,1793677,Yes,736473,705,Expert,Medium,2,Salaried,11,Wealth Creation,118903,0.28,Save
21,698322,17468,1887041,Yes,2416955,602,Intermediate,High,5,Business,10,Wealth Creation,40725,3.46,Avoid Loan
34,327551,15856,2081764,No,0,867,Expert,Low,4,Business,2,Education,11439,0.0,Save
30,424535,19597,922437,No,0,670,Beginner,Low,3,Business,2,Education,15780,0.0,Save
41,1481664,57355,445929,Yes,2144928,570,Intermediate,Low,4,Self-Employed,1,Retirement,66117,1.45,Avoid Loan
49,2003881,85887,2159095,No,0,890,Beginner,Low,3,Business,10,Retirement,81103,0.0,Invest
60,840756,22713,1923807,Yes,268076,865,Intermediate,High,1,Self-Employed,4,Retirement,47350,0.32,Save
46,2142684,121821,1009416,Yes,1513954,851,Intermediate,Medium,1,Business,6,Retirement,56736,0.71,Avoid Loan
50,1706038,75945,923168,No,0,519,Beginner,High,0,Salaried,5,Wealth Creation,66224,0.0,Avoid Loan
45,1307670,56696,1858073,No,0,447,Expert,High,5,Business,11,House,52276,0.0,Avoid Loan
37,1623309,23961,2283797,Yes,1801331,603,Intermediate,Low,1,Salaried,0,Wealth Creation,111314,1.11,Avoid Loan
31,852250,24469,82951,Yes,1872459,825,Beginner,Low,2,Business,3,House,46551,2.2,Avoid Loan
22,807121,40744,1416599,Yes,921098,808,Beginner,High,2,Self-Employed,5,Education,26516,1.14,Avoid Loan
58,822404,25617,352650,Yes,2430464,783,Beginner,Low,0,Salaried,2,House,42916,2.96,Avoid Loan
35,1343297,77636,690151,Yes,770278,471,Intermediate,High,5,Salaried,8,House,34305,0.57,Avoid Loan
25,714732,48346,246167,Yes,2259322,617,Intermediate,Low,4,Salaried,10,Retirement,11215,3.16,Avoid Loan
31,967898,49364,1374754,No,0,578,Expert,Medium,2,Self-Employed,10,Wealth Creation,31294,0.0,Avoid Loan
21,274386,15720,484518,No,0,758,Beginner,Medium,5,Self-Employed,3,Education,7145,0.0,Save
55,570371,33349,1535329,Yes,724562,721,Beginner,Medium,5,Business,2,House,14181,1.27,Avoid Loan
49,921356,16404,592347,Yes,777989,754,Beginner,High,4,Self-Employed,4,House,60375,0.84,Avoid Loan
59,736154,54347,1730209,No,0,462,Intermediate,Medium,1,Self-Employed,3,House,6999,0.0,Avoid Loan
32,497217,30846,1051989,No,0,469,Beginner,High,3,Salaried,8,Retirement,10588,0.0,Avoid Loan
51,425707,18424,1799285,No,0,608,Beginner,Medium,5,Self-Employed,6,House,17051,0.0,Save
44,2102861,83840,1377429,No,0,575,Expert,Low,2,Self-Employed,1,House,91398,0.0,Avoid Loan
21,864332,60184,1212733,No,0,805,Beginner,Medium,4,Salaried,10,Education,11843,0.0,Save
31,763454,52097,897347,Yes,862037,488,Expert,Low,1,Business,5,House,11524,1.13,Avoid Loan
50,1642532,47794,2455881,Yes,1502560,565,Beginner,Medium,3,Self-Employed,8,Education,89083,0.91,Avoid Loan
25,1594319,81334,499884,No,0,622,Intermediate,High,2,Salaried,3,Wealth Creation,51525,0.0,Save
45,2430959,170515,2235331,Yes,552414,773,Beginner,Medium,5,Salaried,10,Retirement,32064,0.23,Invest
29,625588,16194,225661,Yes,559270,685,Intermediate,Medium,1,Salaried,11,Education,35938,0.89,Avoid Loan
36,2389711,128790,450742,No,0,452,Expert,Medium,4,Salaried,10,Wealth Creation,70352,0.0,Avoid Loan
35,2661947,83650,2354322,No,0,740,Expert,Low,0,Business,3,Retirement,138178,0.0,Save
35,2782167,88091,722192,Yes,1603317,774,Beginner,Low,0,Salaried,5,Retirement,143756,0.58,Avoid Loan
37,265865,17171,1292013,No,0,699,Beginner,Medium,4,Salaried,10,Wealth Creation,4984,0.0,Save
58,2141561,78458,487936,No,0,650,Beginner,Low,0,Self-Employed,0,Retirement,100005,0.0,Save
47,885612,18096,2419133,Yes,788609,367,Beginner,Low,4,Self-Employed,7,Wealth Creation,55705,0.89,Avoid Loan
53,2008644,101304,2436987,Yes,1777064,766,Beginner,Low,5,Business,4,House,66083,0.88,Avoid Loan
31,1316398,68854,211379,No,0,783,Intermediate,High,0,Self-Employed,11,Education,40845,0.0,Save
29,1677413,69836,1324547,No,0,384,Beginner,High,4,Self-Employed,5,Education,69948,0.0,Avoid Loan
59,1188722,83943,331480,No,0,400,Beginner,Low,5,Business,6,Education,15117,0.0,Avoid Loan
34,1510387,45622,2072897,No,0,731,Beginner,Medium,2,Salaried,11,Education,80243,0.0,Invest
34,2841531,83879,711140,Yes,2126198,754,Beginner,Low,1,Self-Employed,4,Wealth Creation,152915,0.75,Avoid Loan
27,2373516,71743,337333,Yes,2344170,521,Intermediate,Medium,5,Salaried,8,House,126050,0.99,Avoid Loan
53,2236345,87739,638920,Yes,665060,781,Beginner,Low,0,Self-Employed,11,Wealth Creation,98623,0.3,Save
24,2963813,102590,997137,No,0,779,Beginner,Medium,3,Salaried,9,Wealth Creation,144394,0.0,Invest
25,2380957,112366,510968,Yes,2402589,523,Beginner,Medium,4,Business,10,Education,86047,1.01,Avoid Loan
37,2262348,16012,2416666,No,0,754,Beginner,High,3,Business,0,Retirement,172517,0.0,Save
30,361801,23807,1633291,Yes,1579394,809,Beginner,High,5,Salaried,1,Retirement,6343,4.37,Avoid Loan
34,1771884,38472,369430,Yes,2290135,745,Expert,Medium,2,Salaried,8,House,109185,1.29,Avoid Loan
59,2123145,67879,564291,No,0,882,Beginner,High,0,Salaried,11,House,109049,0.0,Invest
50,2615946,99361,1739316,No,0,728,Beginner,Medium,1,Self-Employed,12,Retirement,118634,0.0,Invest
29,1759797,56289,181565,Yes,2111420,715,Expert,Low,0,Salaried,5,Education,90360,1.2,Avoid Loan
48,2837864,150369,545821,No,0,862,Expert,Medium,2,Salaried,7,Retirement,86119,0.0,Invest
57,1511020,108432,1367287,Yes,81637,775,Beginner,High,0,Business,0,Retirement,17486,0.05,Save
44,1145137,74789,1618918,Yes,2265512,456,Intermediate,Low,3,Salaried,3,House,20639,1.98,Avoid Loan
27,1293594,86696,295895,Yes,1279654,514,Beginner,Medium,1,Salaried,2,House,21103,0.99,Avoid Loan
39,2186132,139496,1535154,No,0,438,Intermediate,Medium,3,Salaried,12,Education,42681,0.0,Avoid Loan
47,2183165,155304,1748608,Yes,2118433,881,Expert,Medium,3,Self-Employed,6,Education,26626,0.97,Avoid Loan
30,1981481,134097,522460,No,0,788,Expert,Medium,2,Business,1,Retirement,31026,0.0,Save
57,829405,60718,526727,Yes,2136350,667,Beginner,Low,1,Salaried,0,Wealth Creation,8399,2.58,Avoid Loan
29,2173035,125825,1320386,Yes,1423367,421,Intermediate,Medium,4,Self-Employed,9,Wealth Creation,55261,0.66,Avoid Loan
54,305863,21542,1353753,Yes,2457476,494,Expert,High,0,Self-Employed,10,Education,3946,8.03,Avoid Loan
37,2635600,170966,795867,No,0,434,Expert,Low,4,Self-Employed,9,House,48667,0.0,Avoid Loan
49,865540,48467,529007,Yes,1275582,442,Beginner,Low,4,Salaried,3,Education,23661,1.47,Avoid Loan
46,658074,48643,304600,No,0,765,Intermediate,High,4,Business,11,House,6196,0.0,Save
58,1753844,83536,629169,Yes,1095343,528,Beginner,High,4,Salaried,9,Retirement,62617,0.62,Avoid Loan
21,2986421,78964,2068855,Yes,638485,657,Beginner,High,5,Salaried,10,Wealth Creation,169904,0.21,Save
29,1073823,50053,2253106,No,0,413,Beginner,Medium,5,Salaried,11,Education,39432,0.0,Avoid Loan
42,706569,28517,1294486,Yes,551055,408,Beginner,Medium,3,Self-Employed,7,House,30363,0.78,Avoid Loan
43,289753,19563,1489618,No,0,676,Intermediate,Medium,4,Business,5,Retirement,4583,0.0,Save
51,2831970,186970,652091,Yes,1651285,401,Intermediate,High,0,Business,6,Education,49027,0.58,Avoid Loan
59,1376777,95254,1917830,No,0,882,Intermediate,Medium,3,Self-Employed,7,Wealth Creation,19477,0.0,Save
38,1663928,39075,99284,Yes,1898031,698,Intermediate,Medium,0,Salaried,5,House,99585,1.14,Avoid Loan
27,2481217,91523,2237993,Yes,1003600,834,Beginner,Low,3,Self-Employed,11,Retirement,115245,0.4,Save
27,2745880,38082,2217539,Yes,174446,403,Expert,Low,0,Self-Employed,11,House,190741,0.06,Avoid Loan
55,1824889,87127,1006140,Yes,340309,675,Intermediate,Low,3,Business,5,Retirement,64947,0.19,Save
26,1477026,60338,699591,Yes,1063877,730,Expert,Medium,2,Business,8,Retirement,62747,0.72,Avoid Loan
41,2870964,95421,1727409,Yes,1568014,660,Beginner,Low,1,Business,9,House,143826,0.55,Avoid Loan
50,2693565,56982,213594,No,0,665,Intermediate,Medium,1,Self-Employed,9,Retirement,167481,0.0,Save
54,2951416,89792,1375235,Yes,438784,658,Intermediate,Medium,1,Self-Employed,0,Education,156159,0.15,Save
52,1897680,102341,903499,No,0,604,Intermediate,Medium,4,Business,8,Retirement,55799,0.0,Save
25,1125246,42617,1257808,No,0,622,Intermediate,High,1,Salaried,2,Retirement,51153,0.0,Save
25,1641438,18426,1925577,No,0,677,Beginner,High,5,Business,5,Wealth Creation,118360,0.0,Save
39,2971800,170892,1872851,No,0,603,Beginner,High,2,Business,12,Retirement,76758,0.0,Save
37,2215087,57971,1774406,No,0,625,Beginner,Low,1,Salaried,6,Retirement,126619,0.0,Save
50,297842,21298,104552,Yes,1689671,665,Intermediate,Medium,1,Salaried,5,House,3522,5.67,Avoid Loan
27,2621559,152027,2405101,No,0,562,Intermediate,Medium,2,Self-Employed,2,Wealth Creation,66436,0.0,Avoid Loan
31,1878651,111928,20167,No,0,391,Expert,Medium,3,Salaried,5,House,44626,0.0,Avoid Loan
49,2662223,195333,2459504,Yes,1522842,558,Expert,Low,1,Salaried,3,House,26518,0.57,Avoid Loan
35,445156,25598,1570566,No,0,446,Expert,Low,0,Salaried,0,Wealth Creation,11498,0.0,Avoid Loan
60,2282855,130335,1560293,Yes,144327,734,Intermediate,High,0,Salaried,7,Education,59902,0.06,Invest
35,752665,53525,2067082,No,0,534,Beginner,Medium,5,Self-Employed,7,Retirement,9197,0.0,Avoid Loan
21,378154,24005,1330861,No,0,412,Beginner,Low,2,Self-Employed,7,Retirement,7507,0.0,Avoid Loan
28,1022743,51122,1419943,No,0,410,Beginner,Medium,2,Salaried,10,Wealth Creation,34106,0.0,Avoid Loan
29,1169913,54335,975681,No,0,516,Beginner,Low,3,Salaried,7,Retirement,43157,0.0,Avoid Loan
58,336978,24030,2346768,Yes,1656362,597,Beginner,Medium,5,Business,3,Education,4051,4.92,Avoid Loan
50,1040116,37582,431459,Yes,465469,857,Intermediate,Medium,2,Business,9,Wealth Creation,49094,0.45,Save
47,1688456,40624,1310369,Yes,1626736,853,Beginner,Low,2,Salaried,11,Wealth Creation,100080,0.96,Avoid Loan
26,292013,20108,656729,Yes,1672734,490,Beginner,Low,4,Salaried,8,House,4226,5.73,Avoid Loan
45,1240020,68156,1873997,Yes,1421807,500,Expert,Medium,0,Self-Employed,11,House,35179,1.15,Avoid Loan
24,1640495,30243,1421951,Yes,2427928,580,Beginner,High,3,Self-Employed,8,House,106464,1.48,Avoid Loan
32,1100095,25791,2200291,Yes,2292564,877,Intermediate,Low,1,Salaried,9,House,65883,2.08,Avoid Loan
24,716164,46387,1759335,Yes,433581,624,Expert,Medium,4,Self-Employed,4,House,13293,0.61,Avoid Loan
49,2570642,71143,2344327,Yes,1415088,466,Expert,High,2,Self-Employed,10,Education,143077,0.55,Avoid Loan
44,1734337,30336,1845152,Yes,531241,516,Intermediate,Low,4,Self-Employed,10,Education,114192,0.31,Avoid Loan
41,609326,15888,1386992,No,0,786,Expert,Low,3,Salaried,8,Education,34889,0.0,Invest
42,1969536,34741,2052260,No,0,680,Expert,Medium,2,Self-Employed,7,Education,129387,0.0,Save
57,2339796,27394,1053196,No,0,714,Beginner,High,2,Salaried,7,House,167589,0.0,Save
44,1005129,61903,2486853,No,0,446,Intermediate,High,5,Business,5,Retirement,21857,0.0,Avoid Loan
40,1578491,100419,1169746,No,0,386,Expert,Medium,4,Self-Employed,9,Wealth Creation,31121,0.0,Avoid Loan
46,682711,15193,77837,No,0,706,Expert,High,1,Self-Employed,4,Wealth Creation,41699,0.0,Save
51,1596554,15548,2229785,Yes,2393142,883,Intermediate,Medium,4,Self-Employed,12,Education,117498,1.5,Avoid Loan
22,2046056,95592,2460675,No,0,567,Intermediate,Medium,4,Business,9,Education,74912,0.0,Avoid Loan
25,2542915,94789,1511539,No,0,488,Intermediate,Low,2,Salaried,3,Education,117120,0.0,Avoid Loan
60,2167102,62903,132626,No,0,862,Intermediate,High,0,Self-Employed,10,House,117688,0.0,Save
44,2882424,182912,2455563,No,0,578,Intermediate,Medium,1,Self-Employed,11,Education,57290,0.0,Avoid Loan
56,1642211,103215,1136394,No,0,723,Intermediate,Medium,2,Salaried,2,Wealth Creation,33635,0.0,Save
57,2599179,188794,2107554,Yes,2067098,461,Beginner,High,5,Salaried,4,Retirement,27804,0.8,Avoid Loan
25,2504487,59585,650735,Yes,1088545,664,Intermediate,High,0,Self-Employed,9,Retirement,149122,0.43,Save
44,2223125,132216,241115,No,0,738,Intermediate,Low,4,Salaried,7,Wealth Creation,53044,0.0,Save
50,1437259,37765,1541116,Yes,1189618,631,Expert,High,1,Business,3,Wealth Creation,82006,0.83,Avoid Loan
60,948217,70887,2160506,Yes,1029334,519,Intermediate,Medium,4,Salaried,6,Education,8131,1.09,Avoid Loan
36,1315884,44214,1779891,No,0,896,Intermediate,Medium,3,Salaried,3,Education,65443,0.0,Save
35,2507755,157938,695441,No,0,448,Intermediate,Medium,0,Salaried,11,Education,51041,0.0,Avoid Loan
27,783857,24738,366753,No,0,557,Expert,Low,3,Business,2,House,40583,0.0,Avoid Loan
22,2920227,71324,1639788,Yes,2255860,491,Beginner,Low,1,Salaried,11,House,172028,0.77,Avoid Loan
34,1640470,52502,227710,No,0,661,Intermediate,Low,0,Salaried,11,Wealth Creation,84203,0.0,Save
58,893216,65781,1609704,No,0,843,Intermediate,Low,0,Business,1,Wealth Creation,8653,0.0,Save
58,1227758,20128,937340,Yes,1790647,450,Beginner,High,1,Self-Employed,11,Education,82185,1.46,Avoid Loan
39,728915,34044,2042165,No,0,745,Intermediate,Low,5,Salaried,8,Education,26698,0.0,Invest
54,2860096,55772,2355477,Yes,1617626,433,Intermediate,Medium,5,Business,7,House,182569,0.57,Avoid Loan
40,576986,41403,1345456,Yes,929838,838,Intermediate,Medium,0,Business,2,Education,6679,1.61,Avoid Loan
21,2824922,42943,2439264,No,0,687,Expert,Medium,1,Salaried,0,Wealth Creation,192467,0.0,Save
47,912377,47200,190612,Yes,393423,413,Intermediate,Medium,1,Business,4,House,28831,0.43,Avoid Loan
29,757906,24296,367766,Yes,2414714,429,Beginner,Medium,2,Self-Employed,6,Retirement,38862,3.19,Avoid Loan
26,2277918,115637,161371,No,0,836,Intermediate,High,0,Business,1,Education,74189,0.0,Save
36,359985,21283,1084579,Yes,2079021,706,Expert,Medium,0,Salaried,10,House,8715,5.78,Avoid Loan
56,895931,28697,729423,No,0,746,Beginner,Medium,3,Salaried,0,Wealth Creation,45963,0.0,Save
45,464653,17263,1037914,Yes,431102,828,Intermediate,Low,0,Salaried,9,Wealth Creation,21458,0.93,Avoid Loan
59,1028224,43672,2248594,Yes,51111,881,Intermediate,Medium,3,Business,3,Retirement,42013,0.05,Save
34,1770702,119452,1575152,No,0,412,Expert,Low,1,Salaried,8,Education,28106,0.0,Avoid Loan
60,771296,49028,2136828,No,0,453,Expert,Medium,3,Self-Employed,5,Wealth Creation,15246,0.0,Avoid Loan
47,943109,60006,954496,Yes,532295,520,Intermediate,Low,3,Salaried,3,Retirement,18586,0.56,Avoid Loan
58,968298,45721,889116,Yes,428036,682,Beginner,Low,0,Business,11,Retirement,34970,0.44,Save
46,1622808,113573,587108,No,0,529,Expert,Low,3,Business,2,Retirement,21661,0.0,Avoid Loan
57,2620000,132247,1374072,Yes,188400,850,Expert,High,5,Self-Employed,4,House,86086,0.07,Save
34,1533676,111265,1462453,No,0,795,Intermediate,Low,5,Business,9,Education,16541,0.0,Save
36,1759013,77044,2105828,No,0,504,Expert,High,3,Salaried,10,Retirement,69540,0.0,Avoid Loan
40,2485660,143034,1458150,No,0,394,Intermediate,Medium,2,Self-Employed,12,Wealth Creation,64104,0.0,Avoid Loan
44,2800462,140999,768068,Yes,1501903,705,Intermediate,Medium,2,Business,2,Education,92372,0.54,Avoid Loan
30,1584211,21785,2433340,Yes,586230,657,Beginner,Low,1,Salaried,5,Retirement,110232,0.37,Save
23,659217,42236,1400555,Yes,1645205,425,Expert,Low,5,Self-Employed,12,House,12698,2.5,Avoid Loan
51,1327024,95329,1445977,Yes,604676,690,Intermediate,Medium,5,Salaried,3,Education,15256,0.46,Avoid Loan
29,2841393,197746,2043588,No,0,428,Beginner,Low,1,Business,8,Retirement,39036,0.0,Avoid Loan
50,867835,26050,1213237,Yes,1900856,549,Beginner,Low,3,Salaried,5,House,46269,2.19,Avoid Loan
34,2408248,162106,720229,No,0,882,Beginner,Low,2,Salaried,1,House,38581,0.0,Save
44,2248691,43055,229367,Yes,1212628,392,Beginner,Medium,1,Salaried,9,House,144335,0.54,Avoid Loan
41,1132611,69944,2070846,Yes,98859,463,Beginner,Medium,1,Salaried,7,Retirement,24440,0.09,Avoid Loan
41,2082864,51264,946331,Yes,763571,461,Beginner,Medium,2,Salaried,11,Wealth Creation,122308,0.37,Avoid Loan
23,1450382,106110,1781938,No,0,509,Beginner,Medium,4,Business,7,House,14755,0.0,Avoid Loan
35,1298271,53684,810871,Yes,888324,356,Intermediate,Low,4,Business,0,Education,54505,0.68,Avoid Loan
34,901340,27536,1621591,Yes,772990,393,Beginner,Medium,4,Business,1,Retirement,47575,0.86,Avoid Loan
46,1674026,23582,1987733,Yes,1051472,512,Beginner,Low,5,Salaried,8,Wealth Creation,115920,0.63,Avoid Loan
33,425536,18583,1397015,No,0,690,Beginner,Medium,4,Business,2,Wealth Creation,16878,0.0,Save
40,2233111,79677,115889,No,0,694,Intermediate,Medium,0,Business,11,Wealth Creation,106415,0.0,Save
49,2352979,51028,1557214,No,0,658,Intermediate,Medium,0,Business,5,House,145053,0.0,Save
40,596670,21728,954783,Yes,205642,586,Beginner,Low,1,Self-Employed,3,House,27994,0.34,Avoid Loan
33,2052662,150713,66738,Yes,706065,465,Intermediate,High,5,Salaried,4,Retirement,20342,0.34,Avoid Loan
55,856494,59034,1640618,No,0,443,Beginner,Medium,0,Self-Employed,12,Wealth Creation,12340,0.0,Avoid Loan
37,2865221,189354,945312,No,0,707,Intermediate,High,3,Self-Employed,2,Wealth Creation,49414,0.0,Save
58,2546461,70123,446594,No,0,886,Beginner,Low,0,Business,10,Retirement,142082,0.0,Invest
53,2214330,133349,1264411,No,0,724,Beginner,High,4,Business,7,House,51178,0.0,Invest
27,1326451,28136,2358020,No,0,775,Intermediate,Low,3,Business,11,House,82401,0.0,Invest
26,1026689,30099,590592,Yes,544801,363,Intermediate,High,0,Salaried,2,Education,55458,0.53,Avoid Loan
44,2247788,79596,715920,No,0,636,Beginner,High,5,Self-Employed,1,House,107719,0.0,Save
45,2735028,144840,1409428,No,0,385,Expert,Low,4,Business,4,House,83079,0.0,Avoid Loan
48,1191590,40553,2193382,Yes,1178560,850,Beginner,Medium,1,Self-Employed,8,Wealth Creation,58746,0.99,Avoid Loan
21,1091786,64986,1501222,No,0,680,Intermediate,Low,4,Business,11,Wealth Creation,25996,0.0,Save
55,1538855,84533,1170516,No,0,795,Beginner,Medium,2,Salaried,8,Wealth Creation,43704,0.0,Invest
21,1148465,34404,1091225,Yes,2206006,844,Expert,Medium,3,Self-Employed,9,Education,61301,1.92,Avoid Loan
49,1115785,39357,174423,No,0,783,Beginner,High,3,Self-Employed,4,House,53625,0.0,Save
24,1069344,55139,1830396,Yes,985325,384,Intermediate,Low,4,Business,4,House,33973,0.92,Avoid Loan
53,1080501,26993,2486813,Yes,1818302,597,Beginner,Medium,4,Salaried,9,Education,63048,1.68,Avoid Loan
54,412414,15087,2084100,Yes,237600,378,Beginner,Low,5,Self-Employed,11,Education,19280,0.58,Avoid Loan
44,2820891,200789,1596239,Yes,1983534,632,Beginner,Low,4,Business,7,Education,34285,0.7,Avoid Loan
53,1070574,20803,1535123,No,0,363,Beginner,Medium,4,Self-Employed,12,House,68411,0.0,Avoid Loan
35,2400472,103363,1886093,No,0,500,Intermediate,Low,2,Salaried,5,House,96676,0.0,Avoid Loan
28,1927603,38364,2482403,No,0,850,Expert,High,0,Business,3,Retirement,122269,0.0,Save
33,1245852,34721,1238955,No,0,659,Beginner,High,4,Salaried,10,Retirement,69100,0.0,Save
54,2600097,92249,939789,No,0,701,Beginner,Medium,4,Salaried,11,Wealth Creation,124425,0.0,Save
24,2062469,119457,2433651,Yes,355482,496,Beginner,Medium,4,Business,12,Wealth Creation,52415,0.17,Avoid Loan
29,1804375,53892,1412527,Yes,2032594,691,Expert,High,4,Business,4,House,96472,1.13,Avoid Loan
44,2796569,168365,1283042,Yes,2450658,589,Beginner,Medium,0,Business,1,Wealth Creation,64682,0.88,Avoid Loan
46,1868010,77992,1682080,No,0,463,Beginner,High,0,Salaried,10,House,77675,0.0,Avoid Loan
56,2297932,140647,788600,No,0,637,Intermediate,Medium,1,Salaried,3,Education,50847,0.0,Save
32,1329268,45267,2210912,Yes,1159061,688,Intermediate,Medium,3,Business,6,Education,65505,0.87,Avoid Loan
53,1087931,19500,362154,No,0,494,Expert,High,5,Business,1,Retirement,71160,0.0,Avoid Loan
52,1246622,43286,2489502,Yes,1302419,819,Expert,Medium,3,Self-Employed,11,Education,60599,1.04,Avoid Loan
35,320119,22589,2150878,Yes,631176,763,Beginner,Medium,1,Self-Employed,2,Retirement,4087,1.97,Avoid Loan
33,1512363,68163,406438,No,0,500,Intermediate,High,1,Salaried,5,Education,57867,0.0,Avoid Loan
60,600077,22659,587147,No,0,878,Beginner,Low,3,Self-Employed,9,Wealth Creation,27347,0.0,Invest
25,1503585,26627,209504,Yes,2195688,713,Beginner,High,5,Self-Employed,3,House,98671,1.46,Avoid Loan
47,2833518,117860,572278,No,0,757,Beginner,High,3,Self-Employed,2,House,118266,0.0,Save
39,1956166,63865,960184,Yes,1008709,418,Intermediate,Low,5,Salaried,5,Wealth Creation,99148,0.52,Avoid Loan
21,1417031,71311,54200,Yes,647213,870,Beginner,Medium,0,Self-Employed,7,Education,46774,0.46,Avoid Loan
49,1526587,43231,850298,No,0,857,Intermediate,Low,3,Self-Employed,0,Wealth Creation,83984,0.0,Save
43,1350633,93178,1295479,No,0,804,Intermediate,Low,3,Business,4,Wealth Creation,19374,0.0,Save
40,2729324,88582,1838199,No,0,457,Intermediate,Low,4,Self-Employed,12,Wealth Creation,138861,0.0,Avoid Loan
52,623452,20838,847726,Yes,1884137,638,Beginner,Medium,3,Business,7,Retirement,31116,3.02,Avoid Loan
33,1341545,49816,2468795,No,0,587,Intermediate,Low,5,Salaried,5,Wealth Creation,61979,0.0,Avoid Loan
41,2029799,94498,187609,No,0,591,Beginner,Low,1,Salaried,10,Retirement,74651,0.0,Avoid Loan
56,852952,47677,1265575,No,0,880,Beginner,Medium,3,Self-Employed,8,House,23402,0.0,Save
46,1712438,102041,212994,Yes,499940,393,Beginner,Medium,5,Self-Employed,11,Retirement,40662,0.29,Avoid Loan
34,1796026,133935,404060,No,0,675,Expert,Medium,4,Self-Employed,9,Wealth Creation,15733,0.0,Save
38,781800,44007,1313647,Yes,261004,768,Beginner,Medium,0,Salaried,0,Wealth Creation,21143,0.33,Save
26,2299762,170382,724910,Yes,1878117,436,Intermediate,Low,2,Salaried,10,House,21264,0.82,Avoid Loan
26,1742964,75206,32180,Yes,550470,762,Intermediate,Medium,5,Salaried,6,Education,70041,0.32,Avoid Loan
52,705690,17328,907594,Yes,1766671,766,Intermediate,Medium,2,Self-Employed,1,Retirement,41479,2.5,Avoid Loan
60,2974932,162231,1416289,Yes,2456589,460,Intermediate,Low,0,Salaried,4,Retirement,85680,0.83,Avoid Loan
28,1737245,88231,2468342,No,0,634,Intermediate,High,0,Self-Employed,9,Retirement,56539,0.0,Save
31,2128178,60986,515023,No,0,446,Intermediate,Low,4,Business,2,Wealth Creation,116362,0.0,Avoid Loan
39,2879583,25470,1550409,No,0,450,Beginner,Low,2,Business,2,Retirement,214495,0.0,Avoid Loan
36,2293458,109300,359843,No,0,526,Intermediate,High,0,Self-Employed,6,Retirement,81821,0.0,Avoid Loan
32,2316043,137322,2388271,No,0,765,Intermediate,Low,1,Self-Employed,4,Wealth Creation,55681,0.0,Save
46,2253280,26016,2004623,No,0,497,Beginner,Medium,4,Business,4,Retirement,161757,0.0,Avoid Loan
34,1701637,83776,212370,No,0,684,Beginner,Medium,2,Salaried,1,Education,58027,0.0,Save
50,2605303,56606,1356777,Yes,334441,781,Beginner,Low,4,Self-Employed,2,Retirement,160502,0.13,Save
50,441483,15708,1913478,No,0,822,Beginner,Medium,2,Salaried,10,Education,21082,0.0,Save
32,1917550,71549,2347834,Yes,631805,606,Expert,High,4,Salaried,11,Education,88246,0.33,Save
45,2577271,125775,1368758,No,0,410,Beginner,High,1,Self-Employed,4,Wealth Creation,88997,0.0,Avoid Loan
39,1541266,92665,433934,No,0,642,Expert,Low,3,Business,4,Retirement,35773,0.0,Save
43,760866,55021,369736,No,0,807,Intermediate,Low,1,Salaried,6,Wealth Creation,8384,0.0,Save
38,436819,20796,438936,Yes,2433061,869,Beginner,Medium,4,Business,7,Retirement,15605,5.57,Avoid Loan
26,799109,16449,1221232,No,0,731,Expert,Low,0,Salaried,3,Education,50143,0.0,Save
38,2545936,66628,1779761,Yes,2136713,474,Beginner,Low,2,Self-Employed,9,Retirement,145533,0.84,Avoid Loan
29,1974248,58675,1209714,Yes,225767,757,Beginner,Low,1,Self-Employed,4,Wealth Creation,105845,0.11,Save
21,1702014,33201,1936049,No,0,571,Beginner,Low,0,Salaried,7,House,108633,0.0,Avoid Loan
36,411240,17625,1263795,No,0,611,Intermediate,High,4,Salaried,10,Wealth Creation,16645,0.0,Save
33,1058273,15989,1541450,No,0,409,Intermediate,High,5,Salaried,7,House,72200,0.0,Avoid Loan
59,692331,49964,1924843,Yes,568938,732,Beginner,High,3,Business,8,Wealth Creation,7730,0.82,Avoid Loan
59,445172,30958,875249,No,0,354,Expert,Medium,5,Business,3,Education,6139,0.0,Avoid Loan
25,2582068,148138,1766191,Yes,2420843,528,Intermediate,Medium,2,Salaried,5,Retirement,67034,0.94,Avoid Loan
23,2020998,49485,1615500,Yes,2051480,840,Beginner,Low,1,Self-Employed,7,Retirement,118931,1.02,Avoid Loan
31,2350749,174010,321418,No,0,859,Expert,Low,4,Business,7,Education,21885,0.0,Save
29,1927351,77724,1382294,Yes,680389,655,Beginner,Medium,0,Salaried,7,Education,82888,0.35,Save
39,2510740,33718,1646981,No,0,645,Intermediate,High,5,Self-Employed,0,House,175510,0.0,Save
44,509651,36804,2270206,Yes,1337492,516,Intermediate,Medium,4,Self-Employed,3,House,5666,2.62,Avoid Loan
60,994223,30204,244312,Yes,2173398,594,Intermediate,Low,2,Self-Employed,12,Retirement,52647,2.19,Avoid Loan
34,910848,18777,1687431,No,0,656,Intermediate,Low,3,Self-Employed,7,House,57127,0.0,Save
38,2332082,75377,272603,No,0,700,Beginner,Low,4,Self-Employed,11,House,118963,0.0,Save
31,1720577,38764,2001855,No,0,401,Beginner,High,1,Salaried,8,Retirement,104617,0.0,Avoid Loan
53,945420,48327,1491538,Yes,736872,505,Expert,Medium,0,Self-Employed,7,Retirement,30458,0.78,Avoid Loan
54,2960198,131541,1682278,Yes,2257444,371,Intermediate,Medium,4,Salaried,1,Education,115142,0.76,Avoid Loan
28,2414789,126820,805658,No,0,671,Intermediate,Low,0,Self-Employed,2,Education,74412,0.0,Save
34,2699373,112274,1854530,Yes,2102272,355,Intermediate,Medium,5,Self-Employed,10,Education,112673,0.78,Avoid Loan
58,1565948,34529,2187573,Yes,394241,443,Beginner,High,3,Salaried,3,Education,95966,0.25,Avoid Loan
46,1662866,50958,2098321,No,0,584,Beginner,Medium,2,Business,11,Wealth Creation,87614,0.0,Avoid Loan
60,596336,27274,1218886,Yes,630885,433,Expert,Medium,5,Salaried,2,Education,22420,1.06,Avoid Loan
48,1210121,81622,225041,Yes,1695105,811,Beginner,Low,4,Business,3,Retirement,19221,1.4,Avoid Loan
31,295749,18017,2147174,No,0,484,Expert,High,4,Self-Employed,5,Retirement,6628,0.0,Avoid Loan
40,465017,33774,1322536,Yes,2395786,783,Beginner,Low,2,Salaried,0,Wealth Creation,4977,5.15,Avoid Loan
37,1301467,24667,2307194,Yes,681978,880,Beginner,Medium,2,Business,0,Retirement,83788,0.52,Avoid Loan
37,494836,25070,975913,No,0,624,Intermediate,High,2,Salaried,6,House,16166,0.0,Save
28,2157547,77408,2157857,Yes,1376967,557,Beginner,High,5,Self-Employed,7,House,102387,0.64,Avoid Loan
40,2142405,47849,1033596,Yes,2001010,742,Intermediate,Medium,4,Self-Employed,4,Retirement,130684,0.93,Avoid Loan
58,1100298,56935,2041210,Yes,1801861,857,Intermediate,Medium,2,Business,0,Retirement,34756,1.64,Avoid Loan
27,956762,58338,399684,No,0,747,Intermediate,Low,5,Salaried,11,Wealth Creation,21392,0.0,Save
36,2790206,107315,1229615,Yes,695711,799,Beginner,High,4,Self-Employed,12,House,125202,0.25,Invest
47,555869,37846,1696232,Yes,376271,708,Intermediate,Medium,4,Business,3,Wealth Creation,8476,0.68,Avoid Loan
42,370008,26824,1293865,Yes,1502886,413,Intermediate,High,2,Self-Employed,6,House,4010,4.06,Avoid Loan
58,2648827,20246,1235961,Yes,122417,617,Beginner,Medium,1,Salaried,7,House,200489,0.05,Save
60,2721565,156168,2037515,No,0,874,Beginner,High,5,Self-Employed,0,House,70629,0.0,Save
43,2588965,155719,1293511,Yes,2053932,565,Expert,High,3,Salaried,11,Retirement,60028,0.79,Avoid Loan
43,2498670,118308,1013498,No,0,580,Intermediate,Low,0,Business,9,Wealth Creation,89914,0.0,Avoid Loan
56,2122023,106243,1514500,No,0,578,Intermediate,Medium,1,Salaried,6,Education,70592,0.0,Avoid Loan
29,2660686,39526,44983,Yes,2092181,528,Intermediate,High,1,Salaried,7,Education,182197,0.79,Avoid Loan
45,1439346,60876,617012,Yes,715268,556,Beginner,Low,4,Self-Employed,6,Retirement,59069,0.5,Avoid Loan
37,1194182,76755,384502,No,0,461,Intermediate,Low,2,Salaried,4,Retirement,22760,0.0,Avoid Loan
50,1270582,90254,288419,No,0,746,Intermediate,High,5,Business,5,House,15627,0.0,Save
44,1001198,66483,2492427,No,0,648,Intermediate,High,0,Salaried,8,Wealth Creation,16950,0.0,Save
53,2664537,108110,1569468,Yes,1227815,497,Beginner,Low,4,Business,5,Education,113934,0.46,Avoid Loan
57,568476,24122,1620741,Yes,1065793,607,Beginner,Low,0,Self-Employed,5,Retirement,23251,1.87,Avoid Loan
51,383468,20057,1313047,No,0,657,Beginner,High,3,Business,7,Retirement,11898,0.0,Save
48,1277086,28916,1036369,Yes,402804,355,Beginner,Medium,1,Self-Employed,10,Wealth Creation,77507,0.32,Avoid Loan
38,1952988,70126,81297,Yes,1156562,845,Beginner,Medium,1,Self-Employed,3,Wealth Creation,92623,0.59,Avoid Loan
49,2239395,151765,1318841,Yes,1681488,806,Expert,Low,1,Self-Employed,7,Education,34851,0.75,Avoid Loan
24,519649,18793,641005,No,0,871,Intermediate,High,5,Salaried,2,Education,24511,0.0,Save
51,1221272,79954,1403819,Yes,2223749,869,Intermediate,Medium,5,Self-Employed,2,Wealth Creation,21818,1.82,Avoid Loan
22,553200,21160,1049985,No,0,704,Intermediate,Low,0,Business,6,Wealth Creation,24940,0.0,Save
53,1258854,20730,1919870,Yes,772291,542,Intermediate,Medium,5,Self-Employed,8,House,84174,0.61,Avoid Loan
53,2652315,54033,2124969,No,0,855,Beginner,Low,4,Business,7,Education,166993,0.0,Invest
59,2746873,100380,1057359,No,0,830,Beginner,High,5,Self-Employed,8,Education,128526,0.0,Invest
22,1728617,42193,1912971,No,0,765,Beginner,Medium,3,Salaried,7,House,101858,0.0,Invest
56,1034728,31456,771384,Yes,125425,674,Intermediate,Low,3,Business,2,Wealth Creation,54771,0.12,Save
33,2537522,164166,619502,No,0,417,Beginner,Medium,1,Self-Employed,2,Retirement,47294,0.0,Avoid Loan
28,1905160,100370,1585505,No,0,421,Beginner,Low,5,Business,7,Retirement,58393,0.0,Avoid Loan
26,2937813,19207,1676717,Yes,373664,858,Beginner,High,2,Salaried,3,Education,225610,0.13,Save
50,2746729,41107,1461200,Yes,1568755,731,Intermediate,Medium,4,Self-Employed,8,House,187787,0.57,Avoid Loan
33,2515079,30539,1410947,Yes,1041044,478,Expert,Medium,1,Self-Employed,12,Education,179050,0.41,Avoid Loan
38,2672355,29544,847902,Yes,2056262,523,Beginner,Medium,5,Self-Employed,6,Wealth Creation,193152,0.77,Avoid Loan
41,2029049,55349,2187553,No,0,639,Intermediate,Medium,0,Salaried,7,House,113738,0.0,Save
49,921787,36097,1780705,Yes,1678812,821,Beginner,Low,3,Salaried,3,Education,40718,1.82,Avoid Loan
42,2151545,147102,2413742,No,0,374,Expert,Medium,5,Business,2,Retirement,32193,0.0,Avoid Loan
24,1569631,19804,690736,No,0,678,Expert,High,4,Salaried,7,Wealth Creation,110998,0.0,Save
33,1354373,88680,275020,Yes,325276,389,Beginner,Medium,4,Salaried,4,Wealth Creation,24184,0.24,Avoid Loan
36,2698730,22654,2242227,No,0,776,Beginner,Medium,1,Salaried,10,Education,202240,0.0,Invest
60,1193176,48920,870458,Yes,1597423,792,Intermediate,Low,2,Self-Employed,12,Education,50511,1.34,Avoid Loan
52,2338061,17342,1134206,Yes,1640664,686,Expert,Medium,2,Business,11,Retirement,177496,0.7,Avoid Loan
44,1070727,19447,2483841,No,0,728,Intermediate,Low,5,Business,12,Retirement,69780,0.0,Invest
41,2038196,62459,334448,Yes,2033508,865,Beginner,High,5,Business,5,Wealth Creation,107390,1.0,Avoid Loan
30,1123006,78185,364270,No,0,514,Beginner,High,5,Salaried,1,House,15398,0.0,Avoid Loan
25,1578775,54364,712704,No,0,590,Expert,High,2,Self-Employed,3,Education,77200,0.0,Avoid Loan
32,1416312,55338,214215,No,0,449,Beginner,Medium,4,Salaried,1,Education,62688,0.0,Avoid Loan
47,611325,28478,618756,No,0,689,Intermediate,Low,2,Salaried,8,House,22465,0.0,Save
38,732330,23135,2070586,No,0,382,Intermediate,Low,0,Salaried,9,Retirement,37892,0.0,Avoid Loan
38,1262177,43144,1089865,Yes,339989,462,Intermediate,Low,2,Self-Employed,3,House,62037,0.27,Avoid Loan
22,1528344,42399,2127674,Yes,801342,526,Expert,High,3,Salaried,5,Retirement,84963,0.52,Avoid Loan
44,2936238,139383,1033157,No,0,825,Expert,Medium,3,Business,6,Retirement,105303,0.0,Invest
29,453747,16732,1103210,No,0,373,Beginner,High,1,Self-Employed,2,Retirement,21080,0.0,Avoid Loan
38,1463676,58914,2326200,No,0,861,Beginner,Low,3,Business,4,Wealth Creation,63059,0.0,Save
25,1551353,21283,550803,No,0,515,Beginner,Medium,0,Self-Employed,10,Wealth Creation,107996,0.0,Avoid Loan
27,1258068,74451,544644,No,0,374,Beginner,High,4,Business,10,Retirement,30388,0.0,Avoid Loan
42,2310034,70277,1957940,Yes,644449,396,Intermediate,Medium,3,Salaried,5,Wealth Creation,122225,0.28,Avoid Loan
45,465127,26667,692885,Yes,440645,690,Beginner,High,3,Business,10,Retirement,12093,0.95,Avoid Loan
49,817091,43577,1555031,Yes,1789159,449,Beginner,Medium,0,Salaried,9,Retirement,24513,2.19,Avoid Loan
59,1071195,35805,2053794,No,0,862,Intermediate,Medium,3,Business,5,Retirement,53461,0.0,Save
57,2322671,84015,920554,No,0,682,Intermediate,Medium,3,Self-Employed,4,House,109540,0.0,Save
57,1153446,52249,1254235,No,0,669,Intermediate,High,5,Self-Employed,7,Education,43871,0.0,Save
53,728643,40608,1462214,No,0,459,Beginner,Medium,1,Business,1,Education,20112,0.0,Avoid Loan
55,2643326,36980,1228384,No,0,509,Intermediate,Low,1,Business,9,House,183297,0.0,Avoid Loan
49,1401709,25017,1445953,No,0,753,Intermediate,Medium,5,Self-Employed,6,House,91792,0.0,Invest
47,809090,52540,597486,No,0,469,Intermediate,Medium,3,Business,0,Education,14884,0.0,Avoid Loan
37,2130636,42830,2265417,No,0,723,Beginner,Medium,2,Business,10,Retirement,134723,0.0,Invest
32,2435157,123153,32644,No,0,892,Beginner,Medium,2,Business,3,Wealth Creation,79776,0.0,Avoid Loan
59,1429812,79871,1172660,Yes,1161875,797,Intermediate,High,4,Salaried,1,House,39280,0.81,Avoid Loan
59,625502,25268,1409915,Yes,86494,489,Expert,Low,0,Business,2,House,26857,0.14,Avoid Loan
25,1725114,71608,1101828,No,0,813,Intermediate,Low,0,Salaried,0,Education,72151,0.0,Save
54,1895457,31779,1833296,No,0,434,Intermediate,Medium,0,Salaried,8,Retirement,126175,0.0,Avoid Loan
25,2595438,159923,1805302,No,0,863,Intermediate,Medium,5,Self-Employed,0,Wealth Creation,56363,0.0,Save
22,1261501,21696,1005450,No,0,709,Beginner,Low,1,Salaried,11,House,83429,0.0,Save
54,1595171,79419,1746755,Yes,2417802,572,Beginner,Low,3,Business,9,Education,53511,1.52,Avoid Loan
39,2951946,180592,518652,Yes,110020,886,Intermediate,Low,1,Salaried,8,Wealth Creation,65403,0.04,Invest
47,2982317,165692,1504368,Yes,402188,755,Intermediate,Medium,4,Self-Employed,8,House,82834,0.13,Invest
49,469024,25922,1820726,Yes,534506,355,Expert,Low,5,Self-Employed,4,House,13163,1.14,Avoid Loan
31,1728219,48437,1191675,No,0,576,Beginner,Medium,0,Self-Employed,5,Education,95581,0.0,Avoid Loan
31,2552713,120352,67572,Yes,1995790,839,Beginner,Low,1,Business,10,Wealth Creation,92374,0.78,Avoid Loan
35,769207,28987,1641662,No,0,678,Intermediate,High,0,Salaried,11,Education,35113,0.0,Save
50,1178861,34225,1060817,No,0,800,Expert,Medium,2,Salaried,11,House,64013,0.0,Invest
44,2077635,87428,1702121,No,0,689,Intermediate,Low,5,Business,6,Education,85708,0.0,Save
23,338230,16823,165209,Yes,1863537,863,Expert,High,0,Salaried,3,Retirement,11362,5.51,Avoid Loan
37,2213776,155229,1971546,No,0,518,Intermediate,High,0,Business,5,Education,29252,0.0,Avoid Loan
31,1953450,127807,1010539,No,0,381,Beginner,Low,5,Self-Employed,9,Retirement,34980,0.0,Avoid Loan
39,2761770,191433,414369,No,0,494,Beginner,High,0,Self-Employed,5,House,38714,0.0,Avoid Loan
40,2022036,50438,1015320,No,0,500,Beginner,Low,2,Self-Employed,11,Retirement,118065,0.0,Avoid Loan
31,1867153,71929,2255121,Yes,2338846,575,Beginner,Medium,1,Salaried,10,House,83667,1.25,Avoid Loan
42,254643,19028,128115,No,0,523,Beginner,Medium,1,Salaried,1,Education,2192,0.0,Avoid Loan
42,1288317,85635,1784486,No,0,572,Intermediate,Medium,5,Business,5,Education,21724,0.0,Avoid Loan
31,345541,18105,1582939,Yes,1618361,465,Intermediate,Low,3,Salaried,0,Education,10690,4.68,Avoid Loan
47,1496250,33563,945368,Yes,2428028,872,Expert,Medium,1,Business,6,Wealth Creation,91124,1.62,Avoid Loan
25,583688,38736,1909277,No,0,469,Beginner,Low,0,Self-Employed,9,Wealth Creation,9904,0.0,Avoid Loan
27,882994,36468,370525,Yes,593450,515,Beginner,Medium,5,Self-Employed,6,House,37114,0.67,Avoid Loan
53,2058477,137944,2052282,No,0,411,Beginner,Low,4,Self-Employed,0,Retirement,33595,0.0,Avoid Loan
21,2434328,119615,1122383,Yes,186522,712,Beginner,Medium,5,Self-Employed,1,House,83245,0.08,Save
50,2781810,151176,1440777,Yes,1895047,890,Beginner,High,3,Self-Employed,1,House,80641,0.68,Avoid Loan
39,958444,62106,1446765,No,0,574,Intermediate,High,1,Self-Employed,12,Wealth Creation,17764,0.0,Avoid Loan
26,385728,17508,778370,Yes,903977,671,Expert,Medium,0,Salaried,7,House,14636,2.34,Avoid Loan
51,1198942,56632,1225435,No,0,828,Beginner,Medium,2,Salaried,6,Wealth Creation,43279,0.0,Invest
30,1910045,35136,1338974,No,0,440,Intermediate,High,4,Business,0,Wealth Creation,124034,0.0,Avoid Loan
41,1669720,107702,2012495,Yes,1547997,681,Intermediate,Medium,1,Self-Employed,5,House,31441,0.93,Avoid Loan
50,1804506,112805,591233,Yes,354723,794,Beginner,Medium,4,Salaried,4,Retirement,37570,0.2,Save
25,1951897,120756,2280315,No,0,831,Expert,Medium,2,Self-Employed,5,Wealth Creation,41902,0.0,Save
56,748622,30155,2194836,No,0,472,Beginner,High,0,Self-Employed,3,House,32230,0.0,Avoid Loan
56,689339,29827,127947,No,0,433,Expert,Low,4,Salaried,7,Education,27617,0.0,Avoid Loan
40,1688348,58658,1472833,No,0,533,Beginner,Low,5,Self-Employed,3,Education,82037,0.0,Avoid Loan
35,776535,39580,596842,Yes,1467605,660,Beginner,Medium,2,Self-Employed,5,House,25131,1.89,Avoid Loan
60,775099,52445,2394616,No,0,501,Beginner,Low,3,Salaried,3,Education,12146,0.0,Avoid Loan
21,1821440,55018,1853565,Yes,968803,825,Beginner,Medium,3,Self-Employed,4,Education,96768,0.53,Avoid Loan
28,1080656,63769,2044941,Yes,1450659,660,Intermediate,Low,4,Self-Employed,2,Retirement,26285,1.34,Avoid Loan
48,2095382,87246,123487,No,0,461,Beginner,Low,5,Salaried,6,House,87369,0.0,Avoid Loan
43,2729239,57304,2485588,Yes,577271,792,Intermediate,High,4,Self-Employed,3,Retirement,170132,0.21,Save
45,672904,37539,864586,No,0,624,Intermediate,High,0,Business,6,Wealth Creation,18536,0.0,Save
43,381544,21045,1240655,No,0,884,Intermediate,Low,5,Self-Employed,7,House,10750,0.0,Save
40,647346,35378,686901,No,0,725,Intermediate,Low,3,Business,2,Wealth Creation,18567,0.0,Save
35,1134995,26054,608322,No,0,697,Intermediate,Low,4,Business,2,Wealth Creation,68528,0.0,Save
58,789969,24852,895771,No,0,820,Beginner,Low,3,Salaried,0,Wealth Creation,40978,0.0,Save
29,840981,30079,1115423,No,0,441,Expert,Medium,3,Business,6,House,40002,0.0,Avoid Loan
25,499227,28221,871835,No,0,558,Expert,Medium,0,Business,10,Retirement,13381,0.0,Avoid Loan
58,1634124,46285,2330425,Yes,1125578,868,Expert,High,0,Self-Employed,7,House,89892,0.69,Avoid Loan
33,1488799,78890,1006681,No,0,503,Intermediate,Low,1,Business,9,Wealth Creation,45176,0.0,Avoid Loan
42,537356,17489,1568417,Yes,1815821,890,Expert,Low,5,Business,3,Education,27290,3.38,Avoid Loan
22,1042267,56635,1150456,No,0,823,Intermediate,High,2,Business,0,House,30220,0.0,Save
40,1146879,60127,354467,Yes,883151,535,Intermediate,Medium,3,Self-Employed,5,Education,35446,0.77,Avoid Loan
50,2194302,151688,1586951,Yes,1258755,880,Beginner,Low,2,Self-Employed,7,House,31170,0.57,Avoid Loan
28,1780032,129338,201087,No,0,834,Intermediate,Medium,5,Salaried,2,House,18998,0.0,Save
54,1550105,115460,1349237,No,0,826,Expert,Medium,4,Self-Employed,2,House,13715,0.0,Save
23,1405530,49081,1888090,Yes,863503,676,Expert,High,2,Business,9,Wealth Creation,68046,0.61,Avoid Loan
38,2858441,124670,857526,No,0,834,Beginner,Low,3,Self-Employed,6,Retirement,113533,0.0,Invest
47,1680147,64319,1491171,Yes,1992235,702,Beginner,Low,4,Salaried,5,Wealth Creation,75693,1.19,Avoid Loan
27,568616,37194,2271341,No,0,684,Beginner,Low,4,Self-Employed,6,Education,10190,0.0,Save
46,487252,29945,1475510,Yes,398380,787,Intermediate,Low,0,Business,3,Wealth Creation,10659,0.82,Avoid Loan
35,2088957,37278,550539,Yes,2101350,485,Intermediate,High,3,Salaried,6,House,136801,1.01,Avoid Loan
33,1108332,30977,1752899,No,0,602,Intermediate,Low,3,Business,8,Education,61384,0.0,Save
24,1698413,118979,1068776,No,0,719,Beginner,Medium,1,Self-Employed,7,House,22555,0.0,Save
27,971255,44915,2018702,Yes,878153,899,Intermediate,Medium,2,Business,5,Wealth Creation,36022,0.9,Avoid Loan
25,2033509,134831,1973226,No,0,726,Beginner,Medium,1,Self-Employed,1,Retirement,34628,0.0,Save
25,1261568,63051,839655,No,0,404,Beginner,Medium,3,Business,3,House,42079,0.0,Avoid Loan
38,2392814,130794,1498922,No,0,817,Intermediate,Medium,3,Self-Employed,10,Retirement,68607,0.0,Invest
59,344280,25476,1244925,No,0,357,Beginner,Low,1,Self-Employed,11,House,3214,0.0,Avoid Loan
50,1320124,42656,1204347,No,0,887,Intermediate,Medium,5,Business,2,Retirement,67354,0.0,Save
58,474914,27549,1823196,No,0,728,Intermediate,Medium,5,Salaried,5,Education,12027,0.0,Save
60,2744490,138258,653281,No,0,493,Intermediate,Low,3,Business,0,House,90449,0.0,Avoid Loan
58,2871276,115936,2253466,No,0,881,Intermediate,High,3,Self-Employed,7,House,123337,0.0,Invest
25,2818059,174683,428566,No,0,828,Beginner,Low,4,Business,8,Retirement,60155,0.0,Invest
49,2893925,161515,1530540,Yes,58352,368,Intermediate,Low,4,Business,9,Wealth Creation,79645,0.02,Avoid Loan
56,908851,30362,1017640,No,0,744,Intermediate,Medium,2,Business,6,Education,45375,0.0,Invest
27,2014322,17085,101914,Yes,1447569,522,Intermediate,Medium,1,Salaried,10,Retirement,150775,0.72,Avoid Loan
30,2559337,149153,1045449,No,0,794,Intermediate,Medium,0,Salaried,2,Retirement,64125,0.0,Save
35,712736,21153,2465863,No,0,390,Expert,Medium,0,Salaried,3,House,38241,0.0,Avoid Loan
40,1332804,28726,406407,Yes,402791,639,Intermediate,Medium,0,Business,8,House,82341,0.3,Save
21,2579965,36268,1483185,Yes,1542662,697,Beginner,Medium,2,Self-Employed,5,House,178729,0.6,Avoid Loan
25,1567030,64727,524493,Yes,2173663,730,Expert,High,1,Business,9,Retirement,65858,1.39,Avoid Loan
41,621279,41326,655709,Yes,1007431,826,Beginner,Low,0,Salaried,12,Education,10447,1.62,Avoid Loan
56,873494,47400,1482006,No,0,629,Expert,Medium,3,Business,3,House,25391,0.0,Save
35,2539989,179939,1914857,No,0,472,Expert,Medium,4,Business,10,Retirement,31726,0.0,Avoid Loan
42,529022,22012,2367223,Yes,2488994,865,Intermediate,Low,1,Business,6,House,22073,4.7,Avoid Loan
31,956680,41892,320916,No,0,511,Intermediate,Medium,3,Self-Employed,9,Wealth Creation,37831,0.0,Avoid Loan
29,2427923,15130,356407,No,0,699,Beginner,Medium,3,Salaried,11,Wealth Creation,187196,0.0,Save
26,2358180,167162,273767,Yes,1958494,360,Intermediate,High,2,Self-Employed,6,Education,29353,0.83,Avoid Loan
60,475013,30633,395457,No,0,811,Beginner,High,2,Business,1,Education,8951,0.0,Save
34,1513336,95782,63385,Yes,1724394,424,Beginner,Low,0,Business,6,House,30329,1.14,Avoid Loan
25,593925,40749,975122,Yes,621259,700,Expert,Low,3,Business,10,House,8744,1.05,Avoid Loan
58,2743541,52721,1184802,Yes,1053799,446,Expert,Medium,0,Business,2,Retirement,175907,0.38,Avoid Loan
27,432255,18356,658666,Yes,1394499,486,Beginner,High,3,Salaried,5,Retirement,17665,3.23,Avoid Loan
36,2017214,19023,561316,Yes,537867,374,Intermediate,Low,4,Self-Employed,9,House,149078,0.27,Avoid Loan
57,1218741,26121,1384457,Yes,2457062,351,Beginner,Low,5,Salaried,2,House,75440,2.02,Avoid Loan
46,1389334,77352,2483010,No,0,577,Expert,Medium,1,Self-Employed,5,Education,38425,0.0,Avoid Loan
40,2060338,136809,2032738,No,0,812,Intermediate,Low,2,Business,5,House,34885,0.0,Save
22,288820,21423,1207170,No,0,520,Beginner,Medium,3,Salaried,4,House,2645,0.0,Avoid Loan
51,934237,29279,595639,No,0,596,Intermediate,High,3,Salaried,4,Wealth Creation,48574,0.0,Avoid Loan
56,2289715,34883,856090,No,0,632,Intermediate,Medium,2,Self-Employed,2,Wealth Creation,155926,0.0,Save
36,2258921,125764,603393,Yes,1961444,896,Expert,High,5,Business,6,House,62479,0.87,Avoid Loan
57,2055855,97616,1532497,No,0,425,Intermediate,Low,1,Self-Employed,7,Education,73705,0.0,Avoid Loan
32,2629732,155843,28409,Yes,1630929,804,Intermediate,High,2,Business,4,Retirement,63301,0.62,Avoid Loan
25,2024489,16748,1532990,No,0,758,Beginner,High,0,Business,6,Wealth Creation,151959,0.0,Invest
51,770066,51076,655703,No,0,357,Expert,Low,3,Salaried,10,Wealth Creation,13096,0.0,Avoid Loan
60,1922951,22335,67928,Yes,1145965,838,Intermediate,High,5,Salaried,10,Wealth Creation,137910,0.6,Avoid Loan
40,812704,33486,1044309,No,0,583,Intermediate,High,3,Business,10,Education,34239,0.0,Avoid Loan
49,2263279,85494,341007,Yes,1226870,634,Intermediate,Medium,1,Salaried,5,Education,103112,0.54,Avoid Loan
35,2081325,55324,128705,Yes,129025,496,Beginner,Medium,2,Self-Employed,2,Retirement,118119,0.06,Avoid Loan
48,606448,30858,830917,No,0,559,Intermediate,High,2,Business,12,Retirement,19679,0.0,Avoid Loan
59,1195627,65721,1698989,Yes,1434587,599,Beginner,Low,2,Business,1,Wealth Creation,33914,1.2,Avoid Loan
55,2387087,163270,176208,No,0,603,Beginner,Low,4,Salaried,8,House,35653,0.0,Save
33,1554694,89884,1008584,Yes,2311966,529,Expert,Low,5,Salaried,5,House,39673,1.49,Avoid Loan
53,2216606,97235,485732,Yes,1964216,475,Beginner,Low,3,Salaried,6,Wealth Creation,87482,0.89,Avoid Loan
38,2747770,185140,667260,No,0,372,Intermediate,Medium,2,Business,5,Wealth Creation,43840,0.0,Avoid Loan
30,1656693,54551,2297937,Yes,283520,719,Beginner,High,3,Self-Employed,12,Wealth Creation,83506,0.17,Save
45,1629660,121886,797373,Yes,91049,845,Intermediate,Medium,5,Self-Employed,0,Education,13919,0.06,Save
33,2610938,173722,1106398,No,0,843,Intermediate,Medium,1,Salaried,11,House,43856,0.0,Invest
56,2351893,19818,925694,No,0,766,Beginner,High,4,Business,2,Retirement,176173,0.0,Save
47,1019295,28827,373125,No,0,439,Beginner,Medium,4,Salaried,3,Wealth Creation,56114,0.0,Avoid Loan
33,2980150,96619,964670,Yes,1206856,621,Intermediate,Low,5,Self-Employed,9,Wealth Creation,151726,0.4,Save
52,2168932,92002,480411,Yes,149759,693,Intermediate,Low,4,Self-Employed,0,Education,88742,0.07,Save
26,1149335,39341,2281779,Yes,447307,609,Intermediate,High,0,Self-Employed,2,House,56436,0.39,Save
28,2750350,30971,883852,Yes,1906713,370,Beginner,Medium,0,Self-Employed,5,House,198224,0.69,Avoid Loan
39,1678479,102975,230560,Yes,149833,422,Expert,Low,1,Self-Employed,1,Wealth Creation,36898,0.09,Avoid Loan
34,1141577,77076,1929765,Yes,1069253,536,Beginner,Medium,5,Salaried,10,House,18055,0.94,Avoid Loan
42,2243660,143315,1218059,Yes,2488039,783,Intermediate,Low,1,Self-Employed,6,Education,43656,1.11,Avoid Loan
44,1998118,29141,1233555,No,0,389,Intermediate,Medium,1,Salaried,0,Wealth Creation,137368,0.0,Avoid Loan
26,733528,48108,994109,No,0,689,Expert,Medium,5,Salaried,7,House,13019,0.0,Save
48,1276122,84383,1092483,No,0,422,Expert,High,0,Business,6,Education,21960,0.0,Avoid Loan
23,2208445,57202,1971603,Yes,681582,569,Beginner,Medium,5,Self-Employed,3,Education,126835,0.31,Avoid Loan
54,2123139,53361,1667221,No,0,706,Expert,High,1,Business,5,Education,123567,0.0,Save
31,2648110,65237,1627912,Yes,1792017,734,Intermediate,Low,4,Salaried,3,Wealth Creation,155438,0.68,Avoid Loan
38,314708,17161,365409,No,0,365,Beginner,Low,4,Self-Employed,6,Retirement,9064,0.0,Avoid Loan
49,1689185,47472,477748,No,0,869,Beginner,Medium,2,Business,7,Education,93293,0.0,Invest
46,2929703,211709,395299,No,0,491,Intermediate,Medium,1,Salaried,5,Wealth Creation,32432,0.0,Avoid Loan
50,1964759,30291,826518,Yes,333034,724,Beginner,Medium,1,Business,5,House,133438,0.17,Save
34,2718736,160224,557388,Yes,2429268,588,Expert,High,2,Business,6,House,66337,0.89,Avoid Loan
47,1855548,60396,305210,No,0,821,Intermediate,Low,4,Self-Employed,12,Wealth Creation,94233,0.0,Invest
53,725789,43929,1701484,Yes,2421203,830,Beginner,High,3,Self-Employed,4,Retirement,16553,3.34,Avoid Loan
25,1575212,93733,1589908,Yes,1859318,885,Expert,Medium,0,Self-Employed,5,House,37534,1.18,Avoid Loan
27,2670784,33287,2288775,Yes,1709680,790,Beginner,Medium,3,Salaried,3,House,189278,0.64,Avoid Loan
33,329439,15868,1589413,Yes,1825745,388,Beginner,High,5,Salaried,8,Wealth Creation,11585,5.54,Avoid Loan
28,2242070,34178,2492848,No,0,855,Intermediate,High,3,Self-Employed,5,Retirement,152661,0.0,Save
59,310417,16642,2330637,Yes,791072,413,Beginner,Low,5,Business,12,Education,9226,2.55,Avoid Loan
31,1051146,69278,976395,Yes,1033302,518,Expert,High,3,Salaried,12,House,18317,0.98,Avoid Loan
58,2991514,173935,2015336,Yes,901809,440,Beginner,Medium,5,Self-Employed,1,Education,75357,0.3,Avoid Loan
46,1322094,89584,1091908,No,0,534,Intermediate,High,4,Business,1,House,20590,0.0,Avoid Loan
60,1917561,117221,1304696,No,0,677,Beginner,High,1,Salaried,3,House,42575,0.0,Save
40,801226,53364,1567786,Yes,2386120,540,Intermediate,Medium,3,Self-Employed,3,Wealth Creation,13404,2.98,Avoid Loan
35,1553936,92482,913564,Yes,896938,730,Beginner,Medium,4,Business,9,Education,37012,0.58,Avoid Loan
25,1207308,70291,2317414,Yes,959610,864,Beginner,Medium,1,Salaried,7,Education,30318,0.79,Avoid Loan
25,386242,20939,457765,Yes,2434717,797,Expert,High,1,Salaried,1,House,11247,6.3,Avoid Loan
39,2456233,100311,2372773,Yes,1642863,577,Intermediate,Low,3,Business,5,House,104375,0.67,Avoid Loan
29,1673277,16931,106533,No,0,403,Intermediate,Low,1,Self-Employed,9,House,122508,0.0,Avoid Loan
32,1746619,41907,2252933,Yes,1732452,506,Beginner,Medium,0,Self-Employed,10,Wealth Creation,103644,0.99,Avoid Loan
52,2692161,150915,1615802,Yes,2370830,846,Expert,Low,5,Business,2,Wealth Creation,73431,0.88,Avoid Loan
26,1351338,85748,1493658,No,0,743,Beginner,High,5,Salaried,10,Education,26863,0.0,Invest
29,492069,21126,1886024,No,0,596,Intermediate,Medium,0,Salaried,9,Education,19879,0.0,Avoid Loan
52,1598207,71924,1118677,No,0,534,Beginner,Medium,3,Salaried,2,Wealth Creation,61259,0.0,Avoid Loan
37,408413,24174,2406509,Yes,1672681,589,Intermediate,Medium,0,Business,2,House,9860,4.1,Avoid Loan
36,1255525,81329,2319522,No,0,383,Expert,Low,3,Salaried,11,House,23298,0.0,Avoid Loan
46,2131937,34734,708441,No,0,535,Intermediate,Medium,2,Business,4,Education,142927,0.0,Avoid Loan
40,1667096,108057,521779,No,0,716,Expert,High,5,Salaried,6,House,30867,0.0,Save
25,322281,16240,1855899,Yes,1147448,457,Intermediate,Low,0,Salaried,8,House,10616,3.56,Avoid Loan
23,891045,55581,1195716,No,0,558,Intermediate,Medium,1,Business,7,Education,18672,0.0,Avoid Loan
28,2435459,66826,202567,No,0,647,Intermediate,Medium,3,Salaried,9,Wealth Creation,136128,0.0,Save
29,1693809,30768,877194,No,0,572,Beginner,High,2,Self-Employed,11,Education,110382,0.0,Avoid Loan
31,663528,40738,1389151,Yes,1471206,442,Beginner,Medium,5,Self-Employed,5,Education,14556,2.22,Avoid Loan
38,1250723,65209,764193,Yes,2322886,640,Expert,Medium,1,Salaried,10,Education,39017,1.86,Avoid Loan
22,652552,21276,728260,Yes,740644,700,Intermediate,Medium,1,Salaried,10,House,33103,1.13,Avoid Loan
40,1369604,84545,1288971,Yes,2009966,611,Intermediate,Medium,5,Salaried,5,Wealth Creation,29588,1.47,Avoid Loan
42,913062,27185,487925,No,0,663,Beginner,Low,3,Self-Employed,1,Wealth Creation,48903,0.0,Save
28,2539558,70289,628259,No,0,831,Beginner,Medium,3,Self-Employed,5,Wealth Creation,141340,0.0,Save
39,1621221,33981,2298356,No,0,397,Intermediate,Low,2,Self-Employed,0,House,101120,0.0,Avoid Loan
57,1448979,41412,1830910,No,0,433,Intermediate,Low,3,Business,4,House,79336,0.0,Avoid Loan
59,2468801,26016,1060426,Yes,2006570,723,Beginner,Medium,3,Self-Employed,7,Retirement,179717,0.81,Avoid Loan
48,1693425,43299,803950,No,0,596,Beginner,Medium,1,Salaried,7,Education,97819,0.0,Avoid Loan
42,1986169,32312,1632146,No,0,421,Intermediate,High,1,Business,3,Education,133202,0.0,Avoid Loan
36,909251,19142,2352420,No,0,458,Intermediate,Low,1,Business,2,Education,56628,0.0,Avoid Loan
42,2845011,90094,1495644,Yes,680581,622,Expert,Low,1,Salaried,12,Retirement,146990,0.24,Save
39,2339583,147769,1605685,No,0,830,Beginner,Medium,5,Salaried,0,Education,47196,0.0,Save
52,1795150,102601,2246219,Yes,912574,630,Intermediate,High,5,Salaried,1,Education,46994,0.51,Avoid Loan
58,306223,15557,2077290,No,0,461,Beginner,Medium,1,Salaried,11,House,9961,0.0,Avoid Loan
22,2386007,155555,772359,Yes,1624305,754,Beginner,Medium,4,Business,4,Wealth Creation,43278,0.68,Avoid Loan
48,2728181,77156,113008,Yes,2260889,505,Beginner,Low,4,Salaried,5,Retirement,150192,0.83,Avoid Loan
25,2305939,169077,406703,No,0,541,Beginner,High,1,Business,6,Wealth Creation,23084,0.0,Avoid Loan
30,1851580,29445,1686124,No,0,681,Beginner,Medium,1,Self-Employed,12,House,124853,0.0,Save
28,1725586,128185,805014,No,0,815,Beginner,High,2,Self-Employed,4,House,15613,0.0,Save
43,2776225,108027,47842,Yes,1181034,754,Intermediate,Low,4,Salaried,2,House,123325,0.43,Avoid Loan
41,709361,33321,799978,Yes,903227,877,Intermediate,High,1,Business,12,Retirement,25792,1.27,Avoid Loan
38,2386020,44705,903694,No,0,838,Intermediate,Low,1,Business,5,House,154130,0.0,Save
59,2435966,15619,988813,No,0,384,Expert,Low,4,Self-Employed,9,Wealth Creation,187378,0.0,Avoid Loan
36,1299266,90219,1836466,Yes,1415438,709,Beginner,Low,4,Self-Employed,4,House,18053,1.09,Avoid Loan
47,310156,15077,1700485,Yes,1129350,631,Expert,Medium,4,Salaried,12,Wealth Creation,10769,3.64,Avoid Loan
43,1750149,64005,2145483,Yes,94716,740,Intermediate,Medium,1,Salaried,6,Education,81840,0.05,Invest
60,321954,23346,2148058,No,0,510,Beginner,Medium,0,Business,8,Education,3483,0.0,Avoid Loan
55,804243,26606,788646,Yes,1322871,371,Intermediate,Low,3,Self-Employed,4,Retirement,40414,1.64,Avoid Loan
22,295044,18396,777143,No,0,555,Expert,Low,2,Business,3,Wealth Creation,6191,0.0,Avoid Loan
37,2616378,190687,343496,Yes,1902465,620,Intermediate,High,2,Salaried,6,Education,27344,0.73,Avoid Loan
33,388215,21638,190791,Yes,563714,864,Intermediate,Low,3,Salaried,3,House,10713,1.45,Avoid Loan
45,2997359,115489,2448970,Yes,2381551,699,Beginner,High,2,Self-Employed,3,Education,134290,0.79,Avoid Loan
56,1108964,66464,1014578,No,0,672,Intermediate,Medium,0,Business,0,Retirement,25949,0.0,Save
24,2328877,147001,2470069,No,0,581,Beginner,Low,4,Self-Employed,10,Retirement,47072,0.0,Avoid Loan
36,365117,16890,1548163,No,0,455,Beginner,Low,1,Salaried,12,Wealth Creation,13536,0.0,Avoid Loan
41,1069242,33871,1342992,Yes,173136,821,Beginner,Low,5,Salaried,1,House,55232,0.16,Save
38,2184228,106539,843806,No,0,872,Beginner,High,2,Self-Employed,5,Retirement,75480,0.0,Save
58,2930085,66744,1606129,Yes,1204857,746,Expert,Low,0,Salaried,6,House,177429,0.41,Save
47,2039171,150328,1815676,Yes,188542,870,Beginner,Medium,1,Business,6,House,19602,0.09,Save
55,2512068,51421,1192308,No,0,885,Expert,Medium,0,Salaried,3,Wealth Creation,157918,0.0,Save
40,2604764,144207,42490,Yes,1087201,532,Intermediate,Medium,3,Self-Employed,1,House,72856,0.42,Avoid Loan
42,1997991,46816,2234300,No,0,442,Beginner,High,1,Self-Employed,12,Retirement,119683,0.0,Avoid Loan
58,2984821,35943,2463156,Yes,2166326,397,Intermediate,Medium,2,Business,3,House,212792,0.73,Avoid Loan
36,1928270,127298,50035,Yes,1638508,827,Intermediate,Medium,4,Business,2,House,33391,0.85,Avoid Loan
39,622260,26977,2428737,No,0,823,Beginner,Medium,2,Salaried,4,Retirement,24878,0.0,Save
59,373748,24463,1249032,No,0,573,Beginner,Medium,4,Business,4,Wealth Creation,6682,0.0,Avoid Loan
24,1822342,74627,1213062,Yes,786299,862,Beginner,High,5,Salaried,2,Wealth Creation,77234,0.43,Save
21,1806468,102460,2104369,Yes,2170005,685,Beginner,Low,0,Business,8,Education,48079,1.2,Avoid Loan
41,822200,44089,2410956,No,0,788,Beginner,Low,5,Salaried,4,Education,24427,0.0,Save
51,289722,20790,1334082,No,0,865,Intermediate,Medium,0,Self-Employed,3,House,3353,0.0,Save
48,1309190,97998,2031038,Yes,313744,376,Beginner,High,5,Self-Employed,12,Wealth Creation,11101,0.24,Avoid Loan
43,1917316,86047,520209,No,0,600,Intermediate,Low,3,Business,10,Education,73729,0.0,Save
27,1268173,92268,1860569,Yes,472926,768,Expert,Low,0,Business,0,Education,13413,0.37,Save
55,420245,23397,1821161,Yes,1135373,849,Intermediate,Medium,0,Salaried,7,Retirement,11623,2.7,Avoid Loan
47,889170,50087,1738109,No,0,773,Expert,Low,3,Self-Employed,11,House,24010,0.0,Save
37,1959061,141289,700453,Yes,927656,479,Beginner,High,0,Salaried,10,House,21966,0.47,Avoid Loan
38,1112298,27243,746904,No,0,413,Intermediate,Medium,4,Salaried,0,Education,65448,0.0,Avoid Loan
48,1596462,43849,1879973,No,0,569,Expert,High,4,Business,5,Education,89189,0.0,Avoid Loan
24,1855790,122504,1576118,No,0,754,Intermediate,High,0,Self-Employed,10,Wealth Creation,32145,0.0,Invest
27,464069,19344,1607831,No,0,443,Expert,Medium,1,Salaried,12,Retirement,19328,0.0,Avoid Loan
22,2991446,143868,600612,No,0,764,Intermediate,Medium,3,Business,0,Wealth Creation,105419,0.0,Save
41,1769677,26183,637561,No,0,465,Beginner,Medium,0,Business,3,House,121290,0.0,Avoid Loan
26,568206,36320,1131638,No,0,460,Beginner,Medium,0,Business,10,Wealth Creation,11030,0.0,Avoid Loan
53,1149961,19182,223829,No,0,429,Intermediate,High,1,Salaried,0,Wealth Creation,76648,0.0,Avoid Loan
39,1832229,32752,325859,No,0,494,Intermediate,Low,5,Self-Employed,4,Retirement,119933,0.0,Avoid Loan
40,575314,38057,93363,Yes,619987,421,Intermediate,Medium,2,Business,8,House,9885,1.08,Avoid Loan
59,2582478,51453,479327,No,0,524,Expert,Medium,3,Salaried,8,Education,163753,0.0,Avoid Loan
36,2568441,95433,947956,Yes,361900,665,Beginner,High,2,Self-Employed,12,Retirement,118603,0.14,Save
45,2485303,165471,1382785,No,0,863,Intermediate,Medium,2,Business,5,Wealth Creation,41637,0.0,Save
42,2757171,182279,1955136,No,0,367,Intermediate,Medium,5,Self-Employed,9,Wealth Creation,47485,0.0,Avoid Loan
54,2778437,132532,1859629,Yes,2006902,488,Beginner,Medium,3,Business,2,Education,99004,0.72,Avoid Loan
45,2096570,76562,2386328,Yes,2159361,758,Beginner,High,4,Salaried,2,House,98152,1.03,Avoid Loan
31,1212827,61717,2407368,Yes,1813790,478,Intermediate,Low,0,Self-Employed,2,House,39351,1.5,Avoid Loan
30,477281,26761,1080946,No,0,884,Beginner,Low,0,Self-Employed,3,Retirement,13012,0.0,Save
47,2604979,96868,571211,No,0,547,Beginner,Low,1,Business,0,Education,120213,0.0,Avoid Loan
26,398007,18992,2103802,Yes,348152,561,Beginner,Low,0,Salaried,1,Retirement,14175,0.87,Avoid Loan
21,1157657,43363,104290,Yes,1106087,645,Beginner,High,5,Salaried,11,Wealth Creation,53108,0.96,Avoid Loan
34,1069621,43497,2419416,No,0,452,Intermediate,Medium,3,Self-Employed,10,Wealth Creation,45638,0.0,Avoid Loan
43,1524504,50630,2267506,No,0,739,Intermediate,Low,2,Self-Employed,0,Education,76412,0.0,Save
39,1744203,81406,2029945,No,0,407,Intermediate,High,3,Business,0,House,63944,0.0,Avoid Loan
31,616929,25632,476375,Yes,1966344,632,Beginner,Medium,5,Business,1,Retirement,25778,3.19,Avoid Loan
34,2714388,135914,2080700,No,0,584,Beginner,Low,5,Self-Employed,12,House,90285,0.0,Avoid Loan
39,2397352,160344,142256,Yes,842584,733,Beginner,Low,2,Salaried,12,Retirement,39435,0.35,Save
45,2513527,30061,118336,Yes,194095,428,Beginner,Low,2,Business,9,Wealth Creation,179399,0.08,Avoid Loan
29,2992442,166558,1607244,Yes,208528,391,Beginner,Medium,1,Salaried,5,Education,82812,0.07,Avoid Loan
35,1462044,58658,2163809,No,0,555,Beginner,High,3,Self-Employed,3,House,63179,0.0,Avoid Loan
42,1691471,66642,1009687,Yes,1643793,779,Beginner,Low,4,Business,7,Retirement,74313,0.97,Avoid Loan
29,1192625,49918,1788859,No,0,660,Intermediate,High,2,Self-Employed,2,Retirement,49467,0.0,Save
57,942361,43224,593762,No,0,771,Beginner,Low,2,Salaried,2,Wealth Creation,35306,0.0,Save
28,1421942,72936,2370344,Yes,2424610,826,Intermediate,Low,0,Self-Employed,1,House,45559,1.71,Avoid Loan
30,2845603,74770,1435605,No,0,360,Beginner,Medium,2,Salaried,4,House,162363,0.0,Avoid Loan
41,1893000,101614,612820,No,0,547,Expert,Low,3,Salaried,3,Wealth Creation,56136,0.0,Avoid Loan
28,1994032,80790,440787,No,0,634,Beginner,Medium,1,Business,1,Education,85379,0.0,Save
37,903701,47261,2392850,No,0,430,Beginner,Low,2,Self-Employed,11,Wealth Creation,28047,0.0,Avoid Loan
40,2997638,125834,699809,No,0,533,Beginner,Low,5,Business,4,Education,123969,0.0,Avoid Loan
50,2602419,79330,631458,No,0,717,Beginner,Low,4,Business,8,Education,137538,0.0,Save
30,892600,16017,1395873,Yes,333896,666,Expert,High,0,Salaried,6,Retirement,58366,0.37,Save
37,1455137,19101,2018900,No,0,488,Expert,Low,2,Business,4,House,102160,0.0,Avoid Loan
53,1742397,102947,1083631,Yes,136798,405,Expert,High,1,Business,9,Retirement,42252,0.08,Avoid Loan
21,1481473,90059,403083,Yes,235746,423,Expert,Low,1,Self-Employed,11,House,33397,0.16,Avoid Loan
60,1321549,23594,2112228,No,0,818,Intermediate,Medium,1,Salaried,12,Retirement,86535,0.0,Invest
41,2356492,56275,1970940,No,0,534,Intermediate,Medium,5,Business,0,Education,140099,0.0,Avoid Loan
55,1213975,62868,2122622,No,0,669,Intermediate,Medium,4,Business,12,Education,38296,0.0,Save
25,798566,56435,1218944,No,0,353,Beginner,Low,1,Salaried,12,Wealth Creation,10112,0.0,Avoid Loan
39,455630,22905,294799,Yes,588076,749,Beginner,Medium,5,Salaried,0,Retirement,15064,1.29,Avoid Loan
36,1792330,19935,2395670,No,0,715,Intermediate,Low,1,Salaried,10,Retirement,129425,0.0,Save
36,1834175,65849,1966209,No,0,402,Intermediate,High,2,Self-Employed,0,Retirement,86998,0.0,Avoid Loan
54,437847,24824,1895974,No,0,892,Beginner,Medium,1,Salaried,7,Education,11663,0.0,Save
31,736116,46033,2412615,Yes,609975,785,Beginner,High,1,Self-Employed,9,Retirement,15310,0.83,Avoid Loan
25,2329094,57498,909913,Yes,1293596,491,Beginner,Medium,3,Self-Employed,9,Wealth Creation,136593,0.56,Avoid Loan
31,1865876,70572,880904,Yes,1088907,377,Beginner,Low,2,Salaried,5,House,84917,0.58,Avoid Loan
21,2856314,202590,245601,No,0,603,Beginner,Low,0,Business,5,Education,35436,0.0,Save
43,2356911,126744,2395935,No,0,651,Beginner,Low,2,Salaried,10,Retirement,69665,0.0,Save
27,1110430,57074,1280586,Yes,1680393,651,Expert,Low,1,Business,0,Wealth Creation,35461,1.51,Avoid Loan
50,1355074,98042,1209080,No,0,717,Beginner,Low,3,Salaried,6,House,14880,0.0,Save
25,2303648,49071,614862,Yes,772313,825,Intermediate,Low,3,Business,6,Education,142899,0.34,Save
23,2083877,122053,793704,No,0,631,Beginner,Low,0,Salaried,0,Retirement,51603,0.0,Save
33,2101964,36661,571201,No,0,452,Expert,High,5,Business,10,Retirement,138502,0.0,Avoid Loan
47,620586,43989,1284499,No,0,876,Intermediate,Medium,5,Self-Employed,3,Retirement,7726,0.0,Save
36,2882851,135924,1592079,No,0,561,Beginner,High,4,Self-Employed,4,Retirement,104313,0.0,Avoid Loan
21,1853408,63371,773688,No,0,444,Expert,High,2,Business,1,Retirement,91079,0.0,Avoid Loan
31,830535,55945,614648,No,0,876,Expert,Medium,1,Business,10,Retirement,13266,0.0,Save
33,1631271,34728,2419886,No,0,726,Beginner,Medium,5,Business,3,Retirement,101211,0.0,Save
60,546404,34372,243043,Yes,1527687,487,Intermediate,Low,2,Salaried,10,Wealth Creation,11161,2.8,Avoid Loan
28,2801079,69356,1500719,Yes,611462,399,Intermediate,Low,3,Self-Employed,7,Retirement,164067,0.22,Avoid Loan
52,1076284,75451,282776,Yes,1169063,892,Beginner,High,4,Self-Employed,11,House,14239,1.09,Avoid Loan
55,2830387,161565,2323726,No,0,508,Beginner,Medium,1,Self-Employed,11,Retirement,74300,0.0,Avoid Loan
49,526302,24074,528240,Yes,2159122,598,Intermediate,Low,2,Business,4,Retirement,19784,4.1,Avoid Loan
32,1061226,64813,1132163,Yes,1286255,462,Intermediate,Low,0,Self-Employed,5,Wealth Creation,23622,1.21,Avoid Loan
58,1068506,63217,1269113,No,0,521,Beginner,Low,5,Business,11,Wealth Creation,25825,0.0,Avoid Loan
33,2933576,145190,815152,Yes,1600709,616,Intermediate,Low,2,Salaried,1,Education,99274,0.55,Avoid Loan
46,2672020,49824,1084077,No,0,542,Expert,Low,0,Salaried,6,Wealth Creation,172844,0.0,Avoid Loan
48,1828096,124244,1866249,Yes,506117,748,Expert,Medium,1,Salaried,4,Retirement,28097,0.28,Save
59,1046231,54983,1121717,Yes,2351143,460,Intermediate,Low,2,Business,5,Education,32202,2.25,Avoid Loan
52,1812765,98763,2128469,Yes,2134817,433,Intermediate,Low,3,Business,1,House,52300,1.18,Avoid Loan
39,751304,46593,807382,Yes,2154573,532,Expert,High,2,Salaried,6,Retirement,16015,2.87,Avoid Loan
47,671567,34209,1365996,No,0,823,Intermediate,Low,0,Business,0,Wealth Creation,21754,0.0,Save
39,1495049,24822,1068764,No,0,561,Beginner,Low,4,Salaried,9,Wealth Creation,99765,0.0,Avoid Loan
25,518225,15735,1654818,Yes,1607638,566,Beginner,High,1,Self-Employed,2,Retirement,27450,3.1,Avoid Loan
51,1931886,16311,1479943,No,0,754,Intermediate,Low,2,Self-Employed,5,Retirement,144679,0.0,Save
58,1716089,102925,79004,Yes,2458499,792,Intermediate,Low,1,Self-Employed,0,Retirement,40082,1.43,Avoid Loan
22,1088956,26220,778238,Yes,464624,584,Beginner,Low,4,Business,1,House,64526,0.43,Avoid Loan
49,2650794,30781,271413,No,0,757,Intermediate,High,5,Self-Employed,6,House,190118,0.0,Save
58,350811,20026,783438,No,0,555,Intermediate,Medium,5,Business,0,Education,9208,0.0,Avoid Loan
50,2184613,140952,998407,No,0,829,Beginner,Medium,4,Self-Employed,1,House,41099,0.0,Save
24,2998387,50249,951908,Yes,600837,608,Expert,Low,5,Self-Employed,9,Education,199616,0.2,Save
28,1510229,90159,716403,Yes,531149,717,Beginner,High,0,Salaried,2,Retirement,35693,0.35,Save
35,2730057,171242,1172464,Yes,755954,396,Intermediate,High,3,Salaried,3,House,56262,0.28,Avoid Loan
46,2176672,65256,2074864,Yes,222758,485,Intermediate,Low,2,Self-Employed,1,Retirement,116133,0.1,Avoid Loan
47,2327488,134050,351648,No,0,543,Intermediate,Low,0,Salaried,11,House,59907,0.0,Avoid Loan
40,2872822,52876,2304050,No,0,843,Expert,High,5,Self-Employed,11,House,186525,0.0,Invest
23,2199301,33558,1287450,No,0,409,Beginner,Medium,1,Business,4,Education,149717,0.0,Avoid Loan
59,2288733,160576,691058,Yes,1977268,441,Intermediate,Low,3,Business,2,Education,30151,0.86,Avoid Loan
44,1096834,70956,203508,Yes,1162869,696,Intermediate,High,0,Business,8,House,20446,1.06,Avoid Loan
55,1506011,20577,602210,No,0,422,Expert,Medium,5,Salaried,5,Education,104923,0.0,Avoid Loan
54,357045,18983,2249668,Yes,359793,558,Intermediate,Low,4,Self-Employed,11,Education,10770,1.01,Avoid Loan
60,2991182,79026,1871241,No,0,740,Beginner,Low,3,Self-Employed,7,House,170239,0.0,Invest
42,2211861,114669,1631120,No,0,483,Beginner,Low,5,Self-Employed,1,House,69652,0.0,Avoid Loan
60,274149,19456,1590265,No,0,666,Expert,Medium,4,Self-Employed,2,Wealth Creation,3389,0.0,Save
54,2869214,85359,2497528,Yes,498415,413,Intermediate,High,4,Business,0,Retirement,153742,0.17,Avoid Loan
34,1786193,85896,56316,Yes,2405668,417,Expert,Medium,0,Business,4,House,62953,1.35,Avoid Loan
58,1857981,127722,348578,No,0,355,Beginner,High,4,Salaried,10,Wealth Creation,27109,0.0,Avoid Loan
46,1201876,70746,1762405,No,0,715,Intermediate,Medium,2,Salaried,5,Retirement,29410,0.0,Save
52,2004055,100915,1777409,Yes,2345563,478,Beginner,Low,4,Self-Employed,10,House,66089,1.17,Avoid Loan
33,1855345,100781,879024,Yes,2322930,715,Intermediate,Low,4,Salaried,4,Retirement,53831,1.25,Avoid Loan
37,2361724,140839,775046,No,0,532,Intermediate,Medium,5,Self-Employed,4,House,55971,0.0,Avoid Loan
55,2220470,31870,1962818,No,0,376,Expert,High,4,Business,4,Wealth Creation,153169,0.0,Avoid Loan
59,1935105,136013,2457471,Yes,1982613,750,Beginner,Medium,0,Business,7,House,25245,1.02,Avoid Loan
37,638321,18329,108022,No,0,370,Beginner,Low,5,Self-Employed,5,Education,34864,0.0,Avoid Loan
60,987229,59510,1438145,Yes,619451,857,Intermediate,High,1,Business,12,Education,22759,0.63,Avoid Loan
36,1425027,79261,1585282,Yes,705078,854,Intermediate,High,0,Salaried,12,Retirement,39491,0.49,Avoid Loan
30,1783884,18380,966175,Yes,1870345,730,Intermediate,High,0,Self-Employed,0,Wealth Creation,130277,1.05,Avoid Loan
57,2341057,70125,605571,No,0,422,Intermediate,High,1,Business,0,Wealth Creation,124963,0.0,Avoid Loan
36,1044783,50920,1044466,No,0,644,Intermediate,Low,4,Business,6,Retirement,36145,0.0,Save
55,1845729,50490,156495,Yes,1486893,621,Beginner,Medium,3,Self-Employed,1,House,103320,0.81,Avoid Loan
50,519758,38386,266424,No,0,376,Expert,Medium,2,Business,12,House,4927,0.0,Avoid Loan
44,2162416,111365,502390,Yes,1221686,626,Beginner,High,4,Salaried,12,Education,68836,0.56,Avoid Loan
36,1377993,25214,636423,No,0,578,Intermediate,Low,1,Self-Employed,11,Retirement,89618,0.0,Avoid Loan
50,2481229,20478,657021,Yes,2165049,376,Intermediate,Medium,3,Self-Employed,3,House,186291,0.87,Avoid Loan
41,1257681,33449,478412,No,0,661,Beginner,Low,2,Salaried,4,Wealth Creation,71357,0.0,Save
33,2789485,188773,626919,Yes,77295,672,Intermediate,Low,5,Salaried,0,Wealth Creation,43684,0.03,Save
51,2583957,125003,1592328,No,0,861,Intermediate,Medium,3,Business,10,House,90326,0.0,Invest
36,1352245,65862,1859375,No,0,778,Beginner,Medium,2,Self-Employed,6,Retirement,46825,0.0,Invest
24,1385083,18069,1139198,No,0,601,Beginner,High,3,Business,1,Wealth Creation,97354,0.0,Save
43,348253,19457,1962965,No,0,357,Intermediate,Low,4,Self-Employed,6,Wealth Creation,9564,0.0,Avoid Loan
50,2774188,35782,2470856,Yes,2167775,359,Beginner,High,1,Salaried,12,Education,195400,0.78,Avoid Loan
49,2782057,89982,2148699,No,0,737,Beginner,Medium,1,Business,12,Wealth Creation,141856,0.0,Invest
60,2120703,72001,1580705,No,0,711,Expert,Low,5,Self-Employed,6,House,104724,0.0,Save
51,1327433,43002,975387,Yes,1160942,434,Intermediate,Medium,3,Business,7,House,67617,0.87,Avoid Loan
29,2043041,19808,1060928,Yes,1971584,753,Expert,Low,5,Salaried,4,Wealth Creation,150445,0.97,Avoid Loan
23,2977952,114149,1796471,Yes,2204355,417,Beginner,High,2,Business,4,Wealth Creation,134013,0.74,Avoid Loan
45,1656306,120071,1987176,Yes,1913904,572,Expert,High,4,Business,5,Wealth Creation,17954,1.16,Avoid Loan
48,659427,46075,1477182,Yes,1637089,525,Beginner,Medium,5,Business,8,Wealth Creation,8877,2.48,Avoid Loan
40,2391153,57963,429317,Yes,1153501,492,Beginner,Medium,5,Business,6,Wealth Creation,141299,0.48,Avoid Loan
52,2198336,50081,1424359,Yes,54634,825,Beginner,High,1,Salaried,12,Education,133113,0.02,Invest
60,1561550,18942,938155,No,0,814,Beginner,Low,1,Salaried,8,Retirement,111187,0.0,Invest
30,300793,16984,673669,Yes,1362909,594,Intermediate,High,0,Business,7,Retirement,8082,4.53,Avoid Loan
35,702951,15128,620563,No,0,516,Expert,Medium,4,Salaried,9,Education,43451,0.0,Avoid Loan
35,1745352,122477,2071450,No,0,819,Expert,Medium,3,Salaried,1,Wealth Creation,22969,0.0,Save
57,2023776,128457,718027,Yes,1573245,687,Beginner,Low,2,Business,0,Wealth Creation,40191,0.78,Avoid Loan
24,2834517,160372,893197,No,0,486,Intermediate,Medium,1,Salaried,10,House,75837,0.0,Avoid Loan
51,2077941,145074,2240892,No,0,893,Expert,High,3,Salaried,4,House,28087,0.0,Save
58,2090694,146736,1185954,Yes,1015422,776,Beginner,High,3,Salaried,3,Wealth Creation,27488,0.49,Avoid Loan
27,1029067,50490,1605439,Yes,73806,510,Beginner,Medium,0,Self-Employed,6,House,35265,0.07,Avoid Loan
47,1396210,57800,1211332,No,0,383,Beginner,Medium,1,Self-Employed,1,Wealth Creation,58550,0.0,Avoid Loan
44,888367,46342,715862,Yes,123141,513,Intermediate,High,1,Salaried,7,House,27688,0.14,Avoid Loan
31,977416,15303,1981330,Yes,572994,738,Intermediate,Low,4,Salaried,4,Retirement,66148,0.59,Avoid Loan
48,925541,35473,277795,No,0,620,Intermediate,Low,0,Salaried,0,Education,41655,0.0,Save
59,2526311,45742,1324625,Yes,1241495,650,Intermediate,Medium,4,Self-Employed,12,Retirement,164783,0.49,Avoid Loan
45,2545992,66520,1322282,No,0,670,Intermediate,High,5,Salaried,4,Education,145646,0.0,Save
25,2738310,94843,1625294,Yes,721608,493,Beginner,Medium,0,Self-Employed,7,Wealth Creation,133349,0.26,Avoid Loan
22,1477204,48006,1451503,Yes,1918773,630,Intermediate,Low,2,Self-Employed,7,Retirement,75094,1.3,Avoid Loan
24,623772,35261,1180533,Yes,1863051,587,Beginner,Medium,3,Salaried,8,Education,16720,2.99,Avoid Loan
39,2472829,44781,276294,Yes,1508173,540,Expert,Low,5,Business,12,House,161288,0.61,Avoid Loan
44,619906,27757,940059,Yes,2371660,873,Expert,Low,1,Salaried,7,House,23901,3.83,Avoid Loan
51,1662303,93002,90520,Yes,1010858,842,Beginner,Medium,4,Self-Employed,9,Retirement,45523,0.61,Avoid Loan
40,1561443,16728,1728212,No,0,657,Intermediate,Medium,2,Business,12,House,113392,0.0,Save
25,284473,20418,2027876,Yes,397057,648,Beginner,Medium,4,Self-Employed,1,Education,3288,1.4,Avoid Loan
43,2499280,96122,2026493,No,0,609,Beginner,Low,4,Salaried,8,Education,112151,0.0,Save
57,262131,15754,748288,Yes,1321382,761,Intermediate,High,3,Self-Employed,0,House,6090,5.04,Avoid Loan
42,2353158,60180,359980,Yes,1590683,858,Intermediate,High,4,Self-Employed,0,Retirement,135916,0.68,Avoid Loan
39,425156,28297,1956736,Yes,1862247,371,Intermediate,Low,1,Self-Employed,4,Retirement,7132,4.38,Avoid Loan
46,310393,19470,453603,Yes,658481,537,Beginner,Medium,3,Self-Employed,3,Wealth Creation,6396,2.12,Avoid Loan
48,1829261,105086,67982,No,0,571,Beginner,High,5,Salaried,8,Education,47352,0.0,Avoid Loan
38,1504416,37908,2029120,Yes,360347,465,Beginner,Medium,1,Self-Employed,3,Wealth Creation,87460,0.24,Avoid Loan
39,667940,39717,2193114,Yes,708467,617,Beginner,Low,3,Self-Employed,8,House,15944,1.06,Avoid Loan
25,2684019,165503,444615,Yes,1204276,689,Beginner,High,3,Business,10,Retirement,58165,0.45,Save
45,2733575,171015,2165269,Yes,310227,710,Beginner,Low,3,Business,3,Wealth Creation,56782,0.11,Save
46,1779358,27860,1966961,Yes,874353,663,Intermediate,Medium,2,Self-Employed,9,Education,120419,0.49,Avoid Loan
22,2756240,120660,962597,No,0,522,Beginner,Medium,1,Salaried,12,Education,109026,0.0,Avoid Loan
38,1867909,22093,1328151,No,0,790,Intermediate,Medium,1,Self-Employed,3,Retirement,133566,0.0,Save
56,1147409,21690,1374810,No,0,742,Intermediate,Low,1,Self-Employed,6,House,73927,0.0,Invest
29,2482844,142652,197249,Yes,1957646,451,Beginner,Low,0,Self-Employed,4,Retirement,64251,0.79,Avoid Loan
55,2196640,50059,2314204,Yes,616770,565,Expert,Medium,2,Self-Employed,9,Retirement,132994,0.28,Avoid Loan
46,1273362,72865,626722,Yes,1504390,820,Intermediate,Medium,0,Salaried,1,Wealth Creation,33248,1.18,Avoid Loan
39,1253697,81396,1814027,No,0,515,Expert,Low,3,Self-Employed,0,Retirement,23078,0.0,Avoid Loan
49,771205,17473,28184,Yes,163766,728,Beginner,High,4,Self-Employed,5,Education,46794,0.21,Avoid Loan
32,1248581,63719,1683408,No,0,553,Expert,High,4,Business,1,House,40329,0.0,Avoid Loan
22,1770950,96681,466987,Yes,496025,539,Intermediate,Low,5,Salaried,11,House,50898,0.28,Avoid Loan
32,1053598,57895,1676771,Yes,851421,410,Intermediate,Low,0,Self-Employed,10,Wealth Creation,29904,0.81,Avoid Loan
31,1826728,50572,1629499,No,0,529,Intermediate,High,5,Self-Employed,10,House,101655,0.0,Avoid Loan
31,395856,15243,2128882,No,0,564,Intermediate,High,5,Business,11,Retirement,17745,0.0,Avoid Loan
37,1398009,31687,2036600,No,0,427,Beginner,Medium,3,Self-Employed,9,Wealth Creation,84813,0.0,Avoid Loan
58,1858244,125195,491080,No,0,815,Beginner,Low,4,Business,11,House,29658,0.0,Invest
41,2217606,113563,1906790,Yes,1490985,652,Beginner,Medium,2,Salaried,9,Retirement,71237,0.67,Avoid Loan
50,1754994,128007,522307,No,0,778,Beginner,Medium,1,Salaried,7,House,18242,0.0,Save
31,2090197,141582,1443258,No,0,442,Intermediate,High,0,Business,1,Wealth Creation,32601,0.0,Avoid Loan
29,1464307,55144,48824,Yes,2301904,675,Intermediate,Low,2,Salaried,1,House,66881,1.57,Avoid Loan
57,2768062,45425,1284101,No,0,635,Expert,High,0,Self-Employed,4,Retirement,185246,0.0,Save
32,2626939,130932,946340,No,0,403,Beginner,Medium,0,Salaried,10,Wealth Creation,87979,0.0,Avoid Loan
36,579790,34998,2020186,No,0,607,Beginner,Medium,4,Salaried,1,House,13317,0.0,Save
52,1588128,44359,292719,Yes,1487560,604,Intermediate,Low,1,Salaried,7,Wealth Creation,87985,0.94,Avoid Loan
26,268340,15016,2135596,Yes,2405783,894,Expert,Medium,1,Self-Employed,8,Retirement,7345,8.97,Avoid Loan
24,2584288,163927,1027293,Yes,459374,524,Beginner,High,0,Salaried,4,Retirement,51430,0.18,Avoid Loan
28,2665001,177211,2471057,No,0,666,Beginner,Low,0,Business,0,Education,44872,0.0,Save
46,1757438,100039,2007039,No,0,569,Expert,High,3,Salaried,5,Education,46414,0.0,Avoid Loan
46,2360559,90941,1502141,No,0,854,Beginner,Low,0,Salaried,6,House,105772,0.0,Invest
39,2316144,44343,1622257,Yes,426141,595,Expert,Medium,2,Self-Employed,3,Education,148669,0.18,Avoid Loan
31,1501957,95478,1516393,Yes,1741256,556,Intermediate,Low,1,Business,12,House,29685,1.16,Avoid Loan
35,2272070,169603,44857,Yes,213483,460,Intermediate,Medium,1,Salaried,10,Education,19736,0.09,Avoid Loan
35,1402041,38719,188328,No,0,455,Intermediate,High,1,Business,1,Education,78117,0.0,Avoid Loan
53,398010,20612,1647636,Yes,1189194,703,Expert,Medium,2,Self-Employed,4,Education,12555,2.99,Avoid Loan
43,1436707,28140,1759292,No,0,506,Beginner,High,5,Business,1,Education,91585,0.0,Avoid Loan
37,2788415,182105,1311331,Yes,1208941,552,Intermediate,Medium,3,Business,4,Retirement,50262,0.43,Avoid Loan
45,977655,62785,1905891,Yes,373747,753,Beginner,Low,5,Business,8,House,18686,0.38,Save
27,1047146,17299,682012,No,0,703,Beginner,High,1,Salaried,4,Wealth Creation,69963,0.0,Save
34,1124001,17194,915206,No,0,377,Intermediate,High,1,Salaried,12,Education,76472,0.0,Avoid Loan
23,1215267,53007,1766233,Yes,2245264,733,Beginner,High,1,Self-Employed,4,Education,48265,1.85,Avoid Loan
30,1855951,87010,266838,Yes,1569071,539,Beginner,High,2,Salaried,3,Education,67652,0.85,Avoid Loan
38,843510,19174,2159071,No,0,394,Beginner,Low,2,Business,7,House,51118,0.0,Avoid Loan
51,2821000,154343,1818956,Yes,842357,498,Beginner,Medium,3,Business,6,Wealth Creation,80740,0.3,Avoid Loan
60,2839184,25932,110928,No,0,395,Expert,Medium,4,Salaried,11,Wealth Creation,210666,0.0,Avoid Loan
52,1932689,88143,806855,No,0,642,Beginner,High,0,Business,9,House,72914,0.0,Save
32,976450,55578,1736914,No,0,459,Expert,Medium,0,Self-Employed,1,House,25792,0.0,Avoid Loan
28,1687215,106086,255258,Yes,814160,625,Intermediate,Medium,2,Self-Employed,6,Education,34515,0.48,Avoid Loan
31,2243325,121359,223697,No,0,685,Beginner,Low,4,Self-Employed,9,Education,65584,0.0,Save
45,1044538,38733,2428225,Yes,75476,610,Intermediate,Medium,0,Business,3,Retirement,48311,0.07,Save
32,2505164,70713,886314,No,0,498,Beginner,Medium,5,Business,5,Wealth Creation,138050,0.0,Avoid Loan
25,1949352,117899,1183956,No,0,770,Beginner,Medium,4,Business,5,House,44547,0.0,Save
58,1488698,59081,284610,No,0,746,Beginner,Low,4,Business,3,Retirement,64977,0.0,Save
52,2184119,108414,57696,No,0,882,Beginner,Low,5,Salaried,0,Education,73595,0.0,Save
55,2182969,45586,1720968,Yes,2276111,638,Beginner,Medium,0,Salaried,7,Retirement,136328,1.04,Avoid Loan
60,492736,17129,485779,No,0,497,Beginner,Low,5,Salaried,12,Retirement,23932,0.0,Avoid Loan
52,968800,39869,1099511,Yes,349564,886,Intermediate,Low,4,Business,12,House,40864,0.36,Save
33,2739583,163967,1824719,No,0,602,Expert,High,1,Business,8,House,64331,0.0,Save
23,865522,28898,197343,No,0,476,Expert,Low,3,Salaried,6,Retirement,43228,0.0,Avoid Loan
46,2430670,37983,2448039,Yes,1372936,631,Intermediate,High,2,Business,9,Retirement,164572,0.56,Avoid Loan
52,1588608,112810,1761060,No,0,504,Beginner,Medium,1,Self-Employed,3,House,19574,0.0,Avoid Loan
31,1106860,23436,1014509,No,0,422,Beginner,Low,5,Salaried,0,House,68802,0.0,Avoid Loan
34,1956942,134533,2289410,Yes,2389126,516,Intermediate,Low,4,Salaried,12,Retirement,28545,1.22,Avoid Loan
36,1118702,46952,655706,Yes,151439,778,Beginner,Medium,4,Salaried,1,Education,46273,0.14,Save
39,1673313,85172,993069,No,0,742,Expert,High,4,Business,2,Wealth Creation,54270,0.0,Save
23,345385,16284,1025675,Yes,1674544,613,Intermediate,Low,1,Self-Employed,5,Wealth Creation,12498,4.85,Avoid Loan
49,2943154,44767,499412,Yes,2410292,720,Intermediate,Medium,3,Business,12,Education,200495,0.82,Avoid Loan
55,1259421,84467,1582985,Yes,2034127,393,Intermediate,Low,3,Business,2,Wealth Creation,20484,1.62,Avoid Loan
54,2574984,106740,1287844,No,0,550,Intermediate,Medium,5,Business,5,Wealth Creation,107842,0.0,Avoid Loan
32,1348527,99323,434796,Yes,1277610,735,Beginner,Low,0,Salaried,2,House,13054,0.95,Avoid Loan
58,782279,55381,1121589,No,0,859,Beginner,High,0,Self-Employed,4,House,9808,0.0,Save
25,392640,24361,1801969,No,0,830,Intermediate,Low,4,Self-Employed,0,House,8359,0.0,Save
21,2623183,138621,838185,No,0,806,Beginner,Medium,5,Self-Employed,0,House,79977,0.0,Save
36,362204,24197,275587,Yes,927977,667,Intermediate,Low,3,Self-Employed,11,Wealth Creation,5986,2.56,Avoid Loan
37,1825538,108006,397687,No,0,746,Beginner,High,0,Business,6,Retirement,44122,0.0,Invest
50,902786,36464,124073,No,0,773,Intermediate,Medium,0,Salaried,0,Wealth Creation,38768,0.0,Save
35,2056165,117525,986267,No,0,746,Beginner,High,5,Salaried,8,House,53822,0.0,Invest
22,2384676,39769,2393756,Yes,2380067,604,Expert,Low,3,Business,9,Retirement,158954,1.0,Avoid Loan
54,2057765,82653,922230,Yes,98517,584,Beginner,Medium,2,Salaried,3,House,88827,0.05,Avoid Loan
37,1066748,60954,854225,Yes,2247247,359,Expert,Medium,5,Self-Employed,6,Wealth Creation,27941,2.11,Avoid Loan
28,2413048,127093,2398119,Yes,1660269,595,Beginner,High,2,Self-Employed,2,Wealth Creation,73994,0.69,Avoid Loan
35,1544321,52735,2009410,No,0,395,Beginner,Low,1,Self-Employed,8,Retirement,75958,0.0,Avoid Loan
56,2276249,69899,962801,No,0,570,Beginner,Medium,1,Salaried,10,Education,119788,0.0,Avoid Loan
58,723489,39342,105114,No,0,657,Beginner,Low,1,Salaried,7,Retirement,20948,0.0,Save
58,2631640,92373,1675593,Yes,62856,735,Expert,High,1,Self-Employed,8,Retirement,126930,0.02,Invest
49,532097,25830,2309070,Yes,1657122,564,Intermediate,Low,2,Business,8,Education,18511,3.11,Avoid Loan
22,2163359,121546,1884993,Yes,1458568,454,Intermediate,Medium,2,Business,3,Wealth Creation,58733,0.67,Avoid Loan
49,989220,19100,1659768,Yes,2047808,555,Beginner,High,3,Salaried,9,Education,63335,2.07,Avoid Loan
35,1509924,51052,1897429,Yes,105664,721,Beginner,Low,1,Self-Employed,0,Retirement,74775,0.07,Save
24,1778290,35936,307140,Yes,426399,688,Beginner,High,4,Self-Employed,11,Retirement,112254,0.24,Save
53,478939,33333,509401,Yes,390250,420,Beginner,Low,2,Salaried,1,Wealth Creation,6578,0.81,Avoid Loan
55,828894,21773,1623181,No,0,633,Beginner,Low,0,Self-Employed,0,Retirement,47301,0.0,Save
48,1623281,54957,1690957,Yes,529329,531,Intermediate,Low,2,Business,4,Education,80316,0.33,Avoid Loan
45,2811983,127969,1473131,Yes,647884,371,Intermediate,Medium,5,Self-Employed,1,Education,106362,0.23,Avoid Loan
38,606085,36812,1454821,Yes,1782779,385,Beginner,Low,0,Business,2,Retirement,13695,2.94,Avoid Loan
32,2066459,78052,534663,No,0,742,Intermediate,Low,1,Salaried,1,Retirement,94152,0.0,Save
38,2042203,120721,1449163,No,0,505,Intermediate,High,5,Self-Employed,12,House,49462,0.0,Avoid Loan
44,1153995,18891,1807747,No,0,430,Beginner,Medium,2,Business,2,House,77275,0.0,Avoid Loan
43,1697299,18086,573774,Yes,2220748,659,Intermediate,High,3,Business,4,Retirement,123355,1.31,Avoid Loan
43,2037618,108450,1858147,No,0,514,Beginner,Low,5,Salaried,10,House,61351,0.0,Avoid Loan
54,2355803,89337,1555502,Yes,2290825,475,Intermediate,High,4,Salaried,2,Wealth Creation,106979,0.97,Avoid Loan
26,1508572,57556,1266778,No,0,670,Beginner,High,4,Self-Employed,12,Wealth Creation,68158,0.0,Save
33,2543177,168978,211263,Yes,1164584,689,Beginner,Medium,3,Self-Employed,7,Retirement,42953,0.46,Avoid Loan
30,2018122,54024,1219477,No,0,498,Expert,Medium,1,Business,10,House,114152,0.0,Avoid Loan
49,1452594,80516,1402383,No,0,637,Intermediate,High,1,Business,0,Retirement,40533,0.0,Save
33,2263460,127345,2339691,No,0,789,Expert,Low,5,Salaried,12,Wealth Creation,61276,0.0,Invest
28,2574310,145072,933455,Yes,163179,672,Beginner,Low,4,Salaried,7,Retirement,69453,0.06,Save
36,2632066,17435,1272456,Yes,1518706,508,Expert,Low,2,Self-Employed,5,Education,201903,0.58,Avoid Loan
31,1079804,37894,267683,No,0,687,Intermediate,Medium,1,Self-Employed,8,Retirement,52089,0.0,Save
24,2965791,183337,2391115,Yes,1370753,584,Beginner,Medium,4,Business,8,Retirement,63812,0.46,Avoid Loan
40,306817,15372,2429588,Yes,2288033,597,Intermediate,High,2,Business,5,Wealth Creation,10196,7.46,Avoid Loan
39,2880202,39742,620267,No,0,634,Intermediate,Medium,1,Business,1,Retirement,200274,0.0,Save
39,1836640,126985,2351283,No,0,397,Intermediate,High,5,Salaried,0,Education,26068,0.0,Avoid Loan
30,1455677,76398,1588183,Yes,1983139,548,Beginner,Medium,4,Business,7,Wealth Creation,44908,1.36,Avoid Loan
52,805247,27370,1306945,No,0,838,Beginner,Medium,4,Salaried,9,Wealth Creation,39733,0.0,Invest
42,1585597,15124,1481170,Yes,336165,900,Beginner,Low,4,Salaried,4,Education,117009,0.21,Save
37,956246,44261,1819668,Yes,904055,560,Beginner,High,5,Business,11,Retirement,35426,0.95,Avoid Loan
34,2747340,187612,1631961,Yes,793578,893,Expert,High,5,Salaried,11,House,41333,0.29,Invest
23,1204734,87621,985092,Yes,248322,583,Beginner,Low,2,Business,4,Wealth Creation,12773,0.21,Avoid Loan
45,711419,48403,1007459,No,0,574,Beginner,Low,4,Self-Employed,5,House,10881,0.0,Avoid Loan
25,2203890,48866,1022893,Yes,2353309,697,Intermediate,Medium,5,Salaried,3,Education,134791,1.07,Avoid Loan
32,485347,15861,544259,Yes,2305131,853,Expert,High,2,Business,3,Education,24584,4.75,Avoid Loan
60,460262,16853,1597200,No,0,546,Expert,Low,4,Business,1,Retirement,21502,0.0,Avoid Loan
44,540374,26489,925317,Yes,1741103,407,Beginner,Medium,0,Self-Employed,7,Wealth Creation,18542,3.22,Avoid Loan
48,550409,37199,785075,Yes,773050,482,Expert,Medium,5,Salaried,11,Retirement,8668,1.4,Avoid Loan
43,807338,36775,247965,No,0,804,Intermediate,Low,0,Business,2,Wealth Creation,30503,0.0,Save
46,1261086,45424,1387518,No,0,425,Intermediate,High,3,Salaried,7,Education,59666,0.0,Avoid Loan
50,2392908,142310,247586,Yes,637465,504,Beginner,Low,1,Business,5,Wealth Creation,57099,0.27,Avoid Loan
45,1348384,51173,927089,No,0,757,Beginner,Low,0,Business,1,Retirement,61192,0.0,Save
56,794545,18629,1193220,Yes,2122075,866,Expert,Low,3,Salaried,10,Retirement,47583,2.67,Avoid Loan
49,1073297,49412,366213,Yes,1950787,443,Beginner,High,0,Business,1,House,40029,1.82,Avoid Loan
40,2057282,34184,879892,No,0,562,Expert,Low,5,Business,5,Education,137256,0.0,Avoid Loan
33,442012,24866,2260792,Yes,1666220,808,Intermediate,Medium,4,Business,12,Education,11968,3.77,Avoid Loan
47,2426704,134664,906801,No,0,479,Beginner,Low,4,Business,9,House,67561,0.0,Avoid Loan
43,2701684,152837,1282002,No,0,607,Intermediate,Medium,4,Self-Employed,12,Retirement,72303,0.0,Save
48,764659,43301,1205014,No,0,846,Beginner,Medium,0,Salaried,7,House,20420,0.0,Save
35,1623117,68361,942512,No,0,544,Expert,Medium,2,Self-Employed,2,Education,66898,0.0,Avoid Loan
33,2275801,124219,1336120,No,0,731,Intermediate,High,1,Business,12,Wealth Creation,65431,0.0,Invest
52,833096,18028,2172707,No,0,668,Intermediate,Medium,4,Salaried,1,Retirement,51396,0.0,Save
57,1291380,78290,501182,Yes,356825,629,Intermediate,High,1,Self-Employed,11,Education,29325,0.28,Save
24,1440797,58009,2088961,Yes,2195036,796,Expert,Low,5,Salaried,7,Wealth Creation,62057,1.52,Avoid Loan
59,1208497,68334,2011370,Yes,2393758,463,Beginner,Medium,1,Salaried,8,Wealth Creation,32374,1.98,Avoid Loan
52,1866523,50403,1856338,No,0,778,Expert,Low,1,Self-Employed,0,Wealth Creation,105140,0.0,Save
43,1623865,24702,147689,No,0,381,Beginner,High,4,Self-Employed,0,Education,110620,0.0,Avoid Loan
45,1894425,77655,2256362,Yes,2034688,853,Beginner,Medium,3,Self-Employed,0,Wealth Creation,80213,1.07,Avoid Loan
35,2372243,177047,1958485,No,0,752,Beginner,High,5,Business,10,Education,20639,0.0,Save
44,2086518,93918,729955,Yes,1760237,890,Expert,High,5,Self-Employed,10,Education,79958,0.84,Avoid Loan
22,2365430,174074,2203311,Yes,1743526,803,Expert,Low,1,Self-Employed,6,Education,23045,0.74,Avoid Loan
43,2049918,58501,2055827,No,0,623,Expert,Medium,0,Business,5,House,112325,0.0,Save
27,281091,19742,1546543,Yes,1434831,486,Intermediate,Medium,2,Business,1,House,3682,5.1,Avoid Loan
41,1205515,77455,416239,Yes,2035158,887,Intermediate,Low,3,Business,0,Wealth Creation,23004,1.69,Avoid Loan
41,1261851,63829,2159227,Yes,1674498,690,Expert,Medium,2,Self-Employed,1,House,41325,1.33,Avoid Loan
51,792217,57733,1919057,Yes,1637675,701,Beginner,Medium,1,Business,9,Wealth Creation,8285,2.07,Avoid Loan
57,2978966,99058,1542973,Yes,128827,885,Intermediate,Low,3,Salaried,4,House,149189,0.04,Save
32,404327,29959,596278,No,0,495,Intermediate,High,0,Business,12,Education,3734,0.0,Avoid Loan
39,1081649,25418,930442,No,0,440,Beginner,Medium,0,Salaried,6,House,64719,0.0,Avoid Loan
44,2270410,93095,1013357,No,0,627,Beginner,Low,3,Salaried,0,Retirement,96105,0.0,Save
44,2047674,147041,1287921,No,0,793,Intermediate,Medium,3,Business,9,Education,23598,0.0,Save
40,1530045,16212,33861,Yes,1313887,695,Intermediate,High,1,Salaried,7,Retirement,111291,0.86,Avoid Loan
46,1483299,29464,2419101,Yes,1569590,578,Beginner,Low,4,Business,5,Education,94144,1.06,Avoid Loan
30,2435273,103906,331537,Yes,480037,515,Expert,Medium,5,Business,0,Wealth Creation,99033,0.2,Avoid Loan
57,926309,54871,1205255,No,0,687,Beginner,Medium,0,Salaried,1,Wealth Creation,22321,0.0,Save
29,2758573,60219,2078190,Yes,750845,361,Beginner,Medium,3,Self-Employed,7,House,169662,0.27,Avoid Loan
53,650258,33290,220439,No,0,537,Intermediate,High,2,Self-Employed,1,Education,20898,0.0,Avoid Loan
21,1926724,91467,282149,No,0,715,Intermediate,High,2,Salaried,10,Wealth Creation,69093,0.0,Save
47,1245622,75479,2308255,No,0,718,Beginner,Low,2,Self-Employed,12,Retirement,28322,0.0,Save
55,1184090,15658,1480699,Yes,145595,582,Intermediate,High,4,Self-Employed,12,Wealth Creation,83016,0.12,Avoid Loan
60,2464418,57444,1377428,Yes,1109901,684,Intermediate,Medium,3,Salaried,1,Education,147924,0.45,Save
40,2822418,125947,1438628,Yes,436901,473,Intermediate,High,0,Salaried,0,Retirement,109254,0.15,Avoid Loan
58,534727,29301,1770591,No,0,465,Beginner,Low,3,Business,3,Education,15259,0.0,Avoid Loan
31,1042569,26672,1659635,No,0,793,Intermediate,Medium,2,Salaried,4,House,60208,0.0,Save
38,1428979,58022,1588018,No,0,487,Beginner,Medium,4,Salaried,2,House,61059,0.0,Avoid Loan
51,851273,25952,1579848,Yes,1528954,541,Beginner,High,3,Salaried,12,Education,44987,1.8,Avoid Loan
45,2441679,133054,1914711,Yes,636992,679,Intermediate,High,2,Salaried,6,Education,70419,0.26,Save
55,737991,39902,1425685,Yes,231243,574,Expert,Low,4,Salaried,3,Retirement,21597,0.31,Avoid Loan
30,2305546,114247,1685686,No,0,884,Intermediate,High,2,Self-Employed,10,House,77881,0.0,Invest
42,1412871,46891,1844617,No,0,695,Intermediate,Low,4,Business,6,House,70848,0.0,Save
35,1326760,42534,175032,No,0,567,Beginner,Medium,0,Self-Employed,2,Wealth Creation,68029,0.0,Avoid Loan
46,2829812,31430,2044865,No,0,798,Intermediate,Low,5,Self-Employed,8,Wealth Creation,204387,0.0,Invest
28,261204,16852,96192,Yes,642446,359,Beginner,High,2,Salaried,0,Retirement,4915,2.46,Avoid Loan
60,563003,26180,948602,Yes,1433464,532,Expert,High,5,Business,6,Wealth Creation,20736,2.55,Avoid Loan
41,301341,18718,90573,No,0,886,Intermediate,High,5,Business,3,Wealth Creation,6393,0.0,Save
28,2999622,53644,1435523,No,0,781,Beginner,Low,4,Self-Employed,5,Education,196324,0.0,Save
38,2927673,15873,673322,No,0,458,Intermediate,Medium,1,Self-Employed,1,Education,228099,0.0,Avoid Loan
50,1476298,27132,507765,No,0,769,Beginner,Low,0,Salaried,7,Retirement,95892,0.0,Invest
53,516720,25312,830849,Yes,1572173,684,Intermediate,Low,5,Self-Employed,12,Retirement,17748,3.04,Avoid Loan
57,2082008,142250,1696622,No,0,413,Expert,Medium,5,Self-Employed,8,House,31250,0.0,Avoid Loan
28,1147791,59001,1452062,No,0,704,Intermediate,Low,4,Salaried,12,Wealth Creation,36648,0.0,Save
51,1043773,75312,1876991,Yes,1399582,601,Beginner,High,2,Business,3,Retirement,11669,1.34,Avoid Loan
46,407575,28436,2393291,Yes,2023033,757,Beginner,Medium,4,Salaried,1,Wealth Creation,5528,4.96,Avoid Loan
28,774437,26587,2479258,Yes,961607,482,Intermediate,Low,3,Business,3,Wealth Creation,37949,1.24,Avoid Loan
25,968918,29137,2426338,Yes,1032464,632,Intermediate,Low,5,Self-Employed,3,House,51606,1.07,Avoid Loan
40,1551896,97090,2083672,Yes,1520014,825,Expert,Low,1,Business,1,Retirement,32234,0.98,Avoid Loan
34,275981,16426,2137272,No,0,586,Beginner,Medium,4,Self-Employed,6,Retirement,6572,0.0,Avoid Loan
58,1107794,33575,1923783,No,0,698,Beginner,Low,4,Business,12,Wealth Creation,58741,0.0,Save
34,1854724,125535,971203,No,0,781,Intermediate,Medium,1,Salaried,4,House,29025,0.0,Save
45,2695825,79526,928101,Yes,704743,556,Beginner,High,5,Salaried,2,Education,145126,0.26,Avoid Loan
43,2520075,87319,1002445,Yes,1322185,780,Beginner,Medium,2,Self-Employed,11,Wealth Creation,122687,0.52,Avoid Loan
22,1013607,62794,61087,Yes,948065,384,Intermediate,High,5,Salaried,8,Wealth Creation,21673,0.94,Avoid Loan
33,2790327,187153,972081,Yes,1122345,458,Intermediate,Medium,4,Salaried,6,Wealth Creation,45374,0.4,Avoid Loan
45,2214942,53262,446562,No,0,579,Beginner,High,0,Business,5,Wealth Creation,131316,0.0,Avoid Loan
42,273515,20448,769601,Yes,1901642,890,Intermediate,High,1,Salaried,12,House,2344,6.95,Avoid Loan
21,630625,38070,1514298,Yes,1998554,708,Beginner,Low,0,Self-Employed,7,House,14482,3.17,Avoid Loan
39,2210126,161316,1153965,Yes,1070129,427,Beginner,High,0,Salaried,8,Retirement,22861,0.48,Avoid Loan
38,617977,26975,762941,No,0,889,Beginner,High,3,Business,11,House,24523,0.0,Save
54,2571572,157540,1337008,No,0,502,Expert,High,0,Salaried,6,Education,56757,0.0,Avoid Loan
52,2794390,79779,172525,Yes,439141,798,Intermediate,Low,3,Business,5,Wealth Creation,153086,0.16,Save
48,341088,15877,2251321,No,0,395,Intermediate,Medium,2,Business,3,Education,12547,0.0,Avoid Loan
24,264631,16686,959144,No,0,767,Expert,High,1,Salaried,9,Retirement,5366,0.0,Save
44,1235982,68480,823647,Yes,603104,642,Beginner,Low,4,Self-Employed,9,House,34518,0.49,Avoid Loan
43,561089,29242,1681686,Yes,1982709,768,Beginner,Medium,1,Self-Employed,7,Education,17515,3.53,Avoid Loan
55,852803,61202,1076488,Yes,610392,703,Beginner,Low,3,Self-Employed,9,House,9864,0.72,Avoid Loan
43,2023118,118635,1129124,Yes,1695292,516,Beginner,High,4,Business,5,Education,49958,0.84,Avoid Loan
29,1369182,65062,2399413,Yes,1713189,862,Intermediate,Low,3,Self-Employed,7,Retirement,49036,1.25,Avoid Loan
49,1682976,50836,2181336,Yes,2491979,391,Intermediate,Medium,3,Self-Employed,9,Retirement,89412,1.48,Avoid Loan
23,1072576,55868,506601,Yes,97366,387,Expert,High,2,Salaried,4,Retirement,33513,0.09,Avoid Loan
37,2748202,61136,763043,Yes,1892454,552,Intermediate,Medium,3,Self-Employed,2,Retirement,167880,0.69,Avoid Loan
59,2658308,138041,1069031,Yes,134847,727,Beginner,Low,2,Salaried,4,Education,83484,0.05,Save
49,2908707,162023,1103193,No,0,876,Beginner,Medium,0,Self-Employed,0,Wealth Creation,80369,0.0,Save
22,808524,54697,1505626,Yes,141550,401,Beginner,Low,4,Self-Employed,7,Wealth Creation,12680,0.18,Avoid Loan
23,1181567,67973,1554617,No,0,407,Expert,Low,0,Salaried,6,Wealth Creation,30490,0.0,Avoid Loan
39,451138,19306,363882,No,0,598,Intermediate,Medium,5,Salaried,0,House,18288,0.0,Avoid Loan
50,1770728,92772,2259778,No,0,603,Expert,Low,4,Salaried,5,Retirement,54788,0.0,Save
45,2524852,141556,2451829,Yes,782066,452,Intermediate,Low,1,Salaried,3,Wealth Creation,68848,0.31,Avoid Loan
38,2440353,130310,1806395,Yes,97632,872,Expert,Low,3,Salaried,5,Education,73052,0.04,Save
28,2451007,52400,2370399,Yes,1113298,366,Intermediate,Medium,0,Salaried,1,Retirement,151850,0.45,Avoid Loan
46,2347462,112731,375097,No,0,749,Intermediate,Medium,5,Salaried,6,House,82890,0.0,Invest
52,2801975,70250,782730,Yes,1153694,808,Beginner,Medium,4,Business,10,Wealth Creation,163247,0.41,Save
22,638623,39740,1697986,No,0,508,Intermediate,Medium,2,Self-Employed,9,House,13478,0.0,Avoid Loan
55,740920,21221,283739,No,0,819,Intermediate,Medium,4,Business,3,Retirement,40522,0.0,Save
50,2279040,79665,88741,No,0,720,Beginner,Low,2,Self-Employed,4,House,110255,0.0,Save
56,2394236,149263,1198730,No,0,573,Intermediate,Medium,4,Business,5,Retirement,50256,0.0,Avoid Loan
42,2460303,98432,1300419,No,0,655,Expert,Low,5,Salaried,7,Retirement,106593,0.0,Save
41,2165894,95962,1236218,No,0,540,Intermediate,Low,3,Salaried,6,Wealth Creation,84529,0.0,Avoid Loan
28,772643,41460,1446343,No,0,435,Intermediate,High,1,Salaried,4,House,22926,0.0,Avoid Loan
30,581677,26508,1439321,Yes,1113263,444,Expert,Medium,1,Self-Employed,0,Wealth Creation,21965,1.91,Avoid Loan
57,1633644,54831,1218409,Yes,762172,686,Beginner,Medium,4,Business,12,House,81306,0.47,Avoid Loan
54,1228562,62487,710238,No,0,673,Beginner,High,0,Salaried,4,House,39893,0.0,Save
22,1373868,82057,903898,No,0,637,Beginner,Low,2,Self-Employed,2,Wealth Creation,32432,0.0,Save
41,2689593,33283,644542,Yes,2326532,775,Expert,Low,1,Business,2,Retirement,190849,0.87,Avoid Loan
32,2907808,137342,1117502,No,0,622,Beginner,High,0,Business,2,Retirement,104975,0.0,Save
49,2059717,151825,1463878,Yes,1353293,501,Beginner,Low,5,Business,7,House,19818,0.66,Avoid Loan
51,2810909,143652,2278791,No,0,807,Intermediate,Low,3,Salaried,12,Retirement,90590,0.0,Invest
41,1768536,19567,2157381,No,0,827,Beginner,High,5,Business,3,Retirement,127811,0.0,Save
31,1846982,98402,833681,Yes,856752,661,Intermediate,High,3,Salaried,3,House,55513,0.46,Avoid Loan
44,660351,26321,332098,No,0,741,Intermediate,Medium,1,Business,10,Retirement,28708,0.0,Invest
23,1298581,60029,69011,No,0,653,Intermediate,Low,2,Self-Employed,0,Retirement,48186,0.0,Save
45,2229612,90955,307752,No,0,499,Intermediate,Low,5,Business,6,Wealth Creation,94846,0.0,Avoid Loan
35,323861,23609,1189259,Yes,384496,538,Intermediate,Medium,5,Salaried,3,Wealth Creation,3379,1.19,Avoid Loan
27,2322488,69772,2158989,No,0,490,Expert,High,2,Salaried,1,Wealth Creation,123768,0.0,Avoid Loan
39,2570587,178459,1001619,Yes,2433007,413,Expert,High,0,Business,2,Retirement,35756,0.95,Avoid Loan
60,431314,24582,259419,Yes,2314941,454,Beginner,Low,2,Self-Employed,8,Education,11360,5.37,Avoid Loan
53,1389309,37152,938333,No,0,594,Beginner,Low,3,Self-Employed,11,House,78623,0.0,Avoid Loan
24,1052019,65374,2438527,No,0,606,Beginner,Medium,3,Self-Employed,7,House,22294,0.0,Save
51,2832525,51045,1765383,No,0,839,Expert,Medium,1,Salaried,11,Wealth Creation,184998,0.0,Invest
31,1088034,34926,2314164,Yes,2279342,350,Beginner,Low,4,Salaried,5,House,55743,2.09,Avoid Loan
44,1106573,53373,570712,Yes,2317234,402,Beginner,High,5,Self-Employed,5,House,38841,2.09,Avoid Loan
32,856707,62377,1933902,No,0,691,Intermediate,Medium,1,Salaried,9,House,9015,0.0,Save
35,2289025,54849,31804,Yes,2118781,607,Intermediate,Low,0,Salaried,6,Wealth Creation,135903,0.93,Avoid Loan
55,468699,17588,2248603,Yes,2256791,551,Intermediate,Low,0,Self-Employed,3,House,21470,4.82,Avoid Loan
57,1243899,78630,2455311,Yes,2449252,880,Beginner,Low,3,Self-Employed,2,Education,25028,1.97,Avoid Loan
38,1025678,76862,2391857,Yes,1451452,397,Intermediate,Medium,1,Self-Employed,1,Wealth Creation,8611,1.42,Avoid Loan
57,2813183,155036,1992114,Yes,1074729,389,Beginner,Low,1,Self-Employed,0,Retirement,79395,0.38,Avoid Loan
30,2150610,143894,479205,Yes,1164242,528,Beginner,Medium,2,Self-Employed,8,Retirement,35323,0.54,Avoid Loan
50,2185212,76957,2102438,Yes,2227392,487,Beginner,Low,2,Business,11,Retirement,105144,1.02,Avoid Loan
32,2662461,70027,2416600,No,0,419,Beginner,Low,2,Self-Employed,9,House,151844,0.0,Avoid Loan
60,803360,24258,2464574,Yes,2328310,419,Beginner,Medium,0,Salaried,2,Education,42688,2.9,Avoid Loan
35,2255117,118949,1090100,Yes,340520,691,Beginner,Low,3,Self-Employed,1,House,68977,0.15,Save
35,1929928,75211,502793,Yes,2317289,416,Beginner,Medium,1,Salaried,8,House,85616,1.2,Avoid Loan
43,551486,20217,340264,No,0,403,Intermediate,Low,1,Self-Employed,10,House,25740,0.0,Avoid Loan
28,1591769,91118,2430894,No,0,360,Intermediate,High,0,Salaried,11,House,41529,0.0,Avoid Loan
29,1119170,44987,223017,No,0,805,Expert,Low,4,Self-Employed,10,Wealth Creation,48277,0.0,Save
31,917061,32439,1829286,No,0,490,Expert,Medium,3,Business,2,House,43982,0.0,Avoid Loan
42,2364515,163700,449869,No,0,396,Intermediate,Low,3,Business,1,House,33342,0.0,Avoid Loan
39,2798142,61749,1768794,Yes,912026,746,Beginner,Low,2,Self-Employed,2,Retirement,171429,0.33,Save
54,396871,22429,653990,Yes,118715,866,Intermediate,High,3,Self-Employed,9,Education,10643,0.3,Save
23,2663254,95299,1237620,Yes,2064946,542,Beginner,Medium,0,Business,0,Education,126638,0.78,Avoid Loan
52,996420,47191,2202784,No,0,374,Beginner,High,1,Self-Employed,1,Education,35844,0.0,Avoid Loan
28,2406674,65030,2148173,No,0,602,Beginner,High,4,Self-Employed,1,Wealth Creation,135526,0.0,Save
38,347627,20860,447438,Yes,2250187,545,Beginner,High,0,Business,10,House,8108,6.47,Avoid Loan
45,2579589,132445,2186108,Yes,1411366,476,Intermediate,Low,4,Salaried,3,House,82520,0.55,Avoid Loan
46,2598717,15433,2063535,Yes,326457,835,Expert,Medium,0,Salaried,6,Education,201126,0.13,Invest
53,887283,47946,138335,Yes,2143498,361,Intermediate,Medium,1,Salaried,11,Wealth Creation,25994,2.42,Avoid Loan
60,1631284,76499,1872265,No,0,732,Intermediate,High,4,Self-Employed,3,Education,59441,0.0,Save
36,1080756,56868,627243,Yes,136264,610,Intermediate,Medium,2,Self-Employed,8,Wealth Creation,33195,0.13,Save
55,937711,35321,52660,No,0,391,Intermediate,Medium,2,Self-Employed,9,House,42821,0.0,Avoid Loan
36,1054053,68284,294037,Yes,1991401,797,Intermediate,Medium,3,Self-Employed,8,Education,19553,1.89,Avoid Loan
26,1590971,45306,1726046,No,0,355,Expert,Medium,5,Business,10,Wealth Creation,87274,0.0,Avoid Loan
34,2301905,131881,550439,Yes,1318837,721,Intermediate,Low,0,Self-Employed,3,House,59944,0.57,Avoid Loan
45,2263058,35849,605618,No,0,548,Intermediate,Low,5,Salaried,8,Retirement,152739,0.0,Avoid Loan
25,1467393,103191,1253445,No,0,859,Beginner,Medium,2,Salaried,10,Retirement,19091,0.0,Save
54,369730,19389,817670,Yes,1817272,837,Intermediate,Low,2,Business,10,House,11421,4.92,Avoid Loan
58,2062272,61694,624910,No,0,373,Intermediate,Low,3,Self-Employed,6,House,110162,0.0,Avoid Loan
28,2570835,81473,214198,Yes,1754002,761,Intermediate,Low,2,Salaried,0,House,132763,0.68,Avoid Loan
29,1349762,36083,58539,No,0,472,Expert,Medium,2,Business,11,Wealth Creation,76397,0.0,Avoid Loan
26,2626946,129708,2321851,Yes,2464431,727,Intermediate,High,5,Self-Employed,12,Education,89204,0.94,Avoid Loan
55,2592735,88062,1731945,Yes,1504137,430,Beginner,Medium,3,Business,0,Wealth Creation,127999,0.58,Avoid Loan
41,2652780,61591,277397,No,0,605,Intermediate,Medium,3,Salaried,1,Education,159474,0.0,Save
27,1322902,95579,295135,No,0,656,Intermediate,High,0,Salaried,8,Wealth Creation,14662,0.0,Save
26,1227640,18929,843534,Yes,1530478,895,Intermediate,Low,2,Self-Employed,10,House,83374,1.25,Avoid Loan
27,1686646,101005,1266934,No,0,446,Intermediate,Low,1,Salaried,8,Retirement,39548,0.0,Avoid Loan
33,1066437,50053,681803,No,0,372,Intermediate,Medium,3,Self-Employed,8,Wealth Creation,38816,0.0,Avoid Loan
35,1335775,79968,1376532,Yes,1965390,549,Beginner,Low,3,Self-Employed,8,Education,31346,1.47,Avoid Loan
30,2591726,101731,594794,No,0,564,Expert,High,1,Salaried,9,Wealth Creation,114246,0.0,Avoid Loan
56,1826142,81230,2067542,Yes,1344345,417,Beginner,Medium,3,Self-Employed,10,Retirement,70948,0.74,Avoid Loan
54,2596244,180099,561061,Yes,921758,545,Intermediate,High,3,Self-Employed,8,Retirement,36254,0.36,Avoid Loan
26,2800749,118407,895310,Yes,1717464,787,Beginner,Low,5,Self-Employed,10,Wealth Creation,114988,0.61,Avoid Loan
26,479267,20831,619626,Yes,2070973,570,Expert,Low,5,Salaried,9,House,19107,4.32,Avoid Loan
21,2342545,99954,261997,Yes,1755696,586,Intermediate,High,5,Self-Employed,0,Retirement,95258,0.75,Avoid Loan
40,1129804,21462,549354,Yes,1890440,715,Intermediate,Medium,0,Business,12,Retirement,72688,1.67,Avoid Loan
24,1602990,72502,978232,No,0,376,Beginner,Low,5,Business,4,Wealth Creation,61080,0.0,Avoid Loan
40,2958014,123422,257711,No,0,621,Beginner,Medium,1,Salaried,12,Wealth Creation,123079,0.0,Save
34,1852762,135285,254941,Yes,1444083,550,Beginner,Low,3,Business,3,Retirement,19111,0.78,Avoid Loan
60,1483910,74792,810420,Yes,2195898,718,Intermediate,Low,1,Business,2,House,48867,1.48,Avoid Loan
46,1288712,79397,1587540,Yes,968453,551,Beginner,Medium,2,Salaried,12,House,27995,0.75,Avoid Loan
24,485287,33111,1801130,Yes,354765,860,Beginner,High,0,Salaried,10,Education,7329,0.73,Avoid Loan
30,1148419,41105,2401884,No,0,643,Beginner,High,4,Salaried,12,Retirement,54596,0.0,Save
38,744120,24191,1736744,No,0,581,Expert,Low,2,Self-Employed,2,House,37819,0.0,Avoid Loan
35,2662292,70913,1338994,No,0,661,Expert,Medium,5,Self-Employed,1,Wealth Creation,150944,0.0,Save
36,2515291,180200,1267177,No,0,882,Intermediate,Medium,3,Self-Employed,3,Education,29407,0.0,Save
54,842923,20653,907303,Yes,213203,392,Intermediate,Low,1,Self-Employed,8,Wealth Creation,49590,0.25,Avoid Loan
30,1083673,16713,650082,No,0,796,Expert,Medium,3,Business,4,Retirement,73593,0.0,Save
33,276271,19854,231413,No,0,853,Expert,Low,3,Self-Employed,12,Wealth Creation,3168,0.0,Save
53,498698,29329,1405613,Yes,1064122,775,Intermediate,Medium,1,Business,4,Retirement,12229,2.13,Avoid Loan
55,2561211,89834,1646750,Yes,1514694,447,Beginner,High,1,Business,4,Wealth Creation,123600,0.59,Avoid Loan
39,2994521,88190,373918,Yes,1993654,624,Beginner,High,4,Business,4,Education,161353,0.67,Avoid Loan
39,2589071,184398,563826,No,0,746,Expert,Medium,5,Salaried,10,Retirement,31357,0.0,Invest
49,2151535,48194,1411002,Yes,1553503,722,Intermediate,Medium,1,Salaried,0,Wealth Creation,131100,0.72,Avoid Loan
29,1440399,52977,1222911,No,0,552,Beginner,Low,0,Business,3,House,67056,0.0,Avoid Loan
44,2903203,163297,2091401,No,0,720,Expert,High,4,Business,2,Retirement,78636,0.0,Save
27,2285073,55267,1561692,No,0,601,Intermediate,Medium,4,Business,8,Education,135155,0.0,Save
43,2562354,41805,1315222,No,0,439,Beginner,Medium,1,Salaried,0,House,171724,0.0,Avoid Loan
26,1792896,73084,1189047,Yes,2440178,735,Beginner,Medium,3,Salaried,3,Education,76324,1.36,Avoid Loan
60,1965046,17313,1342335,Yes,445418,707,Expert,Low,2,Salaried,6,Retirement,146440,0.23,Save
47,2483275,66531,1933925,No,0,790,Expert,Medium,3,Salaried,1,Wealth Creation,140408,0.0,Save
58,1513667,93977,1631028,No,0,748,Intermediate,Low,5,Self-Employed,2,Retirement,32161,0.0,Save
24,2993994,73466,689962,Yes,2103290,712,Beginner,Medium,2,Self-Employed,1,House,176033,0.7,Avoid Loan
50,1478803,23546,423950,No,0,881,Beginner,Low,0,Salaried,12,Retirement,99687,0.0,Invest
37,2543881,97109,2462135,Yes,563348,472,Intermediate,High,2,Business,3,Retirement,114881,0.22,Avoid Loan
28,1670215,105055,937620,Yes,424666,493,Beginner,High,3,Self-Employed,3,Retirement,34129,0.25,Avoid Loan
37,2315301,57823,1293012,Yes,593027,457,Beginner,Medium,2,Self-Employed,4,Education,135118,0.26,Avoid Loan
21,2411305,117630,378492,Yes,1137184,670,Beginner,Low,3,Self-Employed,2,House,83312,0.47,Avoid Loan
59,495060,33067,1802628,Yes,1105443,849,Beginner,High,2,Self-Employed,0,Education,8188,2.23,Avoid Loan
58,2421605,51064,1719467,Yes,216386,554,Intermediate,Low,0,Self-Employed,11,Retirement,150736,0.09,Avoid Loan
49,835897,40583,2118832,Yes,2170905,879,Intermediate,Low,2,Business,5,Retirement,29075,2.6,Avoid Loan
24,908391,57404,1668750,Yes,862605,876,Beginner,Medium,5,Self-Employed,0,Wealth Creation,18295,0.95,Avoid Loan
34,2884750,188034,2041697,Yes,2206391,490,Intermediate,Low,3,Business,5,Education,52361,0.76,Avoid Loan
28,389325,22803,868277,Yes,2246254,850,Beginner,High,2,Self-Employed,8,Retirement,9640,5.77,Avoid Loan
41,2163510,88055,1371920,Yes,1834861,846,Intermediate,Low,2,Business,2,Wealth Creation,92237,0.85,Avoid Loan
51,2045368,69572,908990,No,0,658,Beginner,High,3,Self-Employed,6,Education,100875,0.0,Save
22,2559084,147420,493825,Yes,929408,794,Intermediate,Low,3,Salaried,9,Wealth Creation,65837,0.36,Save
37,2544497,143741,2422204,No,0,884,Beginner,Medium,4,Salaried,2,House,68300,0.0,Save
46,1869234,38572,1565596,No,0,403,Intermediate,High,3,Business,7,Education,117197,0.0,Avoid Loan
40,413706,21543,52649,No,0,623,Intermediate,Medium,3,Self-Employed,12,House,12932,0.0,Save
56,2479742,112193,1569761,Yes,602669,457,Beginner,Low,4,Self-Employed,8,Education,94452,0.24,Avoid Loan
48,1888395,60476,2240788,Yes,864784,686,Beginner,Medium,3,Self-Employed,12,Retirement,96890,0.46,Avoid Loan
38,1852533,82285,1019981,Yes,840055,828,Beginner,Medium,0,Salaried,12,Wealth Creation,72092,0.45,Save
30,609546,28806,1652565,Yes,1955470,594,Beginner,Medium,3,Salaried,1,Retirement,21989,3.21,Avoid Loan
37,1457395,107625,2138057,No,0,370,Beginner,Medium,2,Business,5,House,13824,0.0,Avoid Loan
49,686709,21271,1320467,No,0,772,Expert,Medium,1,Business,2,Wealth Creation,35954,0.0,Save
27,2330941,145903,1069354,No,0,729,Beginner,High,4,Self-Employed,0,Wealth Creation,48342,0.0,Save
32,2352047,152365,2408434,Yes,1723665,853,Intermediate,Low,0,Business,0,House,43638,0.73,Avoid Loan
29,1128412,82464,724070,Yes,729376,717,Beginner,Medium,4,Salaried,9,Retirement,11570,0.65,Avoid Loan
54,1288252,15620,1757829,Yes,2235891,631,Intermediate,Low,2,Self-Employed,2,Retirement,91734,1.74,Avoid Loan
55,2440193,107730,250654,Yes,1193870,717,Beginner,Low,3,Business,9,Wealth Creation,95619,0.49,Avoid Loan
32,867521,18830,1278079,Yes,290210,643,Intermediate,Medium,2,Salaried,10,Retirement,53463,0.33,Save
45,2881177,203960,288661,No,0,354,Beginner,High,4,Self-Employed,6,Wealth Creation,36138,0.0,Avoid Loan
35,1614286,43271,2180224,No,0,815,Intermediate,Low,2,Salaried,7,Wealth Creation,91252,0.0,Invest
52,1200235,58798,654653,Yes,818816,671,Expert,Medium,0,Self-Employed,4,Wealth Creation,41221,0.68,Avoid Loan
36,1628555,115201,1716930,No,0,525,Expert,Medium,4,Salaried,3,House,20511,0.0,Avoid Loan
54,1597877,42269,99806,No,0,892,Intermediate,High,4,Self-Employed,9,House,90887,0.0,Save
33,863359,38385,64584,No,0,424,Expert,Medium,2,Salaried,1,Retirement,33561,0.0,Avoid Loan
48,1947733,56530,692589,Yes,303851,355,Intermediate,Low,0,Business,6,Retirement,105781,0.16,Avoid Loan
32,1578466,48565,810388,Yes,198900,866,Expert,Medium,5,Salaried,0,Wealth Creation,82973,0.13,Save
44,2283059,68487,2339300,Yes,1497028,521,Beginner,High,0,Self-Employed,8,House,121767,0.66,Avoid Loan
50,2420484,49897,744413,No,0,886,Beginner,High,4,Salaried,6,Wealth Creation,151810,0.0,Invest
43,1239708,87574,1004518,No,0,865,Expert,Medium,1,Self-Employed,9,Wealth Creation,15735,0.0,Save
23,2299966,71629,373615,Yes,2205997,426,Expert,High,0,Salaried,9,House,120034,0.96,Avoid Loan
44,1329078,29226,2492799,No,0,491,Expert,Low,1,Salaried,3,Wealth Creation,81530,0.0,Avoid Loan
22,1179443,27670,1297729,Yes,1159502,708,Beginner,High,0,Salaried,10,Retirement,70616,0.98,Avoid Loan
33,1251014,40929,1926189,No,0,529,Intermediate,Low,2,Business,4,Retirement,63322,0.0,Avoid Loan
36,1340884,19496,309919,No,0,484,Beginner,Low,4,Self-Employed,9,Retirement,92244,0.0,Avoid Loan
47,2520209,33468,170892,Yes,1672363,831,Beginner,High,0,Business,11,House,176549,0.66,Avoid Loan
34,2758660,133381,2311427,No,0,644,Intermediate,High,2,Self-Employed,12,House,96507,0.0,Save
40,1499330,40887,1091264,Yes,1088836,783,Expert,Medium,4,Salaried,4,House,84057,0.73,Avoid Loan
52,723440,53361,2445340,No,0,768,Expert,Low,0,Salaried,4,Retirement,6925,0.0,Save
46,2873634,92795,742576,No,0,549,Beginner,High,3,Business,9,Retirement,146674,0.0,Avoid Loan
54,2595491,187823,1308647,No,0,729,Intermediate,Medium,3,Salaried,9,Education,28467,0.0,Invest
25,2604031,50683,798262,Yes,1498794,605,Beginner,Low,2,Self-Employed,0,Retirement,166319,0.58,Avoid Loan
24,1256329,44647,1156692,No,0,401,Beginner,Low,3,Salaried,11,Retirement,60047,0.0,Avoid Loan
23,2600157,189840,309611,No,0,521,Expert,Low,2,Business,6,House,26839,0.0,Avoid Loan
22,2778905,148849,2453709,No,0,648,Beginner,High,4,Self-Employed,6,Education,82726,0.0,Save
46,1112122,55809,669492,No,0,826,Intermediate,Low,3,Business,9,Wealth Creation,36867,0.0,Invest
36,889414,25043,1543175,Yes,1519856,676,Intermediate,Low,3,Business,11,Retirement,49074,1.71,Avoid Loan
24,854163,62879,2029439,Yes,783343,478,Intermediate,High,1,Self-Employed,2,House,8301,0.92,Avoid Loan
29,2321045,20459,1730059,No,0,793,Beginner,Low,3,Salaried,12,Retirement,172961,0.0,Invest
41,2176928,97164,2275426,Yes,1044144,733,Intermediate,Low,1,Business,9,Wealth Creation,84246,0.48,Avoid Loan
54,406831,21836,1240185,No,0,655,Expert,High,3,Self-Employed,10,Wealth Creation,12066,0.0,Save
40,1861006,40563,1451326,No,0,835,Expert,High,0,Salaried,1,Education,114520,0.0,Save
39,2488270,60181,1251691,No,0,442,Beginner,Medium,5,Business,10,Retirement,147174,0.0,Avoid Loan
55,2249695,151232,55850,No,0,838,Beginner,High,3,Salaried,8,Education,36242,0.0,Save
49,616652,15795,678201,Yes,2160254,859,Intermediate,Medium,0,Salaried,7,House,35592,3.5,Avoid Loan
60,2055294,75282,147070,No,0,395,Beginner,Low,0,Business,11,Education,95992,0.0,Avoid Loan
21,1413341,28980,2067970,Yes,2160961,570,Beginner,Medium,5,Self-Employed,12,House,88798,1.53,Avoid Loan
49,1859137,76266,817405,No,0,899,Expert,Low,3,Salaried,10,Wealth Creation,78662,0.0,Invest
48,2362732,27933,509802,No,0,692,Beginner,Medium,4,Business,8,Education,168961,0.0,Save
60,2685307,55729,206635,Yes,1198413,755,Intermediate,High,0,Salaried,1,House,168046,0.45,Save
35,439241,16551,2282803,No,0,712,Beginner,Low,1,Self-Employed,10,House,20052,0.0,Save
32,1679278,70127,1747043,No,0,653,Beginner,High,4,Business,11,Retirement,69812,0.0,Save
54,1851052,58929,1580321,Yes,985994,566,Beginner,High,0,Salaried,6,House,95325,0.53,Avoid Loan
43,2178138,99455,1734395,Yes,2432346,868,Beginner,Medium,0,Self-Employed,10,Education,82056,1.12,Avoid Loan
45,1519333,42778,2084130,Yes,581088,356,Intermediate,High,0,Business,9,Education,83833,0.38,Avoid Loan
52,1851965,90128,43272,Yes,1942733,799,Expert,Medium,3,Self-Employed,6,House,64202,1.05,Avoid Loan
56,1193647,62581,312595,No,0,661,Beginner,Medium,0,Salaried,11,Retirement,36889,0.0,Save
48,1656967,26166,656631,Yes,578623,574,Intermediate,Medium,3,Salaried,12,Retirement,111914,0.35,Avoid Loan
40,295611,20135,197708,No,0,484,Beginner,Medium,5,Salaried,2,Education,4499,0.0,Avoid Loan
25,1258758,91286,373596,Yes,2272879,830,Beginner,High,5,Salaried,9,Education,13610,1.81,Avoid Loan
45,1296143,62671,1590318,Yes,741567,566,Beginner,Low,0,Business,10,Wealth Creation,45340,0.57,Avoid Loan
46,1966967,126317,1461489,Yes,633159,542,Expert,Low,2,Salaried,4,House,37596,0.32,Avoid Loan
24,936727,33954,1018514,Yes,1553931,848,Beginner,Medium,4,Business,5,Wealth Creation,44106,1.66,Avoid Loan
56,388176,21360,1116639,No,0,455,Intermediate,Low,5,Self-Employed,2,Wealth Creation,10988,0.0,Avoid Loan
43,1245320,35399,660816,No,0,517,Expert,Low,2,Self-Employed,0,Education,68377,0.0,Avoid Loan
47,2904812,212108,70882,No,0,449,Intermediate,Medium,0,Salaried,9,Wealth Creation,29959,0.0,Avoid Loan
45,1307173,92238,1167255,Yes,1896316,528,Beginner,Medium,4,Salaried,3,Education,16693,1.45,Avoid Loan
39,844091,39320,440367,No,0,687,Beginner,Low,5,Salaried,10,House,31020,0.0,Save
29,417056,22116,1679412,No,0,739,Beginner,Medium,1,Business,3,Wealth Creation,12638,0.0,Save
40,1422233,104884,446234,Yes,219093,627,Intermediate,Medium,1,Self-Employed,3,Education,13635,0.15,Save
45,795772,26794,1947842,Yes,980366,432,Intermediate,Medium,5,Salaried,12,Retirement,39520,1.23,Avoid Loan
57,1786767,29502,2466206,No,0,533,Beginner,Medium,5,Salaried,5,Wealth Creation,119395,0.0,Avoid Loan
26,2157164,93211,488790,Yes,2275028,370,Intermediate,Medium,3,Business,12,Retirement,86552,1.05,Avoid Loan
33,663535,22171,496473,No,0,373,Beginner,High,4,Salaried,12,Education,33123,0.0,Avoid Loan
36,1874565,67291,1393626,Yes,95884,799,Beginner,High,4,Business,7,House,88922,0.05,Invest
37,2709387,174862,2046584,Yes,911601,632,Intermediate,Low,0,Salaried,8,House,50920,0.34,Save
44,1078276,43160,2141451,No,0,468,Intermediate,Low,5,Salaried,6,Retirement,46696,0.0,Avoid Loan
46,1863600,102292,2265375,Yes,2018129,745,Beginner,Low,0,Self-Employed,3,Education,53008,1.08,Avoid Loan
45,2414638,48236,988252,Yes,2163923,553,Beginner,Low,0,Business,0,House,152983,0.9,Avoid Loan
36,2180473,126784,1030253,No,0,549,Expert,Low,4,Self-Employed,1,Wealth Creation,54922,0.0,Avoid Loan
36,863371,46767,1526961,No,0,672,Beginner,Medium,4,Business,5,Education,25180,0.0,Save
44,2744161,186230,363563,No,0,661,Intermediate,Medium,5,Salaried,5,Retirement,42450,0.0,Save
42,1650073,48251,692331,No,0,554,Beginner,Low,1,Self-Employed,10,Education,89255,0.0,Avoid Loan
43,2964135,185896,1946644,No,0,790,Beginner,Low,2,Business,6,House,61115,0.0,Invest
59,1867387,104655,983499,No,0,392,Intermediate,Low,2,Self-Employed,7,Retirement,50960,0.0,Avoid Loan
45,1904125,136898,1288530,Yes,1816411,798,Intermediate,Low,4,Self-Employed,7,House,21779,0.95,Avoid Loan
59,2936027,177118,1912502,No,0,898,Beginner,Medium,4,Salaried,0,House,67550,0.0,Save
40,759654,31023,576344,Yes,783714,440,Beginner,Low,2,Business,8,Wealth Creation,32281,1.03,Avoid Loan
44,634561,38577,1887286,Yes,1217881,691,Beginner,Medium,3,Self-Employed,8,House,14303,1.92,Avoid Loan
53,1403367,56432,1397428,No,0,675,Intermediate,Medium,4,Salaried,6,Education,60515,0.0,Save
36,783392,29145,1846028,No,0,362,Expert,Low,2,Business,12,Education,36137,0.0,Avoid Loan
30,1448256,64607,1740932,Yes,1526297,768,Beginner,Low,3,Self-Employed,0,Wealth Creation,56081,1.05,Avoid Loan
34,2936863,193121,896156,No,0,698,Intermediate,Medium,4,Business,4,Education,51617,0.0,Save
23,2758407,142925,1116615,Yes,1374226,640,Beginner,Low,5,Salaried,7,Education,86942,0.5,Avoid Loan
26,2135157,55026,321791,Yes,74244,454,Intermediate,High,5,Salaried,11,Wealth Creation,122903,0.03,Avoid Loan
30,1864481,60669,1765326,Yes,329105,615,Beginner,Medium,3,Self-Employed,5,House,94704,0.18,Save
53,1046301,30256,377489,No,0,820,Intermediate,High,3,Salaried,6,Retirement,56935,0.0,Invest
50,793452,27940,2430491,No,0,550,Intermediate,High,5,Salaried,6,Retirement,38181,0.0,Avoid Loan
48,2509588,70368,998607,Yes,82875,752,Expert,Medium,4,Self-Employed,0,Education,138764,0.03,Save
36,2395634,111650,1776098,Yes,1293083,471,Intermediate,Medium,0,Business,0,Wealth Creation,87986,0.54,Avoid Loan
46,2000804,110402,1639647,No,0,736,Expert,Medium,1,Business,1,Retirement,56331,0.0,Save
26,291139,16089,1114044,Yes,1982887,674,Intermediate,High,3,Self-Employed,6,Education,8172,6.81,Avoid Loan
47,1597305,84963,1045245,No,0,840,Intermediate,Low,0,Business,10,House,48145,0.0,Invest
52,2152150,86410,1452371,No,0,359,Beginner,Medium,3,Business,4,House,92935,0.0,Avoid Loan
54,2268202,38902,693959,No,0,537,Intermediate,Medium,0,Self-Employed,0,Wealth Creation,150114,0.0,Avoid Loan
31,1390375,90324,305135,Yes,346877,596,Expert,Low,1,Business,12,Education,25540,0.25,Avoid Loan
39,2870861,170876,1090898,Yes,444103,560,Intermediate,Low,5,Business,0,House,68362,0.15,Avoid Loan
53,2889169,139806,1526199,No,0,697,Expert,High,4,Business,1,House,100958,0.0,Save
50,2249087,21016,1098939,No,0,487,Beginner,Low,2,Business,2,House,166407,0.0,Avoid Loan
32,2893809,121425,2408937,Yes,912283,421,Beginner,Medium,3,Salaried,9,Retirement,119725,0.32,Avoid Loan
26,584487,26192,730961,No,0,424,Expert,High,5,Salaried,1,Wealth Creation,22515,0.0,Avoid Loan
49,935304,19043,1370336,Yes,582549,641,Beginner,High,4,Self-Employed,2,Retirement,58899,0.62,Avoid Loan
42,1778516,125074,1670174,Yes,224576,549,Beginner,Medium,5,Business,8,Wealth Creation,23135,0.13,Avoid Loan
31,545181,31132,2370292,No,0,647,Beginner,High,2,Salaried,1,House,14299,0.0,Save
35,403044,24299,1360851,Yes,782078,460,Intermediate,Medium,4,Salaried,2,Retirement,9288,1.94,Avoid Loan
42,1868790,24752,1891295,Yes,620558,526,Intermediate,High,4,Salaried,7,House,130980,0.33,Avoid Loan
46,1863996,134562,967283,Yes,1502086,429,Expert,Medium,1,Business,2,Wealth Creation,20771,0.81,Avoid Loan
29,1482271,43072,1160099,Yes,693618,409,Intermediate,Low,4,Self-Employed,10,House,80450,0.47,Avoid Loan
39,2852983,180577,1345228,No,0,378,Expert,Low,1,Salaried,11,House,57171,0.0,Avoid Loan
33,2279125,35705,1251394,No,0,683,Expert,Medium,5,Business,11,Education,154222,0.0,Save
56,2066304,77362,1943067,No,0,797,Beginner,Medium,3,Salaried,2,House,94830,0.0,Save
28,904202,40320,991546,Yes,2207705,745,Intermediate,Low,2,Business,2,House,35030,2.44,Avoid Loan
33,2730718,46535,1666628,Yes,1577044,744,Beginner,Medium,4,Self-Employed,7,House,181024,0.58,Avoid Loan
30,435901,18488,1046846,No,0,405,Beginner,High,5,Business,10,Wealth Creation,17837,0.0,Avoid Loan
40,1084179,71553,326518,Yes,1919285,853,Intermediate,Medium,3,Salaried,8,Education,18795,1.77,Avoid Loan
22,2798175,186449,2233753,No,0,782,Beginner,Low,1,Self-Employed,10,Retirement,46732,0.0,Invest
60,840420,18679,2168122,No,0,459,Intermediate,Low,2,Business,4,Education,51356,0.0,Avoid Loan
40,342444,19285,1266714,No,0,776,Expert,Low,1,Self-Employed,4,House,9252,0.0,Save
38,616589,15583,421300,No,0,763,Beginner,Medium,4,Self-Employed,8,Education,35799,0.0,Invest
49,1470157,100927,745294,Yes,1937287,604,Intermediate,Low,5,Business,5,Education,21586,1.32,Avoid Loan
41,1130921,62061,862303,Yes,1960795,777,Beginner,Medium,3,Business,11,House,32182,1.73,Avoid Loan
46,2985148,177057,2108983,Yes,1915049,446,Expert,Medium,5,Salaried,11,Wealth Creation,71705,0.64,Avoid Loan
39,2381960,131101,402562,No,0,733,Expert,High,1,Business,8,Wealth Creation,67395,0.0,Invest
42,2934850,153644,2496882,Yes,179232,535,Expert,Medium,2,Salaried,7,House,90926,0.06,Avoid Loan
37,1264180,67070,798841,Yes,744652,732,Beginner,High,2,Business,3,Education,38278,0.59,Avoid Loan
60,1844030,87557,1158618,No,0,599,Beginner,High,5,Business,3,Wealth Creation,66112,0.0,Avoid Loan
37,1870069,75982,2418190,Yes,1378916,357,Intermediate,Low,3,Salaried,9,Wealth Creation,79857,0.74,Avoid Loan
53,2656612,140276,796347,Yes,1735953,392,Intermediate,Low,2,Salaried,12,House,81108,0.65,Avoid Loan
24,792826,22962,1643410,Yes,2228034,586,Beginner,Medium,4,Business,12,Retirement,43106,2.81,Avoid Loan
27,2601045,186361,1390928,No,0,425,Beginner,Low,0,Self-Employed,9,Retirement,30392,0.0,Avoid Loan
30,2794616,122504,1433499,Yes,786305,531,Expert,High,3,Business,7,Retirement,110380,0.28,Avoid Loan
45,338624,24061,2150848,No,0,361,Intermediate,High,5,Self-Employed,6,House,4157,0.0,Avoid Loan
22,2220635,103724,840436,No,0,677,Beginner,High,2,Business,5,Retirement,81328,0.0,Save
38,2625662,50570,52119,No,0,629,Expert,Low,5,Salaried,8,House,168235,0.0,Save
58,2300472,88886,587968,No,0,509,Intermediate,Medium,0,Business,3,Education,102820,0.0,Avoid Loan
33,323931,20982,274366,Yes,52352,655,Beginner,Low,1,Salaried,6,Retirement,6012,0.16,Avoid Loan
22,1576074,114398,692502,No,0,532,Intermediate,Low,4,Business,9,House,16941,0.0,Avoid Loan
53,740984,25202,668593,Yes,56613,808,Intermediate,Low,5,Salaried,1,Retirement,36546,0.08,Save
25,1462689,93117,1291239,Yes,1181289,500,Beginner,Medium,0,Salaried,4,House,28773,0.81,Avoid Loan
48,1895487,85909,141736,No,0,622,Beginner,Low,2,Salaried,1,Wealth Creation,72048,0.0,Save
22,1760764,29692,564234,Yes,1494219,566,Intermediate,High,0,Business,8,Retirement,117038,0.85,Avoid Loan
40,1006795,20033,1962979,Yes,2248763,894,Beginner,Medium,2,Self-Employed,3,Retirement,63866,2.23,Avoid Loan
43,2752720,73076,1041177,No,0,660,Beginner,Low,2,Salaried,0,Retirement,156317,0.0,Save
46,1610729,68434,2172018,Yes,2433575,874,Intermediate,Low,4,Self-Employed,12,House,65793,1.51,Avoid Loan
38,2050396,110292,1167560,Yes,852537,412,Expert,Medium,1,Salaried,0,House,60574,0.42,Avoid Loan
44,1269578,64774,1208671,No,0,862,Beginner,Medium,4,Salaried,12,Education,41024,0.0,Invest
46,271588,18194,2349386,Yes,2190589,409,Beginner,Low,2,Self-Employed,4,Education,4438,8.07,Avoid Loan
47,2882365,42869,1604060,No,0,475,Intermediate,High,5,Business,12,Education,197328,0.0,Avoid Loan
52,1950006,18080,1412345,Yes,1167108,407,Beginner,High,4,Salaried,3,Retirement,144420,0.6,Avoid Loan
48,626371,45073,1481574,Yes,577052,893,Beginner,Medium,5,Self-Employed,0,House,7124,0.92,Avoid Loan
21,2726871,79289,662029,No,0,515,Intermediate,High,2,Salaried,2,Wealth Creation,147950,0.0,Avoid Loan
60,960556,57133,484889,Yes,94956,388,Beginner,Low,2,Self-Employed,5,Retirement,22913,0.1,Avoid Loan
40,1069257,64526,76079,No,0,769,Intermediate,Low,2,Self-Employed,7,Wealth Creation,24578,0.0,Save
23,2972852,35843,1784119,No,0,661,Expert,Low,4,Self-Employed,11,Wealth Creation,211894,0.0,Save
49,622540,37818,1469107,Yes,367724,765,Expert,High,3,Salaried,2,Education,14060,0.59,Avoid Loan
29,494447,18228,544620,No,0,823,Beginner,Low,0,Salaried,11,Education,22975,0.0,Save
39,717422,47187,1589683,Yes,1868142,478,Beginner,Low,0,Self-Employed,7,House,12598,2.6,Avoid Loan
60,2718169,157862,1910373,No,0,382,Intermediate,Low,4,Self-Employed,4,Retirement,68652,0.0,Avoid Loan
49,709723,27693,1448491,Yes,1662076,528,Expert,Low,3,Salaried,8,Retirement,31450,2.34,Avoid Loan
43,2311330,18230,744349,No,0,467,Beginner,Medium,2,Business,7,House,174380,0.0,Avoid Loan
27,1014824,33379,32291,No,0,813,Beginner,High,2,Business,4,House,51189,0.0,Avoid Loan
51,2339534,17973,1630182,No,0,865,Intermediate,High,2,Business,6,Wealth Creation,176988,0.0,Invest
23,2463756,154038,867199,No,0,787,Expert,High,3,Salaried,7,Education,51275,0.0,Invest
40,1536210,53067,1138530,Yes,1506173,758,Beginner,High,2,Business,10,House,74950,0.98,Avoid Loan
50,1612732,35266,330005,Yes,1786518,840,Expert,High,5,Business,4,House,99128,1.11,Avoid Loan
53,1340236,51014,2018305,Yes,1981162,643,Intermediate,Medium,0,Salaried,7,House,60672,1.48,Avoid Loan
56,1131484,62635,1954309,Yes,259356,550,Beginner,Low,5,Salaried,0,House,31655,0.23,Avoid Loan
57,2699545,136191,1043403,No,0,464,Intermediate,High,4,Salaried,7,House,88771,0.0,Avoid Loan
50,475056,32179,770156,No,0,677,Beginner,Low,2,Salaried,9,Wealth Creation,7409,0.0,Save
33,726190,53498,827558,Yes,1873135,658,Beginner,Medium,4,Salaried,8,House,7017,2.58,Avoid Loan
36,2428313,175076,2251638,Yes,114463,818,Intermediate,Medium,0,Self-Employed,1,Education,27283,0.05,Save
56,2862494,96338,565938,Yes,205028,633,Intermediate,Low,0,Self-Employed,3,Retirement,142203,0.07,Save
43,2145864,101345,385066,No,0,448,Intermediate,High,2,Business,10,Wealth Creation,77477,0.0,Avoid Loan
39,387023,19331,937472,Yes,1772560,730,Intermediate,Low,0,Business,2,Retirement,12920,4.58,Avoid Loan
55,869340,20303,1490741,No,0,776,Expert,High,4,Salaried,2,Retirement,52142,0.0,Save
39,2807130,85553,1225551,No,0,883,Intermediate,Medium,2,Self-Employed,1,House,148374,0.0,Save
49,2420009,160248,119689,Yes,145911,857,Intermediate,High,3,Business,0,House,41419,0.06,Save
46,2782892,71606,768944,Yes,908332,759,Beginner,High,3,Business,12,Education,160301,0.33,Save
54,2291388,152421,2035036,Yes,1497852,761,Intermediate,Medium,1,Business,7,House,38528,0.65,Avoid Loan
52,760953,20413,431327,No,0,614,Intermediate,Medium,4,Salaried,6,Education,42999,0.0,Save
57,1598284,114619,1867857,No,0,693,Beginner,High,4,Self-Employed,7,Wealth Creation,18571,0.0,Save
46,2826296,79243,781336,Yes,92540,600,Beginner,Medium,5,Business,1,House,156281,0.03,Save
43,1538042,28881,2144253,No,0,813,Beginner,Medium,3,Self-Employed,2,Education,99289,0.0,Save
47,1217230,87120,2027634,No,0,481,Expert,Medium,1,Salaried,11,Wealth Creation,14315,0.0,Avoid Loan
41,2648660,103157,1158778,No,0,502,Intermediate,Medium,3,Business,0,Education,117564,0.0,Avoid Loan
58,2524483,78566,660352,No,0,778,Beginner,Low,4,Salaried,7,House,131807,0.0,Invest
37,1639764,26279,1256533,No,0,401,Intermediate,Medium,0,Self-Employed,8,House,110368,0.0,Avoid Loan
25,1521456,22911,890279,No,0,791,Intermediate,High,0,Salaried,11,Education,103877,0.0,Invest
24,1583255,106584,67740,Yes,1794937,530,Intermediate,High,0,Salaried,12,Education,25353,1.13,Avoid Loan
32,2281807,156237,1732693,Yes,238796,570,Beginner,Medium,5,Salaried,9,Wealth Creation,33913,0.1,Avoid Loan
60,471308,19008,1762638,No,0,402,Expert,Medium,5,Salaried,11,Retirement,20267,0.0,Avoid Loan
50,2289465,166579,1695276,Yes,1805817,500,Expert,High,1,Business,7,Retirement,24209,0.79,Avoid Loan
35,2887195,158738,107450,No,0,458,Expert,Medium,2,Self-Employed,5,Education,81861,0.0,Avoid Loan
25,2745393,126229,1908621,No,0,392,Beginner,Medium,2,Self-Employed,12,Education,102553,0.0,Avoid Loan
53,2054491,103927,1861458,No,0,729,Beginner,Medium,0,Self-Employed,7,House,67280,0.0,Invest
23,278739,16470,1751884,Yes,800806,899,Beginner,Medium,2,Self-Employed,7,House,6758,2.87,Avoid Loan
25,2730525,77856,1115764,No,0,725,Beginner,Medium,4,Self-Employed,4,Education,149687,0.0,Save
53,2479592,97528,1140491,Yes,1025542,423,Intermediate,Low,2,Self-Employed,0,Retirement,109104,0.41,Avoid Loan
21,892118,33298,131942,No,0,497,Intermediate,Low,0,Business,11,Education,41045,0.0,Avoid Loan
31,2341347,102211,2444006,No,0,364,Beginner,High,4,Business,2,Education,92901,0.0,Avoid Loan
22,2502930,115687,245586,No,0,851,Expert,Low,5,Salaried,9,Retirement,92890,0.0,Save
56,1487324,46703,111251,Yes,1513607,778,Intermediate,Low,3,Business,9,Retirement,77240,1.02,Avoid Loan
43,374126,27144,1824345,No,0,351,Beginner,Medium,2,Business,11,House,4033,0.0,Avoid Loan
42,2304662,56119,1838022,No,0,350,Beginner,Medium,3,Salaried,12,Wealth Creation,135936,0.0,Avoid Loan
49,2010860,97471,1474086,Yes,1542199,667,Beginner,Medium,4,Salaried,2,Wealth Creation,70100,0.77,Avoid Loan
52,869987,40730,1231183,Yes,2240068,362,Beginner,High,0,Business,8,Retirement,31768,2.57,Avoid Loan
27,1841556,84994,2007380,No,0,866,Intermediate,Low,0,Self-Employed,8,Education,68469,0.0,Invest
28,2857181,200164,738257,Yes,1228517,353,Beginner,Low,5,Salaried,4,House,37934,0.43,Avoid Loan
28,1510099,49336,2332627,Yes,1518939,433,Beginner,Medium,1,Self-Employed,2,Retirement,76505,1.01,Avoid Loan
47,1523644,82537,175679,Yes,1873878,470,Intermediate,Low,0,Salaried,3,Wealth Creation,44433,1.23,Avoid Loan
33,871922,54695,859636,No,0,435,Expert,Medium,2,Self-Employed,4,House,17965,0.0,Avoid Loan
22,496093,25712,2391375,No,0,437,Beginner,Medium,2,Self-Employed,1,House,15629,0.0,Avoid Loan
45,2172255,144845,1765919,No,0,666,Beginner,Low,1,Business,5,Retirement,36176,0.0,Save
36,2950805,84307,2282198,Yes,660917,833,Beginner,Medium,1,Business,9,Retirement,161593,0.22,Invest
48,1937333,46456,158990,Yes,1120112,366,Intermediate,High,4,Self-Employed,8,House,114988,0.58,Avoid Loan
52,2774501,141234,2489174,No,0,861,Intermediate,High,3,Business,1,House,89974,0.0,Save
53,445813,15450,1089976,No,0,698,Expert,High,1,Salaried,12,Wealth Creation,21701,0.0,Save
46,2804684,126843,774469,No,0,889,Beginner,Low,0,Salaried,10,Retirement,106880,0.0,Invest
35,1672432,80609,406687,Yes,224218,411,Expert,High,0,Business,8,Wealth Creation,58760,0.13,Avoid Loan
53,2369184,44543,2321895,No,0,601,Expert,Low,2,Business,11,Retirement,152889,0.0,Save
57,2816544,52757,241639,No,0,884,Expert,Medium,5,Self-Employed,2,House,181955,0.0,Save
41,1594502,75669,1983800,Yes,594786,642,Beginner,Low,3,Self-Employed,10,Education,57206,0.37,Save
41,885226,15407,606648,No,0,844,Intermediate,Low,1,Self-Employed,9,Education,58361,0.0,Invest
37,424781,26448,2260591,No,0,883,Expert,Medium,5,Salaried,10,Retirement,8950,0.0,Save
21,2597000,84203,689829,Yes,1976606,802,Beginner,High,3,Self-Employed,11,House,132213,0.76,Avoid Loan
40,2069183,49907,1589639,Yes,1007188,487,Intermediate,High,1,Business,10,Retirement,122524,0.49,Avoid Loan
32,460706,25110,748596,No,0,769,Expert,Medium,5,Self-Employed,10,House,13282,0.0,Save
35,2087856,114173,1797495,Yes,911860,420,Intermediate,Medium,1,Business,4,Education,59815,0.44,Avoid Loan
53,1610736,43849,2136386,Yes,69319,663,Beginner,High,0,Business,11,Education,90379,0.04,Save
42,1541264,103474,2329459,No,0,626,Intermediate,Low,1,Salaried,7,Wealth Creation,24964,0.0,Save
38,1236377,66692,1853522,Yes,1095251,504,Intermediate,High,1,Salaried,1,Retirement,36339,0.89,Avoid Loan
34,2078809,97611,1610854,Yes,867362,724,Intermediate,Medium,4,Self-Employed,11,Wealth Creation,75623,0.42,Save
34,2129250,37374,31077,No,0,807,Beginner,High,5,Self-Employed,12,House,140063,0.0,Avoid Loan
60,770825,41999,1643335,No,0,876,Intermediate,Low,2,Self-Employed,5,Wealth Creation,22236,0.0,Save
48,2087469,24813,1735177,Yes,2026374,559,Beginner,High,1,Business,0,House,149142,0.97,Avoid Loan
36,2591608,46805,1354555,Yes,379470,866,Beginner,Low,5,Self-Employed,4,Wealth Creation,169162,0.15,Save
55,2399133,41432,2175793,Yes,178535,645,Beginner,Medium,2,Self-Employed,1,Education,158495,0.07,Save
49,929174,54158,911040,No,0,661,Expert,Medium,3,Self-Employed,4,Retirement,23273,0.0,Save
59,2650617,50683,1070956,No,0,634,Expert,High,3,Business,6,House,170201,0.0,Save
34,2392227,102312,967177,No,0,709,Beginner,High,0,Business,4,Retirement,97040,0.0,Save
42,2477585,168235,2239036,No,0,885,Beginner,High,4,Self-Employed,4,Wealth Creation,38230,0.0,Save
33,2440113,110051,1249532,No,0,404,Expert,High,3,Self-Employed,12,Education,93291,0.0,Avoid Loan
59,2363468,30877,1237422,No,0,490,Intermediate,Medium,2,Self-Employed,11,Wealth Creation,166078,0.0,Avoid Loan
55,1637319,101399,1429187,Yes,2244410,824,Intermediate,Medium,1,Business,8,Retirement,35044,1.37,Avoid Loan
23,1087414,24743,893246,Yes,1974671,632,Beginner,Low,4,Self-Employed,2,Education,65874,1.82,Avoid Loan
38,2292563,24814,1203497,Yes,1290281,801,Expert,Low,5,Self-Employed,1,House,166232,0.56,Avoid Loan
49,2050687,59443,1839135,Yes,599877,646,Beginner,Medium,2,Self-Employed,6,Retirement,111447,0.29,Save
59,2557969,181598,221439,Yes,620139,542,Beginner,Medium,3,Self-Employed,11,Retirement,31566,0.24,Avoid Loan
24,589715,18048,1549485,No,0,392,Intermediate,Medium,1,Self-Employed,4,House,31094,0.0,Avoid Loan
32,1878991,47923,2046937,No,0,434,Beginner,Medium,5,Business,2,Retirement,108659,0.0,Avoid Loan
21,1591330,70319,1670814,Yes,1591541,841,Beginner,High,5,Salaried,5,Wealth Creation,62291,1.0,Avoid Loan
30,593827,39324,2010219,No,0,843,Expert,Low,5,Business,4,House,10161,0.0,Save
27,2604082,21749,282529,Yes,798103,649,Intermediate,Medium,0,Self-Employed,7,Education,195257,0.31,Save
54,985495,49120,1548284,Yes,459605,812,Intermediate,Medium,5,Salaried,10,House,33004,0.47,Avoid Loan
43,2687191,18727,903586,No,0,486,Intermediate,Medium,1,Salaried,0,Wealth Creation,205205,0.0,Avoid Loan
39,966370,41025,1794244,Yes,974152,406,Expert,Medium,2,Business,0,Retirement,39505,1.01,Avoid Loan
46,646712,31888,1504449,Yes,1646842,877,Beginner,Medium,2,Self-Employed,4,Wealth Creation,22004,2.55,Avoid Loan
46,676540,21266,456322,Yes,2058326,691,Expert,High,1,Self-Employed,3,Education,35112,3.04,Avoid Loan
33,2952332,149832,2401283,No,0,619,Intermediate,Medium,4,Self-Employed,11,Education,96195,0.0,Save
58,952753,42851,2098136,No,0,446,Intermediate,Low,3,Salaried,12,Wealth Creation,36545,0.0,Avoid Loan
35,1088294,20599,2185140,Yes,1100555,752,Beginner,Low,0,Salaried,1,Education,70092,1.01,Avoid Loan
32,2895037,90309,2327790,No,0,798,Expert,Low,5,Salaried,12,Retirement,150944,0.0,Invest
25,2365858,92113,211371,Yes,1587163,603,Beginner,Low,4,Salaried,7,House,105041,0.67,Avoid Loan
53,252619,17553,1525328,Yes,2259937,775,Intermediate,Medium,0,Self-Employed,9,Retirement,3498,8.95,Avoid Loan
22,825165,49246,1865865,Yes,2115688,428,Expert,High,3,Business,0,Retirement,19517,2.56,Avoid Loan
27,2063230,87750,1138339,No,0,767,Intermediate,Low,2,Business,12,Retirement,84185,0.0,Invest
36,1639404,97603,306518,No,0,359,Beginner,Medium,2,Self-Employed,4,Education,39014,0.0,Avoid Loan
56,744406,41047,1595335,Yes,2377304,373,Intermediate,Low,1,Salaried,0,House,20986,3.19,Avoid Loan
23,1427338,51400,1361276,No,0,883,Expert,Medium,0,Self-Employed,6,Retirement,67544,0.0,Invest
27,1859712,119082,1463079,No,0,702,Intermediate,Medium,1,Salaried,12,Wealth Creation,35894,0.0,Save
50,1908480,118333,1531811,Yes,1595581,698,Beginner,Medium,1,Salaried,0,Retirement,40707,0.84,Avoid Loan
21,2044109,52833,1921144,No,0,612,Beginner,Medium,5,Business,9,House,117509,0.0,Save
52,2664036,18605,2349738,No,0,655,Intermediate,High,0,Salaried,7,Retirement,203398,0.0,Save
51,2127624,92328,2244327,No,0,604,Intermediate,Medium,2,Salaried,1,Retirement,84974,0.0,Save
54,2286684,39267,2227505,No,0,369,Expert,Medium,5,Salaried,0,Wealth Creation,151290,0.0,Avoid Loan
59,527080,18812,923951,No,0,631,Intermediate,Medium,5,Self-Employed,12,House,25111,0.0,Save
59,2842621,61681,1804067,No,0,810,Beginner,Low,3,Salaried,6,House,175204,0.0,Invest
53,614357,45873,1865222,Yes,2275145,490,Expert,High,0,Self-Employed,5,Education,5323,3.7,Avoid Loan
36,630024,22048,1102387,Yes,121243,831,Beginner,Low,2,Business,10,Education,30454,0.19,Invest
23,788237,51030,722187,No,0,720,Beginner,Medium,5,Business,2,Education,14656,0.0,Save
36,1543220,72967,282565,No,0,486,Beginner,High,5,Business,6,Retirement,55634,0.0,Avoid Loan
50,951209,31234,1702603,Yes,1686268,499,Beginner,Medium,1,Salaried,4,Education,48033,1.77,Avoid Loan
47,1711255,114476,2294342,No,0,856,Intermediate,High,4,Salaried,11,House,28128,0.0,Invest
40,773262,33171,1347161,No,0,607,Beginner,Medium,4,Salaried,8,House,31267,0.0,Save
28,540300,21452,473504,Yes,367326,586,Intermediate,Low,5,Self-Employed,11,Retirement,23573,0.68,Avoid Loan
42,1978177,50315,495891,Yes,801889,450,Beginner,Medium,2,Business,1,Retirement,114533,0.41,Avoid Loan
36,759723,24944,2294313,Yes,1355899,487,Beginner,Low,5,Self-Employed,11,Education,38366,1.78,Avoid Loan
47,1776869,127130,2302735,Yes,1362118,608,Intermediate,Low,0,Salaried,8,House,20942,0.77,Avoid Loan
54,495583,21249,1514831,Yes,795116,626,Expert,Medium,0,Self-Employed,1,Education,20049,1.6,Avoid Loan
36,1266021,50850,878048,No,0,824,Beginner,Medium,5,Salaried,5,Education,54651,0.0,Save
25,365686,25908,181391,No,0,866,Expert,Medium,5,Salaried,4,Retirement,4565,0.0,Save
37,1665255,37142,2028706,No,0,653,Beginner,Medium,4,Self-Employed,10,Education,101629,0.0,Save
29,2325066,32411,1512400,Yes,2077638,843,Beginner,Medium,5,Self-Employed,7,House,161344,0.89,Avoid Loan
34,2483921,98493,790604,No,0,351,Intermediate,Medium,4,Business,7,Wealth Creation,108500,0.0,Avoid Loan
28,2976618,195707,1372864,No,0,501,Intermediate,High,1,Business,0,Education,52344,0.0,Avoid Loan
60,462888,30804,670117,No,0,857,Beginner,High,3,Salaried,11,House,7770,0.0,Save
37,983862,22850,784618,No,0,454,Beginner,Medium,5,Salaried,4,House,59138,0.0,Avoid Loan
26,737016,48439,101530,Yes,544077,686,Beginner,Medium,4,Salaried,3,Education,12979,0.74,Avoid Loan
32,1236817,51058,564508,No,0,859,Expert,Medium,3,Self-Employed,1,House,52010,0.0,Save
24,2396591,176937,569047,No,0,769,Expert,Low,4,Salaried,5,Retirement,22778,0.0,Save
57,293889,20366,324266,Yes,1020206,813,Beginner,Low,0,Business,0,Retirement,4124,3.47,Avoid Loan
47,2656670,141397,1291182,No,0,401,Intermediate,Medium,1,Salaried,11,Education,79992,0.0,Avoid Loan
26,677417,30037,2114308,No,0,393,Beginner,High,3,Business,12,Wealth Creation,26414,0.0,Avoid Loan
24,538712,15520,65799,Yes,980353,598,Intermediate,Low,3,Self-Employed,2,Wealth Creation,29372,1.82,Avoid Loan
26,2629783,108592,1371066,No,0,407,Expert,High,4,Business,0,Retirement,110556,0.0,Avoid Loan
44,1382135,23315,1296814,No,0,727,Beginner,Low,3,Self-Employed,7,House,91862,0.0,Invest
33,2485605,57202,776573,No,0,534,Beginner,Low,5,Self-Employed,9,House,149931,0.0,Avoid Loan
55,2051957,63438,702514,No,0,504,Beginner,Low,1,Salaried,8,House,107558,0.0,Avoid Loan
23,2071208,145587,2327791,No,0,653,Beginner,Medium,5,Business,9,Education,27013,0.0,Save
26,1901690,24515,1354872,Yes,2050490,521,Intermediate,Medium,1,Business,12,House,133959,1.08,Avoid Loan
47,2337030,105569,1584295,No,0,354,Beginner,Medium,1,Salaried,12,Retirement,89183,0.0,Avoid Loan
30,2147205,89078,531457,Yes,1489675,669,Beginner,High,0,Self-Employed,1,Retirement,89855,0.69,Avoid Loan
60,696824,32667,415257,No,0,386,Intermediate,Medium,2,Business,9,Education,25401,0.0,Avoid Loan
37,1504663,74051,1765253,Yes,393552,603,Intermediate,Medium,5,Business,11,Education,51337,0.26,Save
45,2109124,61396,1504001,Yes,2035318,461,Beginner,Low,3,Salaried,2,Retirement,114364,0.97,Avoid Loan
53,1943251,144058,1134668,No,0,681,Expert,Medium,4,Salaried,9,House,17879,0.0,Save
56,1375470,85400,146361,No,0,797,Beginner,Medium,1,Business,9,Retirement,29222,0.0,Save
23,2601651,47999,418083,Yes,1773869,849,Intermediate,Medium,4,Self-Employed,5,Education,168805,0.68,Avoid Loan
35,1911201,69241,1637693,Yes,2181697,467,Beginner,High,2,Business,12,Wealth Creation,90025,1.14,Avoid Loan
32,2760551,120954,669655,Yes,1136805,588,Beginner,Medium,0,Self-Employed,1,House,109091,0.41,Avoid Loan
60,990946,31696,1961214,Yes,980340,826,Beginner,Medium,4,Salaried,6,Retirement,50882,0.99,Avoid Loan
60,2682297,40875,1601864,No,0,603,Beginner,Low,1,Self-Employed,12,Education,182649,0.0,Save
34,2925773,181112,1038065,Yes,2331517,574,Beginner,High,3,Self-Employed,1,Retirement,62702,0.8,Avoid Loan
30,2220048,57705,2025681,No,0,350,Expert,Medium,4,Self-Employed,7,Education,127299,0.0,Avoid Loan
46,597669,36328,1531557,Yes,317022,900,Expert,Low,0,Self-Employed,10,Retirement,13477,0.53,Avoid Loan
28,1366860,72765,2376489,No,0,412,Beginner,High,0,Business,3,Education,41140,0.0,Avoid Loan
40,723542,48400,109596,Yes,2057188,608,Beginner,Medium,1,Business,7,Education,11895,2.84,Avoid Loan
49,424391,22592,671171,No,0,714,Expert,Low,2,Salaried,9,Wealth Creation,12773,0.0,Save
44,1561511,106635,170413,No,0,687,Beginner,Low,3,Business,5,Education,23490,0.0,Save
24,876963,33049,610292,No,0,586,Beginner,Medium,3,Business,1,Retirement,40031,0.0,Avoid Loan
44,1162121,25009,2368783,Yes,1172724,395,Intermediate,Low,3,Salaried,7,House,71834,1.01,Avoid Loan
34,589523,25165,1996383,Yes,1888824,793,Intermediate,Low,0,Salaried,2,Wealth Creation,23961,3.2,Avoid Loan
40,700211,46172,784800,Yes,1993573,693,Expert,Medium,2,Business,9,Wealth Creation,12178,2.85,Avoid Loan
54,2371646,16669,159455,No,0,529,Expert,High,4,Salaried,2,House,180968,0.0,Avoid Loan
40,1092863,67078,1197842,No,0,811,Beginner,Low,0,Salaried,3,House,23993,0.0,Save
43,2879492,50365,2412391,Yes,2368362,836,Intermediate,Low,0,Salaried,10,Retirement,189592,0.82,Avoid Loan
34,1431212,74293,1372382,No,0,543,Intermediate,Low,4,Business,2,Retirement,44974,0.0,Avoid Loan
50,680072,26776,1196324,No,0,364,Intermediate,Medium,3,Salaried,1,Retirement,29896,0.0,Avoid Loan
31,2931262,22229,1769739,No,0,614,Beginner,Medium,0,Salaried,10,Retirement,222042,0.0,Save
30,2375096,58988,1130673,Yes,129434,473,Expert,High,3,Salaried,6,House,138936,0.05,Avoid Loan
35,2134420,143460,1061737,Yes,1788224,699,Intermediate,Low,4,Self-Employed,12,Retirement,34408,0.84,Avoid Loan
28,2140018,114905,1955250,No,0,606,Beginner,High,0,Salaried,3,Retirement,63429,0.0,Save
21,1654251,31486,1321426,No,0,878,Expert,Medium,1,Business,4,Retirement,106368,0.0,Save
43,2639151,143290,291190,Yes,2187167,482,Intermediate,High,1,Business,5,Retirement,76639,0.83,Avoid Loan
45,842849,62380,1148474,Yes,2076970,880,Beginner,Low,2,Salaried,5,Education,7857,2.46,Avoid Loan
48,2025494,132469,697216,Yes,566123,687,Intermediate,High,3,Self-Employed,0,Retirement,36322,0.28,Save
44,1191297,48953,771827,Yes,1063567,657,Beginner,High,4,Self-Employed,9,Education,50321,0.89,Avoid Loan
30,2167091,105143,1053378,Yes,2138416,476,Expert,Low,5,Business,6,Education,75447,0.99,Avoid Loan
39,854557,26414,90333,Yes,1972139,705,Beginner,Low,2,Business,8,Wealth Creation,44799,2.31,Avoid Loan
52,775244,36704,646775,No,0,681,Expert,Medium,4,Business,2,Retirement,27899,0.0,Save
31,2322470,85600,407594,Yes,335907,660,Beginner,Medium,3,Self-Employed,10,Wealth Creation,107939,0.14,Save
23,1088999,57069,1603924,Yes,1283146,350,Intermediate,Low,2,Salaried,6,House,33680,1.18,Avoid Loan
37,1020109,74872,939319,Yes,132620,504,Beginner,High,2,Self-Employed,10,Education,10137,0.13,Avoid Loan
23,920781,57895,2339259,No,0,698,Beginner,High,2,Self-Employed,11,Wealth Creation,18836,0.0,Save
31,2083101,131235,1754714,No,0,747,Intermediate,Medium,0,Self-Employed,10,House,42356,0.0,Invest
27,2521771,141748,2392762,No,0,473,Beginner,Medium,3,Salaried,6,House,68399,0.0,Avoid Loan
58,896694,43908,115880,No,0,780,Expert,Low,2,Salaried,1,Wealth Creation,30816,0.0,Save
23,1506353,25941,2490460,Yes,744280,501,Intermediate,Medium,1,Self-Employed,8,House,99588,0.49,Avoid Loan
32,254991,17056,923574,Yes,837491,574,Intermediate,Medium,0,Self-Employed,5,House,4193,3.28,Avoid Loan
44,582642,32854,191664,No,0,620,Beginner,Low,2,Salaried,9,Education,15699,0.0,Save
37,2497110,176910,1036414,No,0,531,Intermediate,Medium,1,Salaried,7,Wealth Creation,31182,0.0,Avoid Loan
32,1366385,16732,1093825,Yes,1684558,393,Expert,Medium,2,Salaried,1,Retirement,97133,1.23,Avoid Loan
35,2115011,82151,853404,Yes,282264,740,Expert,Medium,0,Self-Employed,9,House,94099,0.13,Invest
32,556809,41694,1067302,Yes,1828854,748,Beginner,Medium,0,Salaried,3,Education,4706,3.28,Avoid Loan
47,260063,16133,1193434,No,0,658,Intermediate,Low,1,Salaried,5,House,5538,0.0,Save
26,2744200,205769,176714,No,0,791,Beginner,Low,3,Self-Employed,11,Education,22914,0.0,Save
57,562619,19731,524956,Yes,907663,822,Intermediate,Medium,2,Business,3,Education,27153,1.61,Avoid Loan
32,1376522,62967,1986315,Yes,57410,512,Beginner,Medium,4,Business,0,Retirement,51743,0.04,Avoid Loan
58,1206823,79667,2384824,Yes,2304738,758,Beginner,High,5,Business,9,Wealth Creation,20901,1.91,Avoid Loan
58,2113922,102147,1461598,Yes,505863,549,Intermediate,High,1,Salaried,3,Wealth Creation,74013,0.24,Avoid Loan
58,444631,18083,1372747,Yes,408129,457,Beginner,Low,0,Self-Employed,5,Wealth Creation,18969,0.92,Avoid Loan
54,1459842,29820,1622476,No,0,534,Beginner,High,4,Self-Employed,1,Retirement,91833,0.0,Avoid Loan
52,2793680,143456,1120122,No,0,488,Beginner,Medium,5,Self-Employed,9,Retirement,89350,0.0,Avoid Loan
23,2848337,144702,1383344,No,0,503,Expert,Low,4,Self-Employed,9,House,92659,0.0,Avoid Loan
45,1252297,23313,2190489,No,0,789,Beginner,High,4,Business,1,Wealth Creation,81045,0.0,Save
53,556922,21906,1183601,Yes,1798387,638,Beginner,Medium,0,Salaried,5,Wealth Creation,24504,3.23,Avoid Loan
50,1913128,74656,2319628,No,0,638,Intermediate,High,4,Business,5,Wealth Creation,84771,0.0,Save
36,1010021,45025,2202882,No,0,513,Beginner,Low,5,Salaried,3,Wealth Creation,39143,0.0,Avoid Loan
40,1810742,69750,1580058,No,0,829,Beginner,High,2,Self-Employed,11,Wealth Creation,81145,0.0,Invest
25,789926,38004,1365978,Yes,182050,761,Beginner,Medium,5,Self-Employed,0,House,27823,0.23,Save
42,496051,21835,1489058,No,0,357,Beginner,Medium,3,Self-Employed,10,Retirement,19502,0.0,Avoid Loan
44,1426928,17651,376617,No,0,526,Beginner,Low,2,Salaried,0,House,101259,0.0,Avoid Loan
54,2173462,30106,1812800,Yes,1487968,390,Expert,High,2,Salaried,11,Education,151015,0.68,Avoid Loan
51,1410253,18454,259975,Yes,322204,877,Expert,Medium,0,Self-Employed,8,Retirement,99067,0.23,Save
21,1118812,28288,1137691,No,0,637,Intermediate,High,2,Business,0,House,64946,0.0,Save
37,1437988,64242,1688614,No,0,852,Beginner,Medium,1,Business,5,Retirement,55590,0.0,Save
58,411818,19960,198548,No,0,889,Intermediate,Low,5,Salaried,9,Education,14358,0.0,Save
57,2930863,129966,73215,No,0,399,Intermediate,High,3,Business,4,Wealth Creation,114272,0.0,Avoid Loan
32,2446115,61896,1690810,Yes,1305469,432,Intermediate,Low,4,Self-Employed,3,Retirement,141946,0.53,Avoid Loan
32,1114799,26177,1101706,Yes,1451254,838,Intermediate,Low,3,Business,6,House,66722,1.3,Avoid Loan
43,2791449,166307,239795,Yes,2208353,384,Intermediate,High,2,Self-Employed,3,Education,66313,0.79,Avoid Loan
41,1804015,100973,664932,No,0,529,Beginner,Medium,1,Business,3,Education,49361,0.0,Avoid Loan
56,2514135,108236,2215668,Yes,1963840,703,Expert,High,3,Business,11,House,101275,0.78,Avoid Loan
35,909353,34391,849029,Yes,1030018,437,Intermediate,High,5,Salaried,10,House,41388,1.13,Avoid Loan
38,269040,16237,2452918,Yes,2266029,810,Expert,Medium,1,Salaried,4,Education,6183,8.42,Avoid Loan
40,2210323,52211,300571,No,0,490,Expert,Low,2,Business,6,Wealth Creation,131982,0.0,Avoid Loan
21,858473,50927,293127,Yes,1373376,736,Beginner,Medium,4,Self-Employed,11,House,20612,1.6,Avoid Loan
24,512553,24769,353589,No,0,813,Beginner,Medium,1,Self-Employed,6,House,17943,0.0,Save
52,561323,25654,1883619,Yes,494386,472,Intermediate,High,5,Self-Employed,0,Retirement,21122,0.88,Avoid Loan
30,888145,36928,1169861,Yes,854770,869,Expert,Low,4,Business,3,Education,37084,0.96,Avoid Loan
25,2295641,136098,1790651,Yes,1331557,418,Intermediate,High,0,Salaried,7,House,55205,0.58,Avoid Loan
36,1523326,75340,2139018,No,0,743,Beginner,Medium,2,Business,4,Retirement,51603,0.0,Save
26,2357392,138598,610428,No,0,509,Expert,Medium,0,Salaried,8,Retirement,57851,0.0,Avoid Loan
28,2060695,102955,566775,Yes,861977,827,Beginner,High,2,Self-Employed,2,Retirement,68769,0.42,Save
27,2793991,38806,1776713,Yes,2483219,847,Expert,High,2,Self-Employed,9,House,194026,0.89,Avoid Loan
51,2842387,56040,1148868,No,0,734,Intermediate,High,4,Business,9,Education,180825,0.0,Invest
39,1689941,86532,1879688,Yes,1808796,495,Intermediate,Medium,4,Business,4,Wealth Creation,54296,1.07,Avoid Loan
47,2642438,161993,1824770,No,0,790,Intermediate,Medium,3,Self-Employed,8,Retirement,58210,0.0,Invest
22,1563773,61663,969043,No,0,560,Intermediate,High,3,Salaried,1,Wealth Creation,68651,0.0,Avoid Loan
55,1475356,67185,1826966,No,0,756,Intermediate,High,1,Salaried,3,Wealth Creation,55761,0.0,Save
56,2606055,56787,799936,Yes,2435276,681,Intermediate,High,0,Salaried,8,Education,160384,0.93,Avoid Loan
32,1911130,78151,556497,Yes,2184778,692,Expert,Low,5,Salaried,1,Education,81109,1.14,Avoid Loan
26,666856,22131,1921353,Yes,88826,694,Intermediate,Low,0,Salaried,3,House,33440,0.13,Save
44,1085579,30855,1544910,Yes,421893,621,Beginner,Medium,2,Salaried,5,Wealth Creation,59609,0.39,Save
56,1148896,70810,920683,Yes,1859933,594,Intermediate,Medium,0,Self-Employed,0,Education,24931,1.62,Avoid Loan
42,277260,16478,257659,No,0,812,Intermediate,Medium,3,Self-Employed,4,Education,6627,0.0,Save
43,1545480,57389,159543,Yes,1380189,572,Intermediate,Low,4,Business,11,Education,71401,0.89,Avoid Loan
23,2533787,166373,1749361,No,0,486,Intermediate,Medium,3,Self-Employed,12,Wealth Creation,44775,0.0,Avoid Loan
38,805596,22771,1755231,No,0,367,Intermediate,High,1,Self-Employed,0,House,44362,0.0,Avoid Loan
49,989080,39679,1156344,Yes,686831,376,Intermediate,High,2,Salaried,2,House,42744,0.69,Avoid Loan
29,2493671,31965,2364155,Yes,1982150,590,Beginner,Low,2,Business,3,Wealth Creation,175840,0.79,Avoid Loan
23,359509,17327,162249,Yes,763194,397,Beginner,Medium,5,Self-Employed,6,Education,12632,2.12,Avoid Loan
59,808254,45908,60414,Yes,516884,552,Beginner,Medium,4,Self-Employed,6,Retirement,21446,0.64,Avoid Loan
25,2859028,210042,1995874,No,0,377,Expert,Low,1,Salaried,2,Retirement,28210,0.0,Avoid Loan
42,2856327,163534,1330948,Yes,1784805,485,Intermediate,High,1,Salaried,7,House,74493,0.62,Avoid Loan
29,1210931,31568,1768561,No,0,706,Intermediate,Low,5,Business,11,House,69342,0.0,Save
26,2394269,171710,2435598,No,0,822,Beginner,High,2,Business,12,House,27812,0.0,Invest
56,1795831,114965,909325,Yes,132765,648,Beginner,High,0,Business,7,Education,34687,0.07,Save
39,2809321,196058,1789057,No,0,491,Beginner,Low,4,Salaried,9,House,38052,0.0,Avoid Loan
36,1031513,71269,2046353,No,0,810,Intermediate,Medium,0,Self-Employed,8,House,14690,0.0,Save
46,1355731,56173,2058326,No,0,505,Intermediate,Low,2,Business,8,Retirement,56804,0.0,Avoid Loan
38,410913,22260,2408271,No,0,483,Beginner,Low,5,Salaried,1,Retirement,11982,0.0,Avoid Loan
25,2609943,141075,466861,No,0,586,Expert,High,0,Salaried,1,Retirement,76420,0.0,Avoid Loan
25,728928,36231,28394,Yes,1195323,566,Intermediate,Low,0,Business,2,Wealth Creation,24513,1.64,Avoid Loan
33,2021127,63618,1432936,No,0,692,Expert,High,1,Salaried,2,Wealth Creation,104809,0.0,Save
26,1376355,81935,1845509,Yes,249717,693,Expert,High,2,Salaried,1,Education,32761,0.18,Save
49,1213961,62061,746716,Yes,2491278,561,Beginner,Medium,5,Self-Employed,8,Education,39102,2.05,Avoid Loan
22,1900215,101033,1125636,Yes,223982,643,Beginner,Medium,0,Salaried,0,House,57318,0.12,Save
41,503572,17550,630106,No,0,825,Intermediate,High,2,Salaried,0,House,24414,0.0,Save
49,2693914,42754,166015,Yes,2133352,610,Beginner,Low,1,Salaried,8,Retirement,181738,0.79,Avoid Loan
34,978861,71629,1641548,No,0,449,Beginner,Medium,1,Self-Employed,4,Wealth Creation,9942,0.0,Avoid Loan
27,975906,54671,1373548,Yes,316084,556,Beginner,High,1,Business,6,Wealth Creation,26654,0.32,Avoid Loan
42,2889681,51519,323109,Yes,1340489,681,Intermediate,Medium,3,Salaried,11,House,189287,0.46,Avoid Loan
49,628042,28503,443876,No,0,543,Intermediate,Low,5,Salaried,2,Retirement,23833,0.0,Avoid Loan
49,2314733,142659,590914,Yes,268554,604,Beginner,High,4,Business,0,Retirement,50235,0.12,Save
49,2819993,15165,2193521,No,0,765,Expert,Low,1,Self-Employed,1,House,219834,0.0,Save
46,1132790,47314,2278808,No,0,654,Beginner,Low,2,Salaried,7,Education,47085,0.0,Save
33,1514197,32532,332475,No,0,607,Beginner,Low,0,Business,2,Retirement,93651,0.0,Save
26,2184504,109357,863055,Yes,1162658,759,Beginner,Medium,2,Salaried,12,Wealth Creation,72685,0.53,Avoid Loan
32,1160385,74662,1584098,Yes,2145253,652,Expert,Medium,1,Salaried,12,Retirement,22036,1.85,Avoid Loan
59,1868647,103147,335591,No,0,644,Intermediate,Medium,2,Self-Employed,4,Retirement,52573,0.0,Save
45,1876893,30114,1137782,Yes,915395,795,Expert,High,5,Business,8,Wealth Creation,126293,0.49,Avoid Loan
27,2023265,121481,242359,No,0,482,Beginner,Low,3,Self-Employed,0,Wealth Creation,47124,0.0,Avoid Loan
54,457568,26852,2097676,Yes,895039,614,Beginner,Low,5,Self-Employed,0,Education,11278,1.96,Avoid Loan
31,485919,27487,904482,Yes,2094640,852,Beginner,Low,1,Self-Employed,5,Education,13006,4.31,Avoid Loan
29,2654916,153718,2355180,No,0,715,Intermediate,Low,5,Self-Employed,8,Education,67525,0.0,Save
40,2543409,163259,1813547,No,0,792,Intermediate,Low,1,Business,9,Wealth Creation,48691,0.0,Invest
46,2344068,76019,1188435,No,0,407,Intermediate,Low,3,Salaried,5,Retirement,119320,0.0,Avoid Loan
40,437372,31600,1539992,Yes,1374749,638,Intermediate,High,5,Self-Employed,2,Wealth Creation,4847,3.14,Avoid Loan
59,1218834,70349,1765550,No,0,467,Beginner,Low,2,Salaried,2,Wealth Creation,31220,0.0,Avoid Loan
53,2679400,90399,98880,Yes,1520734,525,Expert,Low,5,Salaried,4,Wealth Creation,132884,0.57,Avoid Loan
38,2934358,132858,1051672,No,0,792,Beginner,Medium,0,Self-Employed,10,Retirement,111671,0.0,Invest
24,1670693,70619,904337,Yes,145865,703,Expert,Low,3,Salaried,7,Education,68605,0.09,Save
49,1884326,96027,243071,No,0,433,Beginner,Medium,3,Self-Employed,0,House,61000,0.0,Avoid Loan
56,1763877,15690,2314382,No,0,756,Intermediate,Low,2,Business,10,House,131299,0.0,Invest
52,2489191,33421,47553,Yes,75503,609,Intermediate,Medium,5,Salaried,8,House,174011,0.03,Avoid Loan
28,1465794,64942,735294,No,0,583,Beginner,High,2,Salaried,8,Wealth Creation,57207,0.0,Avoid Loan
42,2703905,95519,2382054,No,0,667,Intermediate,Medium,0,Self-Employed,6,Education,129806,0.0,Save
43,380069,16611,1312916,Yes,146423,680,Beginner,Medium,0,Salaried,3,Education,15061,0.39,Save
54,2088854,39854,1353490,No,0,394,Intermediate,Low,3,Self-Employed,1,Wealth Creation,134217,0.0,Avoid Loan
46,2431911,83350,1017687,No,0,753,Expert,Low,5,Business,12,Education,119309,0.0,Invest
31,779301,56984,2174618,No,0,373,Intermediate,Medium,4,Self-Employed,1,Education,7957,0.0,Avoid Loan
49,2712431,192449,1905550,Yes,704679,459,Beginner,Medium,0,Self-Employed,6,House,33586,0.26,Avoid Loan
52,481060,15055,1759104,No,0,604,Intermediate,Low,3,Self-Employed,3,Education,25033,0.0,Save
28,1569005,115984,2177438,No,0,687,Intermediate,High,5,Self-Employed,7,Education,14766,0.0,Save
38,1115140,46370,225725,Yes,1087877,784,Beginner,Medium,0,Salaried,0,Wealth Creation,46558,0.98,Avoid Loan
48,663908,28111,817758,No,0,869,Intermediate,Medium,0,Salaried,12,House,27214,0.0,Invest
22,2040499,18659,2139608,No,0,715,Beginner,Medium,5,Business,7,Education,151382,0.0,Save
55,323409,18330,689244,No,0,880,Beginner,High,5,Salaried,7,Retirement,8620,0.0,Save
58,911723,66950,758559,No,0,789,Beginner,High,4,Self-Employed,1,Education,9026,0.0,Save
39,2516733,113214,1520102,No,0,388,Beginner,Medium,0,Self-Employed,5,House,96513,0.0,Avoid Loan
38,1698766,115085,108795,No,0,530,Intermediate,High,4,Self-Employed,1,Education,26478,0.0,Avoid Loan
60,1632886,83092,738729,Yes,2102902,643,Intermediate,High,2,Self-Employed,8,Wealth Creation,52981,1.29,Avoid Loan
56,2155275,133286,1739818,Yes,1221538,604,Intermediate,Medium,1,Self-Employed,10,Wealth Creation,46320,0.57,Avoid Loan
23,1833969,96789,1685238,Yes,415581,660,Expert,High,4,Salaried,12,Wealth Creation,56041,0.23,Save
47,729801,28751,1771543,No,0,404,Beginner,High,2,Salaried,10,Wealth Creation,32065,0.0,Avoid Loan
41,689988,48156,596795,Yes,1544121,554,Beginner,Low,1,Business,11,House,9343,2.24,Avoid Loan
47,2040661,54135,383236,No,0,558,Intermediate,High,0,Salaried,0,Education,115920,0.0,Avoid Loan
29,2967473,200698,64490,Yes,2029243,793,Beginner,Medium,0,Business,11,Retirement,46591,0.68,Avoid Loan
51,637544,24959,2433394,No,0,743,Beginner,Low,2,Salaried,2,House,28169,0.0,Save
59,456428,23824,819894,Yes,682968,866,Beginner,High,2,Self-Employed,10,Retirement,14211,1.5,Avoid Loan
31,2544628,126311,1454120,Yes,800247,774,Expert,Medium,4,Business,6,Wealth Creation,85741,0.31,Save
59,1607288,71087,1351305,No,0,503,Beginner,Medium,1,Business,2,Wealth Creation,62853,0.0,Avoid Loan
47,1782469,103327,1494893,Yes,2001872,616,Intermediate,Low,0,Business,11,Wealth Creation,45212,1.12,Avoid Loan
54,319309,23700,920261,Yes,207126,899,Beginner,Medium,1,Business,8,Retirement,2909,0.65,Avoid Loan
25,2027347,49739,530856,Yes,2307582,864,Beginner,High,4,Salaried,10,Wealth Creation,119206,1.14,Avoid Loan
30,562560,31925,1705211,Yes,2435396,622,Expert,Low,2,Salaried,10,Retirement,14955,4.33,Avoid Loan
27,2115963,22639,1079965,Yes,2165932,722,Expert,Medium,0,Self-Employed,1,Wealth Creation,153691,1.02,Avoid Loan
24,2172180,39854,907087,No,0,832,Intermediate,Low,0,Salaried,9,Wealth Creation,141161,0.0,Invest
56,1515415,65515,1360819,Yes,1964986,478,Beginner,High,2,Self-Employed,5,Wealth Creation,60769,1.3,Avoid Loan
58,848968,21603,1259034,No,0,628,Expert,Low,1,Business,5,Retirement,49144,0.0,Save
35,426563,23277,2163155,Yes,2171173,678,Expert,Medium,0,Self-Employed,1,Education,12269,5.09,Avoid Loan
29,662388,23713,1645487,Yes,2350100,787,Expert,Medium,4,Business,0,Wealth Creation,31486,3.55,Avoid Loan
52,2382502,95053,549482,No,0,451,Beginner,Medium,3,Self-Employed,11,House,103488,0.0,Avoid Loan
38,1503953,112051,995983,Yes,1655666,854,Beginner,Medium,0,Salaried,7,Education,13278,1.1,Avoid Loan
60,2388431,154267,800489,Yes,2185407,415,Intermediate,Medium,4,Business,2,Wealth Creation,44768,0.91,Avoid Loan
43,2092026,18309,1939693,No,0,534,Beginner,High,4,Salaried,10,Wealth Creation,156026,0.0,Avoid Loan
43,2812372,73784,2312772,Yes,996264,419,Beginner,Low,4,Business,3,Retirement,160580,0.35,Avoid Loan
55,1534363,52501,2397811,No,0,573,Beginner,Low,1,Self-Employed,4,Education,75362,0.0,Avoid Loan
33,307689,19990,91399,Yes,891275,582,Expert,High,4,Salaried,4,Wealth Creation,5650,2.9,Avoid Loan
34,1843314,58969,179024,Yes,1714599,705,Beginner,Low,1,Self-Employed,6,Wealth Creation,94640,0.93,Avoid Loan
46,2489217,152885,2107724,No,0,878,Intermediate,Medium,2,Self-Employed,1,House,54549,0.0,Save
49,373549,19798,2079036,No,0,561,Beginner,High,1,Salaried,5,Wealth Creation,11331,0.0,Avoid Loan
47,2787798,198132,1971648,No,0,858,Expert,Low,3,Business,12,Education,34184,0.0,Invest
39,1592675,83190,1995491,No,0,397,Beginner,Medium,0,Self-Employed,9,House,49532,0.0,Avoid Loan
32,1685038,76765,1724449,No,0,795,Intermediate,Low,3,Self-Employed,11,House,63654,0.0,Invest
39,1769503,110185,1333734,No,0,585,Beginner,Medium,1,Self-Employed,2,Education,37273,0.0,Avoid Loan
49,457070,16279,1097752,No,0,632,Beginner,High,2,Business,11,Wealth Creation,21810,0.0,Save
56,1451602,38640,1428096,No,0,606,Expert,Low,0,Salaried,9,Education,82326,0.0,Save
48,2914623,47286,441126,Yes,979433,859,Beginner,High,3,Salaried,12,Education,195599,0.34,Save
40,1565994,109257,1562780,No,0,429,Intermediate,Medium,3,Self-Employed,9,Education,21242,0.0,Avoid Loan
25,578547,25386,131304,No,0,369,Beginner,Low,2,Self-Employed,9,House,22826,0.0,Avoid Loan
50,1833770,81234,760476,Yes,129409,385,Intermediate,Low,2,Self-Employed,5,Retirement,71580,0.07,Avoid Loan
53,1773921,129226,1750390,Yes,926870,489,Beginner,High,2,Self-Employed,6,Wealth Creation,18600,0.52,Avoid Loan
23,1450194,22629,37735,No,0,543,Beginner,Medium,0,Business,6,Wealth Creation,98220,0.0,Avoid Loan
29,1347509,50733,2097312,No,0,678,Expert,Low,1,Business,0,Retirement,61559,0.0,Save
39,1580060,67726,2065714,Yes,132714,485,Beginner,High,4,Self-Employed,7,Education,63945,0.08,Avoid Loan
26,1984143,134161,2268878,No,0,437,Intermediate,Medium,2,Self-Employed,12,Wealth Creation,31184,0.0,Avoid Loan
53,1366236,80216,803372,Yes,1040522,839,Beginner,Low,0,Salaried,0,Retirement,33637,0.76,Avoid Loan
28,1209817,69732,984161,No,0,582,Intermediate,Low,1,Self-Employed,0,Wealth Creation,31086,0.0,Avoid Loan
36,2500205,177372,227128,Yes,1185901,534,Intermediate,Low,5,Business,5,Wealth Creation,30978,0.47,Avoid Loan
42,590848,39101,90768,No,0,381,Beginner,Low,2,Self-Employed,0,House,10136,0.0,Avoid Loan
23,2191143,109481,2200919,No,0,503,Intermediate,High,3,Self-Employed,10,Wealth Creation,73114,0.0,Avoid Loan
37,2788876,61884,2342694,No,0,888,Intermediate,Low,2,Self-Employed,9,Education,170522,0.0,Invest
59,1901010,34333,1133601,No,0,499,Expert,Low,4,Salaried,2,Retirement,124084,0.0,Avoid Loan
53,2971687,177211,1801249,No,0,582,Beginner,High,1,Self-Employed,11,Wealth Creation,70429,0.0,Avoid Loan
55,1023853,56627,1353303,No,0,795,Expert,High,5,Salaried,5,Education,28694,0.0,Save
56,2641606,137228,63987,No,0,536,Beginner,High,5,Business,1,Wealth Creation,82905,0.0,Avoid Loan
38,1286528,82502,752893,No,0,625,Beginner,Medium,5,Salaried,1,Education,24708,0.0,Save
22,1814951,62973,51555,Yes,2415618,807,Intermediate,Low,3,Self-Employed,9,Education,88272,1.33,Avoid Loan
43,635054,43620,1061793,No,0,562,Beginner,Low,4,Business,6,Education,9301,0.0,Avoid Loan
21,2812818,29537,1241041,Yes,273987,590,Intermediate,Low,2,Salaried,6,House,204864,0.1,Avoid Loan
33,1647956,49674,1184743,Yes,721044,378,Beginner,Medium,0,Business,5,House,87655,0.44,Avoid Loan
50,1925888,82079,954582,No,0,783,Expert,High,5,Salaried,12,Education,78411,0.0,Invest
29,2510027,80276,1303966,No,0,443,Intermediate,Medium,1,Self-Employed,8,Retirement,128892,0.0,Avoid Loan
28,437669,20204,1712081,Yes,1857019,574,Intermediate,Low,0,Business,1,Retirement,16268,4.24,Avoid Loan
55,1964389,71334,2037151,Yes,2200732,723,Beginner,High,1,Business,6,Education,92365,1.12,Avoid Loan
38,2878363,134011,1559373,Yes,436022,854,Beginner,Low,1,Self-Employed,5,Wealth Creation,105852,0.15,Save
60,393065,16837,2414297,Yes,2414068,644,Beginner,High,2,Self-Employed,7,Education,15918,6.14,Avoid Loan
23,1726281,67222,945505,Yes,1456480,471,Expert,Low,1,Self-Employed,5,Wealth Creation,76634,0.84,Avoid Loan
37,1801597,92026,532064,No,0,529,Intermediate,Medium,2,Business,3,Wealth Creation,58107,0.0,Avoid Loan
27,1874450,82173,2030670,Yes,568739,416,Beginner,High,1,Self-Employed,1,Wealth Creation,74031,0.3,Avoid Loan
32,1557929,82829,698234,No,0,460,Intermediate,Medium,5,Self-Employed,8,House,46998,0.0,Avoid Loan
43,721470,19799,1594352,Yes,2453739,556,Expert,High,4,Self-Employed,10,Retirement,40323,3.4,Avoid Loan
37,1029374,59007,1175615,No,0,447,Intermediate,High,3,Self-Employed,2,Education,26774,0.0,Avoid Loan
22,2314222,75440,1651752,No,0,567,Expert,Medium,1,Business,10,Education,117411,0.0,Avoid Loan
59,388444,23225,170312,Yes,1473042,436,Beginner,Medium,1,Self-Employed,6,Retirement,9145,3.79,Avoid Loan
43,2988628,147970,707948,No,0,603,Expert,Low,2,Business,9,House,101082,0.0,Save
41,1890403,67504,1873917,Yes,1622387,410,Beginner,Low,5,Salaried,7,Wealth Creation,90029,0.86,Avoid Loan
31,2498517,157225,1388076,Yes,572006,842,Beginner,Medium,2,Business,4,Education,50984,0.23,Save
35,2464067,54225,1704019,Yes,2382800,357,Beginner,Low,5,Salaried,5,Retirement,151113,0.97,Avoid Loan
55,2967937,91181,2223840,No,0,732,Intermediate,High,5,Salaried,12,Retirement,156147,0.0,Invest
58,2458047,41775,384805,Yes,290973,727,Intermediate,Medium,3,Self-Employed,9,Retirement,163062,0.12,Invest
40,2041858,32281,1016561,Yes,745318,571,Beginner,High,5,Business,12,House,137873,0.37,Avoid Loan
40,2232335,119599,233838,No,0,474,Beginner,Medium,2,Self-Employed,3,Education,66428,0.0,Avoid Loan
50,1130692,50618,171760,No,0,602,Intermediate,High,1,Business,2,House,43606,0.0,Save
56,1778344,22164,2325638,Yes,2156906,751,Intermediate,Low,1,Business,1,House,126031,1.21,Avoid Loan
47,400457,19198,275631,No,0,454,Intermediate,Medium,1,Self-Employed,1,House,14173,0.0,Avoid Loan
34,1043308,50636,661401,No,0,877,Expert,Medium,0,Business,4,Education,36306,0.0,Save
27,1843435,38216,740822,Yes,146230,636,Expert,Medium,1,Self-Employed,4,Education,115403,0.08,Save
56,845943,19114,988677,Yes,1347779,804,Intermediate,High,5,Salaried,2,Education,51381,1.59,Avoid Loan
31,328678,16713,322984,Yes,2130699,847,Beginner,Medium,4,Business,8,Retirement,10676,6.48,Avoid Loan
38,498419,21300,1658716,Yes,2121687,788,Intermediate,High,4,Business,5,Wealth Creation,20234,4.26,Avoid Loan
43,905683,22307,1636043,No,0,438,Expert,Medium,3,Salaried,5,Education,53166,0.0,Avoid Loan
58,1747851,99179,2211198,Yes,2249081,474,Expert,Low,0,Self-Employed,3,Wealth Creation,46475,1.29,Avoid Loan
32,2596469,42132,879398,No,0,883,Intermediate,Low,0,Salaried,1,Retirement,174240,0.0,Save
57,2090179,90521,1547336,No,0,814,Intermediate,High,1,Business,9,House,83660,0.0,Invest
43,1435127,66065,671155,Yes,1307043,629,Beginner,Medium,5,Self-Employed,0,House,53528,0.91,Avoid Loan
24,555900,25062,1444192,Yes,709175,461,Beginner,Medium,5,Salaried,6,House,21263,1.28,Avoid Loan
34,711943,17979,1864129,No,0,650,Beginner,Medium,0,Salaried,2,Education,41349,0.0,Save
39,1062875,66071,127770,No,0,668,Intermediate,High,4,Business,7,Education,22501,0.0,Save
50,2456058,31161,2179271,Yes,443773,498,Intermediate,Medium,5,Business,10,Wealth Creation,173510,0.18,Avoid Loan
48,349491,23041,2467730,No,0,551,Expert,Low,3,Self-Employed,12,Retirement,6083,0.0,Avoid Loan
57,2256333,50935,290882,No,0,671,Beginner,Low,0,Business,2,Education,137092,0.0,Save
53,1739884,23478,2065220,No,0,374,Beginner,Medium,3,Salaried,0,Wealth Creation,121512,0.0,Avoid Loan
37,363796,25170,372101,Yes,688153,899,Intermediate,High,0,Business,3,Education,5146,1.89,Avoid Loan
58,1569171,90570,435050,Yes,191659,471,Expert,High,4,Self-Employed,3,Education,40194,0.12,Avoid Loan
51,1123545,65299,169194,Yes,2092671,589,Beginner,Low,0,Self-Employed,9,Wealth Creation,28329,1.86,Avoid Loan
37,582608,24157,2182009,Yes,247651,543,Intermediate,Low,4,Salaried,2,Education,24393,0.43,Avoid Loan
53,2205357,124094,1770113,Yes,1470828,699,Beginner,Low,1,Business,7,Education,59685,0.67,Avoid Loan
28,361961,18531,1712139,No,0,742,Intermediate,Low,0,Self-Employed,11,House,11632,0.0,Save
39,2756915,91369,1796040,No,0,662,Intermediate,Medium,5,Salaried,3,Retirement,138373,0.0,Save
46,2821333,204822,618830,No,0,858,Intermediate,High,1,Salaried,3,Wealth Creation,30289,0.0,Save
51,663359,37190,47821,Yes,2410373,373,Intermediate,Medium,3,Business,10,Wealth Creation,18089,3.63,Avoid Loan
54,2529766,90617,699768,No,0,517,Expert,High,2,Self-Employed,3,Education,120196,0.0,Avoid Loan
55,2851446,46650,1975600,Yes,242119,544,Beginner,High,3,Business,2,House,190970,0.08,Avoid Loan
30,2653417,85773,2398260,No,0,515,Intermediate,Medium,0,Business,2,House,135345,0.0,Avoid Loan
59,389250,16639,1413416,Yes,306576,436,Beginner,Medium,2,Business,10,House,15798,0.79,Avoid Loan
25,2381947,52336,1867140,Yes,1566269,569,Expert,High,0,Salaried,9,Retirement,146159,0.66,Avoid Loan
36,579534,37147,620438,No,0,843,Beginner,Medium,5,Salaried,8,House,11147,0.0,Save
22,837299,26094,2280858,Yes,320008,896,Beginner,Medium,3,Self-Employed,2,Retirement,43680,0.38,Save
47,2575633,61796,1310477,No,0,426,Beginner,Medium,4,Self-Employed,6,Education,152840,0.0,Avoid Loan
26,2278146,125861,2262983,Yes,445715,453,Beginner,Low,0,Salaried,11,House,63984,0.2,Avoid Loan
35,2775596,187077,263974,Yes,125789,596,Beginner,Low,3,Self-Employed,6,Wealth Creation,44222,0.05,Avoid Loan
36,1439505,33909,1226090,Yes,1928404,563,Beginner,Medium,0,Business,2,House,86049,1.34,Avoid Loan
21,1227052,62512,721991,No,0,660,Beginner,High,2,Salaried,11,Retirement,39742,0.0,Save
33,1802719,33963,138950,No,0,701,Intermediate,Medium,5,Salaried,11,Retirement,116263,0.0,Save
32,1140483,65204,1453248,No,0,376,Beginner,Low,4,Self-Employed,8,House,29836,0.0,Avoid Loan
39,1641425,29164,1572207,Yes,1714395,552,Beginner,Medium,3,Self-Employed,3,House,107621,1.04,Avoid Loan
48,997769,74306,941634,No,0,478,Expert,Medium,1,Salaried,7,Retirement,8841,0.0,Avoid Loan
59,926013,40478,860878,No,0,576,Beginner,Medium,2,Salaried,9,Wealth Creation,36689,0.0,Avoid Loan
49,355384,18902,474834,No,0,543,Expert,High,5,Business,6,Education,10713,0.0,Avoid Loan
58,1346756,64343,47804,Yes,1626801,682,Intermediate,Medium,5,Self-Employed,9,Retirement,47886,1.21,Avoid Loan
59,1149885,69959,1787518,Yes,2134630,645,Beginner,High,3,Business,11,House,25864,1.86,Avoid Loan
23,2489848,102387,2133063,Yes,2062862,846,Expert,Medium,3,Salaried,2,Education,105100,0.83,Avoid Loan
45,355459,26343,1963054,No,0,391,Intermediate,Low,2,Self-Employed,11,Retirement,3278,0.0,Avoid Loan
53,2069282,101910,1899945,No,0,585,Intermediate,Low,5,Self-Employed,7,House,70530,0.0,Avoid Loan
36,1015074,19575,985488,No,0,886,Beginner,High,1,Salaried,12,Wealth Creation,65014,0.0,Invest
43,1646435,38216,2250881,No,0,564,Intermediate,Low,3,Salaried,7,Retirement,98986,0.0,Avoid Loan
40,2007804,32566,1758815,No,0,886,Intermediate,Medium,3,Self-Employed,6,Wealth Creation,134751,0.0,Invest
21,1552983,61723,1855426,Yes,1468949,650,Expert,Low,1,Business,7,Wealth Creation,67692,0.95,Avoid Loan
39,1054723,30428,2171207,No,0,663,Beginner,Medium,2,Business,12,Wealth Creation,57465,0.0,Save
55,1153949,46018,272241,No,0,577,Beginner,Low,3,Self-Employed,3,Education,50144,0.0,Avoid Loan
60,1933982,115949,861870,Yes,2491294,815,Intermediate,Medium,5,Business,8,House,45216,1.29,Avoid Loan
40,1830233,20002,406985,No,0,526,Beginner,Low,3,Business,12,Retirement,132517,0.0,Avoid Loan
43,2388050,138419,909031,Yes,671832,849,Intermediate,Low,2,Self-Employed,1,House,60585,0.28,Save
35,1114385,53398,1730177,No,0,422,Expert,Medium,4,Self-Employed,7,Wealth Creation,39467,0.0,Avoid Loan
43,596743,32630,624111,Yes,189191,843,Intermediate,Medium,2,Salaried,4,Wealth Creation,17098,0.32,Save
35,2364503,25632,793177,Yes,405968,726,Expert,Medium,3,Salaried,5,Education,171409,0.17,Save
40,1430970,85676,2392059,Yes,1543251,556,Expert,Medium,5,Business,3,House,33571,1.08,Avoid Loan
45,2289723,75694,1881394,Yes,2219124,454,Intermediate,Medium,0,Salaried,11,Retirement,115116,0.97,Avoid Loan
54,2109348,49839,194957,Yes,62836,639,Beginner,High,0,Salaried,10,Retirement,125940,0.03,Save
27,457556,21355,287078,No,0,578,Intermediate,High,1,Salaried,1,Education,16774,0.0,Avoid Loan
43,2476029,38536,1793830,No,0,374,Beginner,Medium,1,Salaried,0,Education,167799,0.0,Avoid Loan
60,636424,35286,313600,Yes,1776502,470,Beginner,Low,5,Business,12,Education,17749,2.79,Avoid Loan
22,1986304,43821,2004935,Yes,863346,679,Expert,Low,1,Salaried,3,Wealth Creation,121704,0.43,Save
28,1408493,80997,1812184,No,0,719,Expert,High,5,Salaried,1,House,36377,0.0,Save
47,2916606,55673,825505,Yes,1683393,462,Expert,Medium,1,Business,1,Retirement,187377,0.58,Avoid Loan
49,521270,17044,298276,Yes,1755774,714,Intermediate,Medium,1,Business,3,House,26395,3.37,Avoid Loan
58,2650118,18093,741379,Yes,1891945,561,Beginner,Low,3,Salaried,5,Wealth Creation,202750,0.71,Avoid Loan
48,2863789,132135,2069167,No,0,587,Beginner,High,5,Self-Employed,10,House,106514,0.0,Avoid Loan
40,1258601,72574,982702,No,0,462,Beginner,High,4,Business,7,Wealth Creation,32309,0.0,Avoid Loan
55,406173,19522,832435,No,0,447,Intermediate,Medium,5,Self-Employed,8,Wealth Creation,14325,0.0,Avoid Loan
36,2478623,60852,747015,Yes,2199742,481,Beginner,Medium,5,Business,10,Retirement,145699,0.89,Avoid Loan
48,1495814,42295,678253,Yes,1061183,754,Beginner,High,4,Self-Employed,2,House,82356,0.71,Avoid Loan
51,369120,23684,812235,Yes,1526800,418,Intermediate,Low,4,Salaried,9,Retirement,7076,4.14,Avoid Loan
26,536812,33184,2374894,Yes,1769488,671,Beginner,High,0,Salaried,3,House,11550,3.3,Avoid Loan
59,1016740,53494,1096403,Yes,2475410,803,Intermediate,Low,1,Salaried,7,Education,31234,2.43,Avoid Loan
46,2729245,180224,190663,No,0,828,Intermediate,Medium,3,Self-Employed,0,Wealth Creation,47213,0.0,Save
30,632775,32895,1299990,Yes,2105560,539,Beginner,Medium,2,Salaried,7,Retirement,19836,3.33,Avoid Loan
43,2617916,109330,2395036,Yes,607224,576,Beginner,High,5,Salaried,3,Education,108829,0.23,Avoid Loan
39,1186350,24793,1044972,No,0,351,Expert,Medium,5,Self-Employed,3,Education,74069,0.0,Avoid Loan
30,947195,17529,1575848,Yes,970288,468,Beginner,Low,0,Self-Employed,3,Education,61403,1.02,Avoid Loan
52,1277084,32987,435311,No,0,353,Beginner,Medium,3,Self-Employed,11,Retirement,73436,0.0,Avoid Loan
38,2812125,18976,2338646,No,0,740,Beginner,Medium,1,Self-Employed,7,Education,215367,0.0,Invest
54,2260028,142096,893871,No,0,848,Expert,Medium,0,Business,10,Retirement,46239,0.0,Invest
55,2971869,130107,2228038,Yes,154124,494,Intermediate,High,4,Business,0,Education,117548,0.05,Avoid Loan
33,928668,27486,985918,No,0,489,Expert,Medium,5,Business,0,House,49903,0.0,Avoid Loan
26,913149,52175,2320077,No,0,605,Intermediate,Low,1,Salaried,2,Education,23920,0.0,Save
53,499595,22515,2275113,No,0,859,Intermediate,High,5,Self-Employed,5,Education,19117,0.0,Save
25,1301318,51462,238306,Yes,1216074,429,Beginner,Medium,0,Salaried,11,Retirement,56981,0.93,Avoid Loan
25,2400558,17424,500638,Yes,455771,805,Beginner,Low,4,Business,6,Education,182622,0.19,Invest
42,2397484,63950,727750,Yes,2099042,501,Intermediate,Low,4,Salaried,8,House,135840,0.88,Avoid Loan
60,1078454,26051,2149025,No,0,782,Intermediate,High,2,Self-Employed,1,Retirement,63820,0.0,Save
46,1024153,19813,825739,Yes,315796,484,Intermediate,High,5,Business,1,House,65533,0.31,Avoid Loan
32,2109445,88478,219804,No,0,519,Expert,High,5,Salaried,9,Retirement,87309,0.0,Avoid Loan
33,1785712,67186,321306,Yes,2009245,848,Beginner,Low,2,Self-Employed,7,Retirement,81623,1.13,Avoid Loan
36,2639466,131765,395241,Yes,2035093,469,Expert,Low,3,Business,10,Wealth Creation,88190,0.77,Avoid Loan
41,2323353,138899,1959402,Yes,903585,708,Intermediate,Low,4,Self-Employed,10,House,54713,0.39,Save
26,2222818,76046,1159018,No,0,441,Beginner,Low,0,Business,2,House,109188,0.0,Avoid Loan
23,2367662,121985,1447945,Yes,1165745,776,Beginner,High,1,Business,7,Retirement,75320,0.49,Avoid Loan
51,368586,27381,1024619,No,0,739,Beginner,Medium,1,Salaried,2,House,3334,0.0,Save
43,1643068,21469,615348,Yes,2011307,611,Intermediate,Medium,5,Self-Employed,11,Wealth Creation,115453,1.22,Avoid Loan
51,2013362,66903,1684890,No,0,630,Expert,Medium,4,Business,6,Retirement,100877,0.0,Save
37,1708326,113674,2443414,Yes,471089,640,Beginner,High,1,Business,1,House,28686,0.28,Save
57,916682,30069,1439200,No,0,812,Intermediate,Medium,0,Salaried,12,House,46321,0.0,Invest
51,2287593,101142,232657,Yes,1209958,588,Beginner,Medium,3,Self-Employed,8,House,89490,0.53,Avoid Loan
58,1980714,120632,1076043,No,0,701,Expert,Low,0,Self-Employed,8,Retirement,44427,0.0,Save
40,2816396,31687,2492002,No,0,782,Beginner,Low,4,Self-Employed,11,House,203012,0.0,Invest
33,944709,33422,1520413,No,0,707,Beginner,Low,5,Business,1,Wealth Creation,45303,0.0,Save
38,986602,24352,859530,Yes,693824,419,Intermediate,Medium,3,Self-Employed,8,Education,57864,0.7,Avoid Loan
45,2683915,91488,1019690,Yes,2463826,669,Intermediate,Medium,5,Self-Employed,4,Education,132171,0.92,Avoid Loan
23,2177670,24144,2267026,No,0,507,Beginner,Low,0,Business,11,Education,157328,0.0,Avoid Loan
46,1340098,91482,1622422,No,0,803,Beginner,Low,5,Business,1,House,20192,0.0,Save
40,271306,15114,1534062,Yes,2452162,870,Beginner,Low,2,Business,8,House,7494,9.04,Avoid Loan
53,1533460,78032,1195909,Yes,1770362,711,Intermediate,Medium,5,Business,8,Education,49756,1.15,Avoid Loan
22,1862278,107518,515185,No,0,877,Beginner,Low,4,Salaried,12,Retirement,47671,0.0,Invest
24,1559097,106514,1584132,Yes,988874,833,Expert,Medium,5,Salaried,8,Education,23410,0.63,Avoid Loan
44,1783161,43428,2412901,No,0,853,Intermediate,Low,2,Salaried,2,Education,105168,0.0,Save
55,864926,21958,140512,Yes,2420251,552,Intermediate,Low,4,Salaried,4,Retirement,50119,2.8,Avoid Loan
41,2461060,59471,2016496,No,0,577,Intermediate,High,4,Self-Employed,8,House,145617,0.0,Avoid Loan
34,1736775,86168,922815,No,0,466,Intermediate,Medium,3,Self-Employed,4,Wealth Creation,58563,0.0,Avoid Loan
34,541934,16633,2180175,No,0,385,Intermediate,Low,2,Business,9,Wealth Creation,28528,0.0,Avoid Loan
23,2505401,78709,853006,No,0,456,Intermediate,Low,2,Business,1,Retirement,130074,0.0,Avoid Loan
24,555509,35915,2244542,No,0,781,Intermediate,High,1,Business,0,Retirement,10377,0.0,Save
51,1415489,56928,2190337,No,0,598,Intermediate,Low,2,Business,10,Education,61029,0.0,Avoid Loan
42,2501421,49395,503386,Yes,853234,622,Beginner,Low,4,Self-Employed,8,House,159056,0.34,Save
47,782553,49782,526867,No,0,640,Expert,Medium,0,Salaried,3,Retirement,15430,0.0,Save
55,1802550,129397,75753,Yes,2353649,361,Intermediate,Medium,2,Business,9,Retirement,20815,1.31,Avoid Loan
58,346257,23201,404852,No,0,387,Intermediate,Medium,1,Business,10,Retirement,5653,0.0,Avoid Loan
56,2045946,16118,756147,No,0,780,Beginner,Low,5,Self-Employed,9,House,154377,0.0,Invest
22,2677791,82002,662262,Yes,319733,439,Expert,High,2,Self-Employed,12,Education,141147,0.12,Avoid Loan
24,499120,21549,1205938,Yes,1296261,858,Intermediate,Low,5,Salaried,2,Education,20044,2.6,Avoid Loan
22,1776911,112447,783493,No,0,858,Beginner,Medium,3,Salaried,2,House,35628,0.0,Save
26,552284,33803,217542,Yes,2384272,875,Intermediate,High,3,Salaried,11,House,12220,4.32,Avoid Loan
42,1105657,70530,1526075,Yes,590343,440,Expert,High,3,Salaried,7,Wealth Creation,21608,0.53,Avoid Loan
23,2589974,59800,478401,No,0,551,Intermediate,Medium,1,Self-Employed,8,House,156031,0.0,Avoid Loan
31,1813747,81415,1868182,No,0,847,Beginner,Medium,5,Business,1,Education,69730,0.0,Save
51,1091693,46062,799704,Yes,1690174,592,Intermediate,Medium,4,Self-Employed,10,Education,44912,1.55,Avoid Loan
25,1868410,24945,568959,Yes,1550528,527,Beginner,High,1,Self-Employed,11,Education,130755,0.83,Avoid Loan
45,1526257,95955,661267,No,0,516,Intermediate,Low,4,Salaried,0,House,31233,0.0,Avoid Loan
48,1460239,34503,2235846,Yes,381833,641,Beginner,Low,0,Business,11,Education,87183,0.26,Save
33,2092478,92368,66498,No,0,760,Beginner,Low,4,Salaried,2,Education,82005,0.0,Save
38,463539,23604,805284,No,0,416,Beginner,Medium,2,Self-Employed,10,Wealth Creation,15024,0.0,Avoid Loan
25,1056282,43831,1514139,Yes,1046339,637,Intermediate,High,4,Salaried,11,Education,44192,0.99,Avoid Loan
56,1108594,81832,122544,No,0,368,Beginner,Medium,5,Salaried,7,Education,10550,0.0,Avoid Loan
53,2277936,47769,1425613,No,0,502,Intermediate,Low,0,Self-Employed,0,Wealth Creation,142059,0.0,Avoid Loan
24,2824538,24969,71753,No,0,628,Beginner,Low,5,Self-Employed,8,Wealth Creation,210409,0.0,Save
45,1348059,44953,1728201,Yes,1165542,467,Beginner,Low,2,Business,3,Education,67385,0.86,Avoid Loan
42,2953616,81888,386498,Yes,1778520,372,Expert,Medium,3,Self-Employed,12,House,164246,0.6,Avoid Loan
39,1654752,39424,1471520,No,0,686,Intermediate,Medium,0,Self-Employed,6,Retirement,98472,0.0,Save
57,1944943,45271,2226982,No,0,697,Beginner,Low,3,Business,4,Education,116807,0.0,Save
60,1582531,24451,2491643,Yes,1033608,849,Beginner,High,0,Salaried,12,Education,107426,0.65,Avoid Loan
27,767549,46116,1531667,No,0,633,Intermediate,Low,0,Business,3,Wealth Creation,17846,0.0,Save
55,351102,17349,382885,No,0,843,Beginner,Medium,0,Self-Employed,7,House,11909,0.0,Save
57,912402,62709,94520,No,0,535,Intermediate,Low,5,Salaried,8,Education,13324,0.0,Avoid Loan
50,613646,24497,1605813,Yes,2389904,502,Expert,High,3,Self-Employed,3,House,26640,3.89,Avoid Loan
34,1678394,112111,2450585,No,0,602,Expert,Low,2,Salaried,1,Retirement,27755,0.0,Save
41,1885715,114568,1796075,No,0,479,Intermediate,Medium,5,Self-Employed,6,Education,42574,0.0,Avoid Loan
48,1099476,52061,1923120,Yes,2378545,793,Expert,Medium,2,Salaried,3,Education,39562,2.16,Avoid Loan
56,810932,54628,828735,No,0,553,Beginner,Low,5,Self-Employed,11,Retirement,12949,0.0,Avoid Loan
59,769548,55189,1473333,Yes,1877008,554,Beginner,Low,1,Business,5,Retirement,8940,2.44,Avoid Loan
36,1787353,53546,48095,Yes,455641,627,Intermediate,Medium,1,Salaried,3,Education,95400,0.25,Avoid Loan
36,471017,33502,1589397,Yes,206599,679,Beginner,Low,3,Business,1,Wealth Creation,5749,0.44,Avoid Loan
50,2662014,62298,501041,No,0,785,Beginner,Low,4,Salaried,0,Education,159536,0.0,Save
27,1040130,54763,915609,Yes,1647918,402,Beginner,Medium,0,Salaried,10,Wealth Creation,31914,1.58,Avoid Loan
29,555446,37330,2109521,No,0,470,Beginner,High,1,Salaried,9,Education,8957,0.0,Avoid Loan
48,1086274,54508,1867432,Yes,2499041,402,Intermediate,Medium,1,Salaried,9,House,36014,2.3,Avoid Loan
22,990840,21283,276560,No,0,874,Intermediate,Low,3,Self-Employed,5,Retirement,61287,0.0,Save
60,2116589,105905,1659594,No,0,628,Beginner,Medium,0,Business,5,Wealth Creation,70477,0.0,Save
25,516761,19060,190249,No,0,585,Expert,Low,0,Salaried,1,Wealth Creation,24003,0.0,Avoid Loan
22,2813250,77602,1044910,Yes,1062189,730,Beginner,High,5,Salaried,6,Wealth Creation,156835,0.38,Save
41,2648411,160560,379678,Yes,1062397,791,Intermediate,Medium,0,Self-Employed,6,Retirement,60140,0.4,Save
32,1882615,98212,323597,No,0,476,Expert,Low,4,Self-Employed,8,Wealth Creation,58672,0.0,Avoid Loan
38,645434,24439,795374,No,0,889,Expert,Medium,3,Business,0,Education,29347,0.0,Save
41,1023357,54066,727823,No,0,645,Intermediate,High,3,Salaried,1,Wealth Creation,31213,0.0,Save
54,1023384,59070,2247281,Yes,2254337,655,Intermediate,Low,1,Business,8,Wealth Creation,26212,2.2,Avoid Loan
56,2883462,118060,160964,Yes,170336,369,Beginner,Medium,3,Self-Employed,1,Education,122228,0.06,Avoid Loan
43,1324936,51915,402530,No,0,703,Beginner,Low,0,Salaried,12,Education,58496,0.0,Save
39,2546709,147410,2156563,Yes,2181881,663,Intermediate,High,1,Business,11,Wealth Creation,64815,0.86,Avoid Loan
58,675072,36413,979389,Yes,2455045,665,Beginner,Medium,0,Business,9,House,19843,3.64,Avoid Loan
40,851312,47549,1399626,No,0,715,Intermediate,High,5,Business,9,Education,23393,0.0,Save
50,375873,25000,1529968,No,0,573,Beginner,Medium,2,Business,4,Education,6322,0.0,Avoid Loan
39,1033175,64285,1169446,No,0,540,Beginner,Low,1,Self-Employed,1,Education,21812,0.0,Avoid Loan
27,479101,19785,724498,No,0,492,Beginner,Low,1,Salaried,11,House,20140,0.0,Avoid Loan
31,1514509,43649,2061391,Yes,2194319,484,Beginner,Low,1,Salaried,7,House,82560,1.45,Avoid Loan
56,1233159,88047,1310292,Yes,877545,809,Beginner,Medium,4,Self-Employed,6,Retirement,14716,0.71,Avoid Loan
59,2380688,107803,471104,No,0,882,Beginner,Medium,3,Business,8,Education,90587,0.0,Invest
41,2885429,16540,893090,No,0,553,Intermediate,High,1,Salaried,8,House,223912,0.0,Avoid Loan
33,585065,33298,1693234,Yes,323091,513,Intermediate,Low,0,Self-Employed,12,Retirement,15457,0.55,Avoid Loan
46,487120,32674,1387941,Yes,280373,632,Beginner,Medium,0,Business,12,Wealth Creation,7919,0.58,Avoid Loan
45,1241318,36536,1797108,Yes,1859395,535,Beginner,Low,0,Salaried,5,Retirement,66907,1.5,Avoid Loan
40,603636,34462,211612,Yes,2130072,582,Intermediate,Low,4,Self-Employed,6,Education,15841,3.53,Avoid Loan
42,2843491,19235,1053620,No,0,423,Intermediate,Medium,4,Business,2,Wealth Creation,217722,0.0,Avoid Loan
46,1663956,23258,2363418,No,0,885,Intermediate,Low,1,Salaried,5,Education,115405,0.0,Save
24,1262073,51499,712798,No,0,373,Beginner,Medium,0,Business,10,House,53673,0.0,Avoid Loan
51,2390233,35733,206233,No,0,756,Intermediate,High,2,Business,4,House,163453,0.0,Save
50,867650,39862,330888,No,0,848,Intermediate,Low,5,Salaried,12,House,32442,0.0,Invest
59,836595,38872,930391,Yes,569254,516,Beginner,Low,2,Business,4,Retirement,30844,0.68,Avoid Loan
36,1263407,89511,1309211,No,0,597,Expert,High,0,Self-Employed,4,House,15772,0.0,Avoid Loan
49,766530,17926,1966983,No,0,541,Intermediate,Low,3,Business,5,Wealth Creation,45951,0.0,Avoid Loan
47,1021882,27176,465986,Yes,1715968,811,Expert,Low,4,Business,6,Wealth Creation,57980,1.68,Avoid Loan
53,1489365,89783,2211586,No,0,453,Expert,Low,5,Business,11,Education,34330,0.0,Avoid Loan
28,2372334,116256,224581,No,0,856,Intermediate,Low,4,Self-Employed,4,House,81438,0.0,Save
42,2548326,75245,1045948,No,0,707,Intermediate,Medium,2,Salaried,10,Wealth Creation,137115,0.0,Save
54,593870,41871,1269964,No,0,545,Expert,Low,5,Business,10,Retirement,7618,0.0,Avoid Loan
43,2782983,133971,2455514,No,0,621,Beginner,Medium,0,Self-Employed,5,Wealth Creation,97944,0.0,Save
32,1871146,88237,2486774,Yes,1151296,821,Expert,High,4,Salaried,11,Wealth Creation,67691,0.62,Avoid Loan
39,2422303,120832,1751204,No,0,510,Beginner,Medium,4,Salaried,3,Education,81026,0.0,Avoid Loan
41,1138382,40777,1494675,Yes,2301634,439,Expert,Medium,3,Self-Employed,9,Education,54088,2.02,Avoid Loan
57,2208704,84094,1835575,No,0,790,Intermediate,Low,5,Self-Employed,10,Education,99964,0.0,Invest
37,1458749,54949,2278915,No,0,747,Expert,High,1,Salaried,4,House,66613,0.0,Save
33,1221645,20531,1067725,No,0,757,Intermediate,High,5,Salaried,5,Education,81272,0.0,Save
54,1405485,104806,2210456,Yes,289264,735,Beginner,High,5,Self-Employed,0,House,12317,0.21,Save
31,1642475,97658,1827523,Yes,1093114,603,Beginner,Medium,4,Salaried,4,Education,39214,0.67,Avoid Loan
32,395066,25020,621335,Yes,1027476,472,Beginner,High,1,Business,9,Retirement,7902,2.6,Avoid Loan
21,2669635,62046,1625855,Yes,319145,623,Beginner,Low,4,Self-Employed,8,Wealth Creation,160423,0.12,Save
42,1275492,41790,2189612,No,0,685,Beginner,High,3,Business,3,House,64501,0.0,Save
25,398910,25395,1085599,Yes,1718911,783,Beginner,Low,1,Business,1,Education,7847,4.31,Avoid Loan
42,1028919,58010,69158,No,0,459,Expert,Low,5,Self-Employed,9,Wealth Creation,27733,0.0,Avoid Loan
24,2751957,19545,896701,Yes,1192836,481,Intermediate,Low,1,Salaried,1,Retirement,209784,0.43,Avoid Loan
35,2604133,90274,1439643,Yes,205325,709,Expert,Medium,0,Self-Employed,12,Education,126737,0.08,Save
45,2462328,173551,929112,No,0,651,Intermediate,Low,4,Salaried,2,Retirement,31643,0.0,Save
21,1423534,86123,2080662,Yes,1123355,638,Beginner,Medium,2,Salaried,1,House,32504,0.79,Avoid Loan
33,358097,24411,273300,No,0,698,Intermediate,Low,0,Business,1,House,5430,0.0,Save
26,2723100,182783,469877,Yes,1314290,858,Beginner,Medium,4,Business,12,Education,44142,0.48,Avoid Loan
45,2825768,127520,1084633,No,0,722,Intermediate,High,3,Salaried,11,Wealth Creation,107960,0.0,Invest
49,1788595,132311,2467765,No,0,505,Beginner,Medium,3,Salaried,9,Retirement,16738,0.0,Avoid Loan
38,2960334,146792,435515,No,0,453,Beginner,Medium,0,Salaried,11,House,99902,0.0,Avoid Loan
42,269560,18281,683755,No,0,662,Beginner,Medium,5,Self-Employed,9,Education,4182,0.0,Save
51,256317,19118,179310,Yes,1371177,407,Beginner,Medium,3,Business,12,Education,2241,5.35,Avoid Loan
56,744762,35755,1789160,No,0,607,Intermediate,Low,0,Salaried,3,Wealth Creation,26308,0.0,Save
40,1009372,64886,1949867,Yes,1121894,806,Beginner,Medium,3,Self-Employed,12,Retirement,19228,1.11,Avoid Loan
43,2326762,80357,526675,Yes,189391,522,Intermediate,Low,0,Business,10,Retirement,113539,0.08,Avoid Loan
54,1859862,122687,575550,Yes,838512,553,Intermediate,Low,0,Salaried,6,Retirement,32301,0.45,Avoid Loan
41,885888,22662,2432039,No,0,805,Beginner,Medium,1,Self-Employed,10,Education,51162,0.0,Invest
50,2561558,136999,1133444,No,0,649,Intermediate,Medium,3,Self-Employed,8,Wealth Creation,76464,0.0,Save
23,476157,29993,2353319,Yes,2197121,717,Expert,Medium,2,Self-Employed,5,Wealth Creation,9686,4.61,Avoid Loan
21,1063993,44487,2017900,Yes,1672208,451,Beginner,Medium,2,Salaried,12,Wealth Creation,44179,1.57,Avoid Loan
27,1316805,53352,888510,Yes,1851374,409,Beginner,High,4,Self-Employed,5,Wealth Creation,56381,1.41,Avoid Loan
39,2892473,193055,1450318,Yes,499651,498,Intermediate,High,3,Self-Employed,1,Retirement,47984,0.17,Avoid Loan
41,457292,27884,1372896,No,0,428,Intermediate,Medium,3,Self-Employed,1,Wealth Creation,10223,0.0,Avoid Loan
27,1698953,111870,126635,No,0,829,Expert,High,2,Self-Employed,7,Retirement,29709,0.0,Save
50,2108755,58257,686270,No,0,731,Intermediate,Medium,5,Salaried,12,House,117472,0.0,Invest
44,2261240,49553,2326303,Yes,1570327,693,Intermediate,Medium,5,Self-Employed,2,Retirement,138883,0.69,Avoid Loan
23,759184,23313,861754,Yes,1432619,591,Expert,Medium,3,Salaried,5,Wealth Creation,39952,1.89,Avoid Loan
57,2823435,88151,2008774,Yes,2340713,456,Intermediate,Low,2,Salaried,12,Retirement,147135,0.83,Avoid Loan
44,1704527,61429,153181,Yes,1978391,504,Expert,Low,4,Business,2,Retirement,80614,1.16,Avoid Loan
43,2866410,179341,2131614,No,0,827,Intermediate,Low,5,Salaried,8,Retirement,59526,0.0,Invest
38,2581333,19877,275203,No,0,353,Expert,Medium,4,Business,12,Wealth Creation,195234,0.0,Avoid Loan
22,1655047,39023,199104,Yes,1419516,874,Beginner,High,5,Business,8,Wealth Creation,98897,0.86,Avoid Loan
28,2325605,56370,1853739,No,0,717,Beginner,Low,0,Self-Employed,7,House,137430,0.0,Save
45,575097,26134,2053084,Yes,1982715,409,Expert,Low,2,Salaried,5,Education,21790,3.45,Avoid Loan
40,1092063,16551,1011835,No,0,783,Intermediate,Medium,5,Self-Employed,8,Retirement,74454,0.0,Invest
31,2599146,151831,2005542,Yes,104724,681,Beginner,Medium,2,Salaried,0,House,64764,0.04,Save
32,2551976,51634,2341189,Yes,1896759,700,Intermediate,Medium,5,Business,5,Wealth Creation,161030,0.74,Avoid Loan
49,2376091,122475,1108134,No,0,507,Beginner,Low,5,Business,8,Education,75532,0.0,Avoid Loan
59,1923889,82149,67403,No,0,527,Intermediate,Medium,1,Self-Employed,6,Education,78175,0.0,Avoid Loan
59,2241180,131357,429676,No,0,594,Expert,Low,2,Salaried,4,House,55408,0.0,Avoid Loan
31,2578384,190665,267583,Yes,1602297,816,Beginner,Low,2,Salaried,0,Retirement,24200,0.62,Avoid Loan
59,1016228,39441,1804973,No,0,718,Beginner,Medium,0,Self-Employed,7,House,45244,0.0,Save
45,2295624,141520,1760461,No,0,866,Intermediate,Low,2,Salaried,11,Education,49782,0.0,Invest
49,2821753,57496,1077495,Yes,1541934,729,Intermediate,Medium,0,Salaried,9,Retirement,177650,0.55,Avoid Loan
60,906574,27493,1823680,No,0,742,Intermediate,Low,0,Salaried,6,Retirement,48054,0.0,Invest
58,1494715,27682,1716965,Yes,1161246,566,Intermediate,Medium,1,Self-Employed,2,House,96877,0.78,Avoid Loan
33,1877221,127670,1251276,Yes,772119,793,Beginner,Medium,4,Self-Employed,9,Wealth Creation,28765,0.41,Save
24,801121,45059,713765,Yes,247189,404,Beginner,Medium,1,Salaried,2,Retirement,21701,0.31,Avoid Loan
56,2095697,41468,2250756,Yes,1128519,884,Intermediate,Low,4,Salaried,10,Wealth Creation,133173,0.54,Avoid Loan
36,476797,35375,739392,Yes,1463913,555,Beginner,Medium,5,Business,10,Education,4358,3.07,Avoid Loan
58,594786,33155,1508977,Yes,1153631,658,Intermediate,Medium,5,Business,10,House,16410,1.94,Avoid Loan
46,2000126,79478,1621699,No,0,709,Beginner,High,1,Self-Employed,7,Wealth Creation,87199,0.0,Save
57,2598910,89609,696476,Yes,1008800,846,Beginner,Medium,0,Business,10,Education,126966,0.39,Save
28,2914464,126446,409772,Yes,1482904,410,Expert,Medium,2,Self-Employed,5,Retirement,116426,0.51,Avoid Loan
56,263185,19703,2235644,No,0,755,Intermediate,Medium,5,Self-Employed,11,Retirement,2229,0.0,Save
27,303357,16976,711849,Yes,2227543,437,Beginner,Low,2,Self-Employed,11,House,8303,7.34,Avoid Loan
57,1492466,59579,2276171,No,0,857,Beginner,High,3,Self-Employed,10,Wealth Creation,64793,0.0,Invest
35,575951,19158,221109,Yes,1594669,366,Expert,Low,4,Self-Employed,6,Retirement,28837,2.77,Avoid Loan
47,1314864,88876,1426053,No,0,537,Beginner,Medium,2,Self-Employed,8,Retirement,20696,0.0,Avoid Loan
41,1412279,81194,1564957,No,0,722,Beginner,Low,1,Self-Employed,9,Education,36495,0.0,Invest
55,1924654,47546,2117040,Yes,2141548,485,Expert,Low,5,Self-Employed,12,Wealth Creation,112841,1.11,Avoid Loan
58,2902390,19970,466265,No,0,864,Beginner,Low,5,Business,5,Wealth Creation,221895,0.0,Save
48,2525818,151287,2187027,Yes,1312135,459,Beginner,Low,3,Business,4,Retirement,59197,0.52,Avoid Loan
46,1872244,115033,1342131,Yes,390228,758,Intermediate,High,0,Self-Employed,6,Retirement,40987,0.21,Invest
53,1421287,49570,864726,Yes,772235,635,Intermediate,Low,0,Self-Employed,0,Wealth Creation,68870,0.54,Avoid Loan
40,1661677,34974,816648,Yes,419974,515,Expert,Low,2,Salaried,12,Retirement,103499,0.25,Avoid Loan
46,2167237,90178,1476941,Yes,2157052,448,Expert,Low,5,Self-Employed,10,House,90425,1.0,Avoid Loan
42,324880,17436,1414424,No,0,822,Beginner,Medium,2,Business,12,Education,9637,0.0,Save
59,1240941,47380,1109822,No,0,673,Expert,Medium,3,Self-Employed,10,Education,56031,0.0,Save
52,1042454,47928,2214945,Yes,1344439,852,Beginner,Low,0,Self-Employed,11,Wealth Creation,38943,1.29,Avoid Loan
21,1262703,78977,23766,Yes,2133838,550,Intermediate,Low,1,Salaried,5,Education,26248,1.69,Avoid Loan
34,294502,20210,2184559,Yes,683299,736,Beginner,Low,0,Self-Employed,1,Wealth Creation,4331,2.32,Avoid Loan
41,2933262,43629,1139143,No,0,799,Beginner,Medium,3,Salaried,8,Education,200809,0.0,Invest
25,1439640,18245,333930,No,0,803,Beginner,Low,5,Salaried,10,House,101725,0.0,Invest
38,2080881,117707,897403,Yes,191812,710,Beginner,High,1,Self-Employed,1,Retirement,55699,0.09,Save
30,2198873,32126,539001,Yes,237340,811,Beginner,Low,0,Salaried,12,Retirement,151113,0.11,Invest
38,1651018,73346,2015044,Yes,723529,800,Beginner,Medium,3,Self-Employed,9,Wealth Creation,64238,0.44,Save
30,940136,19347,1441101,No,0,643,Intermediate,Low,2,Business,7,House,58997,0.0,Save
23,2246722,74223,1034156,Yes,1792406,850,Expert,Low,0,Business,8,Retirement,113003,0.8,Avoid Loan
50,2449130,172285,1997035,Yes,631406,891,Beginner,Medium,0,Business,12,House,31809,0.26,Invest
51,1189124,83066,301558,Yes,368912,860,Beginner,Medium,4,Salaried,9,Wealth Creation,16027,0.31,Save
51,1876142,92263,172718,No,0,801,Expert,Medium,2,Self-Employed,8,Education,64082,0.0,Save
35,829343,59471,846563,Yes,1783679,683,Beginner,Low,4,Salaried,5,House,9640,2.15,Avoid Loan
32,680159,24243,280754,Yes,1315319,741,Intermediate,Medium,4,Salaried,9,Wealth Creation,32436,1.93,Avoid Loan
44,2307383,33429,1061366,Yes,2491763,398,Beginner,Medium,2,Business,10,Retirement,158852,1.08,Avoid Loan
47,2041830,98151,1549096,Yes,1131148,465,Expert,Low,1,Business,10,House,72001,0.55,Avoid Loan
52,1230666,33704,230215,Yes,1516332,522,Intermediate,High,2,Salaried,1,House,68851,1.23,Avoid Loan
38,2611475,63739,63918,Yes,721907,598,Expert,Low,0,Self-Employed,10,Education,153883,0.28,Avoid Loan
54,1262977,86288,1003294,No,0,403,Intermediate,High,0,Salaried,9,Retirement,18960,0.0,Avoid Loan
60,652105,37797,525877,No,0,731,Beginner,Medium,4,Business,4,Wealth Creation,16545,0.0,Save
56,275431,15865,1554592,Yes,1062575,453,Intermediate,Medium,4,Salaried,0,Wealth Creation,7087,3.86,Avoid Loan
35,2291798,148810,1574481,Yes,2199240,733,Beginner,Low,2,Business,3,Education,42173,0.96,Avoid Loan
53,1179026,82130,747070,No,0,676,Expert,High,0,Self-Employed,5,House,16122,0.0,Save
30,1987694,99742,1303001,Yes,701058,484,Beginner,Low,3,Self-Employed,2,Retirement,65899,0.35,Avoid Loan
24,1972437,99035,1275257,No,0,556,Beginner,Low,2,Self-Employed,11,House,65334,0.0,Avoid Loan
48,2300495,28946,2396010,No,0,832,Expert,Medium,3,Salaried,9,Retirement,162761,0.0,Invest
56,830074,39627,1524399,No,0,417,Intermediate,Medium,2,Self-Employed,3,Retirement,29545,0.0,Avoid Loan
39,2155789,16297,706498,Yes,1969064,579,Intermediate,Medium,2,Business,9,Education,163352,0.91,Avoid Loan
24,990948,35647,673168,Yes,969633,437,Beginner,Medium,0,Self-Employed,3,House,46932,0.98,Avoid Loan
42,917333,63864,1235790,Yes,2145636,891,Intermediate,Low,3,Self-Employed,1,Education,12580,2.34,Avoid Loan
39,1769742,44256,2072183,Yes,362092,714,Intermediate,Medium,5,Salaried,2,Wealth Creation,103222,0.2,Save
51,2256064,151428,1150890,Yes,1195296,479,Intermediate,Low,5,Self-Employed,2,Wealth Creation,36577,0.53,Avoid Loan
22,2260867,31802,1169107,No,0,690,Expert,Medium,1,Salaried,4,House,156603,0.0,Save
44,2686132,86657,1707138,No,0,767,Beginner,Medium,4,Business,8,Wealth Creation,137187,0.0,Invest
53,665683,27972,2290789,No,0,540,Expert,Medium,3,Business,5,Education,27501,0.0,Avoid Loan
35,1053569,20335,1617092,No,0,442,Intermediate,Medium,2,Salaried,7,Retirement,67462,0.0,Avoid Loan
47,659200,30989,1393885,Yes,2360440,760,Intermediate,Medium,4,Salaried,9,House,23944,3.58,Avoid Loan
60,995265,62807,1689690,No,0,789,Intermediate,Medium,1,Self-Employed,4,House,20131,0.0,Save
50,1175785,23410,1279025,Yes,93867,673,Beginner,High,3,Business,5,Wealth Creation,74572,0.08,Save
50,1924290,23321,1676274,Yes,2490897,402,Intermediate,High,2,Business,6,Retirement,137036,1.29,Avoid Loan
38,2577539,21389,1198460,Yes,427418,575,Intermediate,Medium,2,Self-Employed,10,House,193405,0.17,Avoid Loan
49,1073351,62796,1423505,No,0,768,Intermediate,Low,4,Salaried,8,Education,26649,0.0,Invest
45,1461845,69498,842650,Yes,1231038,696,Beginner,Low,1,Salaried,3,House,52322,0.84,Avoid Loan
21,2867065,48457,951140,No,0,853,Intermediate,Medium,2,Self-Employed,3,Retirement,190465,0.0,Save
31,2203890,120793,580493,No,0,504,Beginner,Low,5,Salaried,11,Education,62864,0.0,Avoid Loan
40,787358,32702,83439,No,0,760,Expert,Medium,2,Business,1,Education,32911,0.0,Save
23,1888362,123569,819246,No,0,472,Expert,Low,1,Salaried,7,House,33794,0.0,Avoid Loan
38,968975,56156,1206323,Yes,107169,665,Intermediate,High,0,Business,0,House,24591,0.11,Save
40,2089818,138504,1402732,No,0,782,Intermediate,Medium,5,Salaried,8,House,35647,0.0,Invest
24,1504433,34775,1084477,Yes,2318297,598,Intermediate,Low,5,Business,10,House,90594,1.54,Avoid Loan
21,2183505,97207,622919,No,0,762,Beginner,Low,3,Self-Employed,7,House,84751,0.0,Invest
42,725149,32835,171723,Yes,258127,486,Intermediate,High,2,Salaried,5,Wealth Creation,27594,0.36,Avoid Loan
27,2854859,95251,2056763,No,0,658,Expert,Low,5,Business,8,Wealth Creation,142653,0.0,Save
57,2486589,160725,326683,Yes,2203376,762,Intermediate,Medium,3,Self-Employed,4,Retirement,46490,0.89,Avoid Loan
47,505481,29583,404279,Yes,241220,753,Intermediate,Low,5,Self-Employed,11,Retirement,12540,0.48,Avoid Loan
38,264695,15880,1958671,No,0,361,Intermediate,Medium,2,Salaried,5,Education,6177,0.0,Avoid Loan
49,750968,16093,1646520,Yes,1710280,888,Beginner,Medium,5,Self-Employed,0,House,46487,2.28,Avoid Loan
45,680295,29527,2419911,No,0,855,Expert,Medium,4,Business,2,Education,27164,0.0,Save
24,1178088,19738,934673,No,0,657,Intermediate,High,4,Business,10,House,78436,0.0,Save
42,2424292,134326,1575367,Yes,1155097,471,Intermediate,High,1,Salaried,10,Education,67698,0.48,Avoid Loan
45,1267859,29186,1384117,No,0,449,Intermediate,High,0,Self-Employed,4,Retirement,76468,0.0,Avoid Loan
58,2113397,41552,1476667,Yes,1624657,661,Beginner,High,0,Salaried,1,House,134564,0.77,Avoid Loan
57,2619849,118390,676322,Yes,690148,376,Intermediate,Medium,4,Salaried,0,Wealth Creation,99930,0.26,Avoid Loan
45,2096212,89396,1952790,No,0,886,Intermediate,Low,5,Self-Employed,6,Retirement,85288,0.0,Invest
44,1009096,23298,2491915,No,0,684,Beginner,Low,5,Self-Employed,0,Wealth Creation,60793,0.0,Save
43,1285471,75607,183140,No,0,532,Expert,Medium,4,Business,7,Wealth Creation,31515,0.0,Avoid Loan
55,620762,23361,1431752,No,0,531,Beginner,High,5,Salaried,7,Education,28369,0.0,Avoid Loan
43,568572,20897,327119,Yes,478076,741,Beginner,Low,1,Business,10,Education,26484,0.84,Avoid Loan
55,2573620,89362,1127253,No,0,733,Beginner,Medium,3,Self-Employed,1,Retirement,125106,0.0,Save
52,2591062,87738,2192958,Yes,293176,565,Intermediate,High,2,Business,11,Education,128183,0.11,Avoid Loan
57,2950488,125134,1163135,Yes,365383,808,Beginner,Medium,2,Salaried,12,Retirement,120740,0.12,Invest
54,1488203,67824,807169,Yes,99571,693,Beginner,Medium,3,Salaried,0,Education,56192,0.07,Save
54,303793,15772,589264,Yes,160969,776,Expert,Medium,5,Self-Employed,0,Education,9544,0.53,Avoid Loan
58,1355734,75069,1814920,Yes,328354,849,Intermediate,Medium,0,Business,2,Wealth Creation,37908,0.24,Save
53,1947154,77954,1667038,Yes,444276,502,Expert,Low,4,Salaried,3,House,84308,0.23,Avoid Loan
27,1326186,52751,2271902,Yes,2460370,771,Beginner,Medium,5,Salaried,5,House,57764,1.86,Avoid Loan
31,1415470,43713,278138,Yes,536930,688,Expert,Low,3,Business,0,Education,74242,0.38,Save
42,2185700,150941,2246002,Yes,654892,552,Intermediate,High,5,Business,12,House,31200,0.3,Avoid Loan
49,1933104,107642,612270,Yes,55669,452,Intermediate,Low,5,Business,1,Education,53450,0.03,Avoid Loan
22,1790131,84552,1001669,Yes,1182756,594,Expert,Medium,4,Salaried,12,House,64625,0.66,Avoid Loan
44,1728662,75489,167972,No,0,823,Beginner,Medium,5,Salaried,8,Education,68566,0.0,Save
36,2906018,27349,434487,No,0,765,Beginner,Medium,5,Salaried,9,Education,214819,0.0,Invest
45,1302864,45680,1726430,No,0,390,Intermediate,Low,1,Salaried,6,House,62892,0.0,Avoid Loan
48,2055730,75443,2320094,No,0,798,Intermediate,High,3,Business,11,House,95867,0.0,Invest
37,872443,31130,1693495,No,0,450,Beginner,High,3,Salaried,3,House,41573,0.0,Avoid Loan
51,2555541,176967,1521717,No,0,877,Beginner,High,4,Self-Employed,11,House,35994,0.0,Invest
60,2503808,162259,710443,Yes,1073526,587,Intermediate,High,2,Business,0,Wealth Creation,46391,0.43,Avoid Loan
40,513812,15735,1993538,No,0,472,Beginner,Low,1,Business,10,Wealth Creation,27082,0.0,Avoid Loan
37,1726966,82327,412784,Yes,1606011,789,Intermediate,Medium,1,Self-Employed,11,Retirement,61586,0.93,Avoid Loan
55,2168653,130895,793749,No,0,622,Intermediate,Low,0,Salaried,8,Wealth Creation,49826,0.0,Save
58,1466149,99418,72706,Yes,307956,702,Expert,High,0,Salaried,1,Retirement,22761,0.21,Save
34,1871705,79686,1424088,No,0,478,Expert,Medium,2,Salaried,8,Wealth Creation,76289,0.0,Avoid Loan
48,668267,45833,898577,Yes,532743,419,Intermediate,High,0,Business,2,Wealth Creation,9855,0.8,Avoid Loan
45,1603026,18406,1460534,No,0,380,Intermediate,High,4,Self-Employed,8,Retirement,115179,0.0,Avoid Loan
53,2399171,151001,1599986,Yes,606650,869,Beginner,Low,0,Business,5,Wealth Creation,48929,0.25,Save
55,361532,15461,1017327,Yes,1707566,880,Intermediate,Medium,5,Salaried,2,Education,14666,4.72,Avoid Loan
23,1465396,21744,93934,No,0,488,Expert,High,2,Self-Employed,8,House,100372,0.0,Avoid Loan
22,727415,16954,1118271,Yes,532811,863,Beginner,Low,2,Self-Employed,11,Wealth Creation,43663,0.73,Avoid Loan
21,1667256,78178,411081,No,0,542,Beginner,Medium,3,Self-Employed,1,Wealth Creation,60760,0.0,Avoid Loan
32,2334341,97970,779105,Yes,2232221,447,Beginner,Low,3,Business,6,Education,96558,0.96,Avoid Loan
53,566776,26291,489519,Yes,2391438,686,Intermediate,Medium,0,Business,7,Wealth Creation,20940,4.22,Avoid Loan
37,256743,18581,1140126,No,0,440,Intermediate,High,4,Self-Employed,5,Retirement,2814,0.0,Avoid Loan
28,2680866,63619,621018,Yes,320062,709,Beginner,Low,2,Self-Employed,11,Retirement,159786,0.12,Save
50,2345460,160243,1496372,Yes,380287,560,Expert,High,4,Salaried,3,House,35212,0.16,Avoid Loan
38,1785764,46333,1955393,No,0,649,Expert,Low,2,Salaried,9,Education,102480,0.0,Save
60,1766451,62218,922066,No,0,732,Beginner,Medium,0,Self-Employed,8,Education,84986,0.0,Invest
59,2804666,62726,393355,Yes,157935,441,Intermediate,Medium,2,Business,4,Retirement,170996,0.06,Avoid Loan
21,1591962,99607,1062674,Yes,647167,859,Beginner,Low,5,Salaried,8,Education,33056,0.41,Save
41,423664,23881,2455590,Yes,1928381,562,Beginner,Low,3,Salaried,2,House,11424,4.55,Avoid Loan
24,1918631,17831,376668,No,0,713,Beginner,Medium,4,Salaried,6,House,142054,0.0,Save
34,1674658,35475,596889,No,0,551,Beginner,Low,1,Business,3,Education,104079,0.0,Avoid Loan
43,528622,22980,343513,Yes,1800481,365,Beginner,High,4,Salaried,4,Wealth Creation,21071,3.41,Avoid Loan
45,1704449,59862,1541399,No,0,437,Intermediate,Low,4,Salaried,8,Education,82175,0.0,Avoid Loan
28,522949,37811,2153781,Yes,2047681,453,Expert,Low,3,Business,1,Wealth Creation,5768,3.92,Avoid Loan
38,2744526,91724,2410751,Yes,1450547,564,Beginner,Low,1,Business,12,House,136986,0.53,Avoid Loan
39,1749739,122354,1235147,No,0,414,Beginner,High,1,Business,9,Wealth Creation,23457,0.0,Avoid Loan
32,295299,20004,775220,No,0,514,Beginner,Low,0,Salaried,4,Education,4604,0.0,Avoid Loan
51,1482033,19410,320295,Yes,57602,374,Intermediate,Low,2,Salaried,0,Education,104092,0.04,Avoid Loan
25,390324,15088,1876860,No,0,676,Beginner,Medium,5,Salaried,7,Wealth Creation,17439,0.0,Save
56,2493435,173012,1425511,No,0,610,Expert,High,0,Self-Employed,6,Education,34774,0.0,Save
32,2009035,144641,1982543,No,0,458,Beginner,Medium,0,Self-Employed,7,Wealth Creation,22778,0.0,Avoid Loan
54,311462,17741,1476249,Yes,473895,650,Intermediate,Medium,2,Self-Employed,1,Wealth Creation,8214,1.52,Avoid Loan
25,1426566,77165,2111038,Yes,1701216,872,Intermediate,High,3,Business,1,Wealth Creation,41715,1.19,Avoid Loan
46,2078617,85395,745648,No,0,799,Intermediate,High,0,Self-Employed,12,Retirement,87823,0.0,Invest
41,2752768,203538,1721490,No,0,732,Intermediate,Medium,2,Salaried,4,Education,25859,0.0,Save
24,2726251,163316,375434,Yes,645557,742,Intermediate,Low,0,Self-Employed,1,Retirement,63871,0.24,Save
25,2075415,95851,1224178,No,0,571,Beginner,Medium,3,Salaried,8,House,77100,0.0,Avoid Loan
25,1455970,58182,1080652,No,0,619,Beginner,Medium,5,Salaried,3,Education,63148,0.0,Save
58,2968719,54008,1505499,No,0,560,Intermediate,Low,3,Salaried,4,Retirement,193385,0.0,Avoid Loan
56,870777,31313,575969,Yes,2421273,552,Intermediate,High,5,Business,11,Wealth Creation,41251,2.78,Avoid Loan
21,1497086,75210,1273001,No,0,740,Beginner,Low,3,Self-Employed,0,Retirement,49547,0.0,Save
28,553032,22528,302735,No,0,691,Expert,Low,0,Self-Employed,3,Retirement,23558,0.0,Save
39,731364,32286,1983606,Yes,2208910,598,Beginner,Medium,4,Business,3,Education,28661,3.02,Avoid Loan
34,1568068,64066,1433784,No,0,564,Beginner,High,0,Self-Employed,3,Education,66606,0.0,Avoid Loan
42,495639,36198,254681,No,0,780,Beginner,Medium,5,Business,12,House,5105,0.0,Save
36,2937552,100848,1958602,No,0,884,Intermediate,Medium,2,Self-Employed,0,House,143948,0.0,Save
56,1605820,93886,1727541,Yes,152412,766,Beginner,Medium,5,Self-Employed,12,Wealth Creation,39932,0.09,Invest
21,1508901,82464,1672464,No,0,398,Expert,High,5,Salaried,3,Retirement,43277,0.0,Avoid Loan
33,1711331,96389,606654,No,0,408,Intermediate,Medium,4,Business,4,Education,46221,0.0,Avoid Loan
40,1768529,126513,1510343,No,0,867,Expert,Low,5,Self-Employed,10,House,20864,0.0,Save
58,868965,37956,1982210,Yes,1994979,353,Beginner,Low,3,Self-Employed,4,Retirement,34457,2.3,Avoid Loan
50,1504100,23648,480367,Yes,1383323,434,Beginner,High,3,Salaried,8,Education,101693,0.92,Avoid Loan
42,978688,31984,1322692,Yes,1192730,826,Intermediate,Medium,1,Business,12,Education,49573,1.22,Avoid Loan
27,2752166,82111,1367826,No,0,768,Intermediate,Low,4,Business,5,Education,147236,0.0,Save
56,2024543,141527,2179582,Yes,2065690,392,Beginner,Medium,5,Business,10,Wealth Creation,27184,1.02,Avoid Loan
47,2668751,29260,700730,No,0,595,Beginner,Medium,5,Salaried,5,Retirement,193135,0.0,Avoid Loan
53,2771238,204223,786595,Yes,2088038,355,Beginner,High,1,Salaried,1,Education,26713,0.75,Avoid Loan
46,524322,16894,786201,Yes,1928391,466,Beginner,High,3,Salaried,9,Wealth Creation,26799,3.68,Avoid Loan
50,2487511,50043,1157525,Yes,830654,609,Beginner,High,4,Business,12,Education,157249,0.33,Save
35,2290938,148436,1701667,No,0,437,Beginner,Low,2,Self-Employed,4,Retirement,42475,0.0,Avoid Loan
51,538543,33278,1518950,No,0,522,Beginner,Medium,2,Salaried,7,Wealth Creation,11600,0.0,Avoid Loan
48,537734,21304,1816181,No,0,735,Beginner,Medium,1,Salaried,4,Education,23507,0.0,Save
54,296648,21371,2007370,Yes,778696,381,Intermediate,Low,1,Self-Employed,11,Retirement,3349,2.62,Avoid Loan
56,990051,61336,2083591,Yes,944855,463,Beginner,Low,4,Self-Employed,4,Retirement,21168,0.95,Avoid Loan
43,355188,15862,1642708,Yes,652087,897,Beginner,Low,5,Salaried,8,House,13737,1.84,Avoid Loan
52,2800091,27621,164971,No,0,559,Beginner,Low,0,Self-Employed,8,Wealth Creation,205719,0.0,Avoid Loan
58,2143380,151752,1440090,No,0,370,Intermediate,Medium,4,Salaried,11,Wealth Creation,26863,0.0,Avoid Loan
33,576197,23114,315294,No,0,791,Beginner,Low,1,Business,9,Wealth Creation,24902,0.0,Save
26,2788276,99465,1344808,Yes,2243634,594,Expert,Low,0,Self-Employed,9,Wealth Creation,132891,0.8,Avoid Loan
44,2507535,67150,1929108,No,0,615,Beginner,Medium,5,Self-Employed,4,Education,141811,0.0,Save
25,1400779,53506,2237052,Yes,1624030,810,Beginner,Medium,5,Salaried,4,House,63225,1.16,Avoid Loan
30,2077304,47834,1940417,Yes,645998,854,Beginner,High,5,Self-Employed,3,Wealth Creation,125274,0.31,Save
43,375501,17427,1603078,No,0,519,Beginner,High,1,Salaried,5,Retirement,13864,0.0,Avoid Loan
59,1990463,118623,242181,Yes,895821,692,Expert,Medium,3,Business,1,Education,47248,0.45,Save
50,1335074,64880,1239459,Yes,2182494,612,Beginner,Low,0,Salaried,6,Education,46376,1.63,Avoid Loan
32,1354309,42567,1318808,Yes,1579311,871,Beginner,Medium,0,Self-Employed,2,Retirement,70292,1.17,Avoid Loan
40,2165480,77804,52757,Yes,1307563,779,Intermediate,Low,0,Self-Employed,11,Education,102652,0.6,Avoid Loan
36,1294720,50271,2198900,Yes,891083,802,Expert,Low,0,Business,3,House,57622,0.69,Avoid Loan
49,2999067,83190,631228,Yes,1989889,565,Intermediate,Medium,1,Self-Employed,3,Education,166732,0.66,Avoid Loan
47,1856505,54301,736088,Yes,1559761,419,Intermediate,Low,1,Self-Employed,3,Retirement,100407,0.84,Avoid Loan
42,469672,18295,2007500,Yes,1618101,426,Beginner,Medium,4,Business,6,House,20844,3.45,Avoid Loan
51,2592196,63328,2257456,No,0,820,Beginner,Low,4,Self-Employed,8,Retirement,152688,0.0,Invest
22,1196640,35023,1494919,Yes,1605049,444,Intermediate,Low,5,Salaried,1,House,64697,1.34,Avoid Loan
22,2460742,21856,688460,No,0,385,Intermediate,High,1,Self-Employed,8,House,183205,0.0,Avoid Loan
23,919682,36942,22665,Yes,1034233,834,Intermediate,Medium,4,Self-Employed,3,Wealth Creation,39698,1.12,Avoid Loan
24,2056863,99081,1395646,Yes,1858360,527,Beginner,High,4,Self-Employed,3,Wealth Creation,72324,0.9,Avoid Loan
35,1081967,65347,505432,Yes,2429792,850,Beginner,High,3,Business,5,Wealth Creation,24816,2.25,Avoid Loan
59,550036,25088,2180773,Yes,1617679,608,Beginner,Medium,0,Self-Employed,11,Wealth Creation,20748,2.94,Avoid Loan
42,2649693,191647,2129283,Yes,511602,681,Expert,Low,0,Self-Employed,8,House,29160,0.19,Save
44,1078585,67911,907378,No,0,392,Intermediate,Medium,1,Salaried,4,Wealth Creation,21971,0.0,Avoid Loan
60,2685049,164097,361531,Yes,1136660,477,Beginner,High,3,Self-Employed,11,House,59657,0.42,Avoid Loan
41,2702539,70154,1070497,Yes,412759,669,Beginner,Medium,5,Business,0,Education,155057,0.15,Save
32,274266,18830,218152,Yes,1031740,433,Beginner,Medium,0,Salaried,5,Education,4025,3.76,Avoid Loan
37,531472,32929,2327352,No,0,774,Intermediate,Medium,4,Salaried,11,House,11360,0.0,Save
28,297197,16735,974300,No,0,529,Beginner,Medium,3,Salaried,0,Wealth Creation,8031,0.0,Avoid Loan
55,574046,24612,1301370,No,0,843,Intermediate,Low,5,Salaried,1,Education,23225,0.0,Save
47,1899182,43191,265075,Yes,1868675,594,Beginner,Low,1,Salaried,1,Retirement,115074,0.98,Avoid Loan
45,1074483,36531,572870,No,0,859,Expert,Low,2,Business,5,Retirement,53009,0.0,Save
53,2946033,82849,1359100,No,0,445,Intermediate,Medium,0,Business,8,House,162653,0.0,Avoid Loan
41,1533736,58236,2466946,Yes,892915,421,Intermediate,High,5,Salaried,3,House,69575,0.58,Avoid Loan
22,593578,23193,2015774,Yes,2423299,583,Expert,Low,2,Business,9,Retirement,26271,4.08,Avoid Loan
37,1970770,40207,1885755,Yes,180941,707,Beginner,Medium,4,Business,4,House,124023,0.09,Save
34,1520723,78416,2323398,No,0,493,Beginner,Medium,2,Self-Employed,5,Wealth Creation,48310,0.0,Avoid Loan
48,1576195,66100,928967,No,0,832,Intermediate,Medium,3,Business,9,Retirement,65249,0.0,Invest
47,843795,26710,2350870,No,0,725,Intermediate,Low,5,Salaried,3,Wealth Creation,43606,0.0,Save
50,851063,48389,1145932,Yes,1614550,756,Beginner,Low,4,Self-Employed,6,House,22532,1.9,Avoid Loan
46,1420522,44003,710506,Yes,1286936,712,Intermediate,High,2,Business,3,Retirement,74373,0.91,Avoid Loan
46,1751233,112084,1229393,No,0,434,Expert,Low,4,Self-Employed,6,Retirement,33852,0.0,Avoid Loan
59,727315,22519,2409295,No,0,535,Beginner,Medium,1,Self-Employed,4,Retirement,38090,0.0,Avoid Loan
51,626623,22245,359861,Yes,986686,424,Expert,Medium,2,Salaried,3,Education,29973,1.57,Avoid Loan
30,2355006,32640,2240011,Yes,1267538,351,Beginner,Low,0,Business,10,Wealth Creation,163610,0.54,Avoid Loan
54,2512488,164778,1319844,Yes,1946346,772,Beginner,Low,5,Self-Employed,3,Education,44596,0.77,Avoid Loan
43,2511634,97694,2016969,Yes,917718,575,Intermediate,Medium,4,Salaried,9,Wealth Creation,111608,0.37,Avoid Loan
56,1901839,95444,1509542,Yes,564828,464,Beginner,Medium,4,Self-Employed,12,Retirement,63042,0.3,Avoid Loan
46,1657729,52030,959881,Yes,2206214,481,Intermediate,High,0,Self-Employed,1,House,86114,1.33,Avoid Loan
49,2108302,52585,2288061,Yes,1772927,357,Intermediate,Medium,0,Self-Employed,11,Retirement,123106,0.84,Avoid Loan
47,606182,18210,515378,No,0,593,Beginner,Low,0,Business,1,Retirement,32305,0.0,Avoid Loan
41,812656,15323,2134152,Yes,1111903,758,Intermediate,Medium,1,Self-Employed,12,Education,52398,1.37,Avoid Loan
43,1190511,42715,2240419,Yes,1675351,780,Intermediate,Medium,4,Business,5,House,56494,1.41,Avoid Loan
46,2873597,140866,2484351,No,0,897,Expert,Medium,2,Business,5,Education,98600,0.0,Save
59,496941,26400,169762,No,0,663,Beginner,Medium,0,Business,7,Education,15011,0.0,Save
46,477552,17558,1940022,No,0,554,Intermediate,High,2,Self-Employed,11,House,22238,0.0,Avoid Loan
31,2572045,52426,2438721,Yes,2174539,588,Beginner,Medium,4,Business,12,Wealth Creation,161911,0.85,Avoid Loan
59,1454742,88871,2408741,Yes,479752,355,Expert,Medium,5,Salaried,3,House,32357,0.33,Avoid Loan
38,2517684,182208,2021026,Yes,543575,654,Beginner,Medium,4,Business,5,Retirement,27599,0.22,Save
21,380809,16791,1727856,No,0,651,Beginner,Low,5,Salaried,12,Wealth Creation,14943,0.0,Save
45,649555,32870,2434067,Yes,57798,577,Beginner,Medium,0,Self-Employed,4,Education,21259,0.09,Avoid Loan
47,1900095,121410,1340095,No,0,896,Intermediate,Medium,3,Salaried,11,Retirement,36931,0.0,Invest
50,2983035,26686,1979310,Yes,1480137,565,Intermediate,Low,4,Salaried,12,House,221900,0.5,Avoid Loan
53,1914095,17937,1469747,Yes,1981880,577,Expert,Low,4,Business,9,Education,141570,1.04,Avoid Loan
52,2215245,24409,1832784,Yes,1055457,608,Expert,Medium,1,Business,12,Education,160194,0.48,Avoid Loan
35,2751908,115501,1131199,No,0,650,Beginner,Medium,0,Salaried,2,Wealth Creation,113824,0.0,Save
31,1821948,36930,1439417,No,0,567,Expert,Medium,5,Business,3,Education,114899,0.0,Avoid Loan
25,2386187,61067,41866,No,0,486,Expert,High,2,Business,3,Wealth Creation,137781,0.0,Avoid Loan
37,945931,32422,486581,Yes,342696,532,Expert,Medium,0,Salaried,3,House,46405,0.36,Avoid Loan
46,1696639,61811,1734235,No,0,557,Beginner,Low,5,Salaried,0,Wealth Creation,79575,0.0,Avoid Loan
29,477637,35250,539198,No,0,464,Expert,High,0,Salaried,2,Education,4553,0.0,Avoid Loan
27,2044297,91913,1936637,Yes,671218,603,Expert,High,4,Business,7,Retirement,78445,0.33,Save
42,1938750,119922,1114244,Yes,854696,578,Beginner,Medium,2,Business,1,House,41640,0.44,Avoid Loan
55,2121535,49359,1293765,Yes,1935057,758,Intermediate,Low,1,Business,9,Education,127435,0.91,Avoid Loan
27,2547692,59153,1357690,No,0,690,Beginner,Low,5,Business,11,Retirement,153154,0.0,Save
36,2459623,170627,225250,Yes,1289951,669,Beginner,High,0,Salaried,9,Wealth Creation,34341,0.52,Avoid Loan
54,820312,54277,455275,Yes,2290598,870,Beginner,Medium,3,Salaried,9,Education,14082,2.79,Avoid Loan
46,2349295,153942,1405680,No,0,562,Intermediate,Medium,0,Business,1,House,41832,0.0,Avoid Loan
28,2040922,59930,238718,No,0,541,Intermediate,Low,2,Salaried,9,Retirement,110146,0.0,Avoid Loan
26,423666,18675,435946,No,0,635,Intermediate,Low,0,Self-Employed,2,Retirement,16630,0.0,Save
39,2766105,161297,1172823,No,0,507,Expert,Medium,1,Self-Employed,4,Education,69211,0.0,Avoid Loan
35,2910888,162725,1799464,No,0,451,Beginner,Low,4,Business,1,Wealth Creation,79849,0.0,Avoid Loan
60,1324373,46935,2284282,No,0,662,Beginner,Low,4,Business,4,Education,63429,0.0,Save
33,2304191,81828,2275191,Yes,449403,737,Beginner,Low,1,Salaried,0,Education,110187,0.2,Save
27,2951640,198556,1510190,Yes,137128,423,Expert,High,4,Business,5,Wealth Creation,47414,0.05,Avoid Loan
33,1954676,15676,979270,No,0,726,Beginner,Medium,4,Business,7,Retirement,147213,0.0,Invest
50,2006554,71773,1198110,Yes,1972020,591,Beginner,High,2,Business,12,Retirement,95439,0.98,Avoid Loan
47,1140876,61862,1488880,No,0,595,Expert,Medium,4,Salaried,9,Education,33211,0.0,Avoid Loan
32,820080,44168,540395,Yes,363144,378,Intermediate,High,3,Salaried,11,Wealth Creation,24172,0.44,Avoid Loan
50,459930,34374,2134903,No,0,671,Intermediate,Low,5,Self-Employed,3,Education,3953,0.0,Save
22,1769958,107555,2361376,Yes,328083,380,Intermediate,Low,2,Salaried,8,Retirement,39941,0.19,Avoid Loan
41,2985865,177696,1325140,No,0,827,Beginner,High,0,Self-Employed,3,Wealth Creation,71126,0.0,Save
56,1376218,62397,592432,No,0,843,Beginner,Low,5,Business,9,Wealth Creation,52287,0.0,Invest
47,1418812,103520,529958,Yes,460020,668,Intermediate,Low,1,Salaried,1,Education,14714,0.32,Save
36,2069136,68236,786937,No,0,439,Beginner,Low,0,Business,9,Wealth Creation,104192,0.0,Avoid Loan
33,2477079,140105,1033515,No,0,736,Expert,High,5,Self-Employed,10,Retirement,66318,0.0,Invest
44,2003541,68058,2499771,No,0,899,Beginner,Medium,2,Business,3,House,98903,0.0,Save
56,821262,17957,841988,No,0,677,Beginner,Medium,3,Self-Employed,8,Wealth Creation,50481,0.0,Save
29,1898724,64440,294629,Yes,1276951,496,Intermediate,Low,4,Business,10,Education,93787,0.67,Avoid Loan
27,312424,20010,341067,No,0,636,Beginner,Low,0,Salaried,10,Wealth Creation,6025,0.0,Save
42,1427942,27948,170655,No,0,404,Intermediate,High,0,Business,7,Education,91047,0.0,Avoid Loan
37,1977092,104222,2095463,No,0,403,Intermediate,Low,4,Self-Employed,2,Wealth Creation,60535,0.0,Avoid Loan
37,2108243,103397,2066402,No,0,644,Intermediate,Medium,0,Self-Employed,2,Education,72289,0.0,Save
45,2092934,52414,1524612,Yes,1941984,413,Beginner,Low,4,Self-Employed,6,House,121997,0.93,Avoid Loan
59,2467067,92488,665117,Yes,1587175,828,Beginner,High,3,Salaried,0,House,113100,0.64,Avoid Loan
36,351854,23463,1629308,Yes,224637,601,Beginner,Low,0,Business,2,Wealth Creation,5858,0.64,Avoid Loan
31,2389622,141940,694773,Yes,1476802,477,Beginner,Low,2,Self-Employed,11,Retirement,57195,0.62,Avoid Loan
26,405943,21629,1631944,Yes,1358300,883,Beginner,Medium,1,Business,3,Education,12199,3.35,Avoid Loan
41,1005652,28091,291943,Yes,1481139,790,Expert,High,2,Salaried,8,Education,55713,1.47,Avoid Loan
25,2031557,128443,1670145,No,0,892,Beginner,Medium,2,Self-Employed,4,Retirement,40853,0.0,Save
36,1963644,17199,2191929,No,0,364,Intermediate,Medium,1,Business,10,Retirement,146438,0.0,Avoid Loan
60,713417,22898,2226682,No,0,376,Beginner,High,1,Business,11,Retirement,36553,0.0,Avoid Loan
41,2233182,95207,57229,Yes,785145,770,Beginner,High,0,Business,9,House,90891,0.35,Save
23,2097187,73426,1430891,No,0,495,Beginner,Low,3,Salaried,4,Wealth Creation,101339,0.0,Avoid Loan
33,2934898,47028,1793778,No,0,670,Intermediate,Low,1,Salaried,11,Education,197546,0.0,Save
60,613356,24187,1045650,Yes,1406119,740,Beginner,Low,5,Salaried,4,House,26926,2.29,Avoid Loan
54,1579818,71080,1940229,Yes,1782643,432,Intermediate,Low,5,Salaried,3,House,60571,1.13,Avoid Loan
51,965433,42876,942436,No,0,726,Beginner,Low,4,Business,11,House,37576,0.0,Invest
34,2688992,188363,1550549,Yes,148749,377,Intermediate,Low,2,Business,9,Retirement,35719,0.06,Avoid Loan
32,2846530,68314,1432348,Yes,706518,460,Beginner,Low,3,Self-Employed,5,Wealth Creation,168896,0.25,Avoid Loan
21,2231636,36074,558597,Yes,330774,367,Intermediate,Medium,0,Salaried,8,Education,149895,0.15,Avoid Loan
34,2287323,164452,2237459,Yes,2117745,854,Expert,High,4,Salaried,5,Retirement,26158,0.93,Avoid Loan
51,1172207,81282,1185940,Yes,1301848,573,Intermediate,Medium,1,Business,10,Retirement,16401,1.11,Avoid Loan
39,1497894,77774,1803824,Yes,880232,499,Beginner,Low,0,Business,7,Education,47050,0.59,Avoid Loan
21,777535,22366,2018329,Yes,173881,543,Intermediate,Medium,3,Salaried,8,House,42428,0.22,Avoid Loan
35,2896339,162217,2204722,Yes,740904,832,Intermediate,Low,2,Business,5,Retirement,79144,0.26,Save
54,418824,15739,1515939,No,0,665,Beginner,High,3,Salaried,9,Retirement,19163,0.0,Save
34,970323,20122,2356518,Yes,1330292,598,Beginner,Medium,0,Self-Employed,6,House,60738,1.37,Avoid Loan
38,1987176,30523,1287472,Yes,1649583,671,Beginner,Low,5,Business,7,House,135075,0.83,Avoid Loan
49,1867245,116374,1355786,Yes,1294205,729,Expert,Low,0,Business,4,Education,39229,0.69,Avoid Loan
41,680916,27249,1243812,Yes,1560488,362,Beginner,Low,4,Self-Employed,5,Education,29494,2.29,Avoid Loan
32,2785792,146499,1800822,Yes,1784765,533,Expert,Low,4,Self-Employed,10,House,85650,0.64,Avoid Loan
42,2913265,156168,191364,Yes,761986,506,Expert,Low,2,Business,3,Education,86604,0.26,Avoid Loan
36,1290971,19865,213441,Yes,133579,724,Intermediate,High,0,Self-Employed,12,Wealth Creation,87715,0.1,Save
41,2362263,23630,602373,Yes,1042699,693,Expert,High,0,Business,6,House,173225,0.44,Save
55,2342146,131321,2026291,Yes,113976,770,Beginner,Low,5,Self-Employed,0,Education,63857,0.05,Save
37,1635555,17571,417568,No,0,442,Beginner,Low,2,Salaried,8,Retirement,118725,0.0,Avoid Loan
60,2022591,129542,1504794,Yes,1956828,501,Intermediate,Low,5,Self-Employed,6,Wealth Creation,39007,0.97,Avoid Loan
50,1679328,116307,1698442,Yes,2184612,542,Expert,Low,4,Business,1,House,23637,1.3,Avoid Loan
46,395570,24430,1393236,No,0,777,Beginner,Medium,2,Salaried,7,Education,8534,0.0,Save
30,1656874,112954,2459449,No,0,873,Beginner,High,5,Business,6,Education,25118,0.0,Invest
59,964046,29163,658011,Yes,1311226,566,Intermediate,Low,0,Self-Employed,12,Education,51174,1.36,Avoid Loan
43,422691,25245,575288,Yes,1317409,579,Intermediate,Medium,5,Self-Employed,6,Retirement,9979,3.12,Avoid Loan
26,2044071,144168,2266662,No,0,434,Intermediate,Medium,0,Business,0,Retirement,26171,0.0,Avoid Loan
28,2770148,145120,1707435,Yes,1486323,519,Intermediate,Medium,4,Business,8,House,85725,0.54,Avoid Loan
44,2542255,85219,1541533,No,0,652,Intermediate,High,4,Salaried,12,Retirement,126635,0.0,Save
60,1104749,42728,1100168,No,0,751,Expert,Low,1,Salaried,11,House,49334,0.0,Invest
51,1235635,47475,743981,Yes,1520840,683,Beginner,Low,4,Salaried,9,Education,55494,1.23,Avoid Loan
29,869191,49299,1627325,No,0,900,Beginner,Medium,5,Business,10,Wealth Creation,23133,0.0,Save
43,318121,19721,1797194,No,0,396,Intermediate,Medium,4,Self-Employed,4,Retirement,6789,0.0,Avoid Loan
38,335211,23712,1091584,Yes,966232,602,Expert,Low,5,Business,2,Retirement,4222,2.88,Avoid Loan
55,1607545,107683,2291333,No,0,608,Expert,Low,0,Self-Employed,12,Wealth Creation,26279,0.0,Save
55,652294,25057,643001,No,0,512,Beginner,Medium,4,Business,8,Wealth Creation,29300,0.0,Avoid Loan
57,591679,28911,2190414,Yes,1921600,542,Expert,Medium,3,Salaried,8,Education,20395,3.25,Avoid Loan
53,452847,25739,1902235,No,0,558,Beginner,Medium,1,Salaried,8,Wealth Creation,11998,0.0,Avoid Loan
51,2759725,87284,2369502,Yes,1911788,766,Intermediate,High,4,Business,4,Education,142693,0.69,Avoid Loan
21,385313,18048,831981,No,0,848,Expert,Medium,1,Salaried,12,House,14061,0.0,Save
34,1045366,41841,66704,Yes,948272,420,Intermediate,High,3,Self-Employed,6,Wealth Creation,45272,0.91,Avoid Loan
22,2456178,88110,1912007,No,0,620,Intermediate,Medium,1,Salaried,2,House,116571,0.0,Save
23,1625079,97579,486517,No,0,424,Intermediate,Medium,1,Business,8,House,37844,0.0,Avoid Loan
49,2143325,125913,542812,No,0,874,Expert,Medium,1,Business,8,Retirement,52697,0.0,Invest
59,478230,34642,1530576,Yes,1328135,659,Intermediate,Low,4,Self-Employed,5,Retirement,5210,2.78,Avoid Loan
32,1667404,85694,459860,No,0,368,Beginner,High,0,Business,3,Retirement,53256,0.0,Avoid Loan
60,2262216,47101,2152635,Yes,606000,562,Beginner,High,0,Business,6,Retirement,141417,0.27,Avoid Loan
31,2514139,63626,1456822,No,0,570,Beginner,High,1,Business,6,Education,145885,0.0,Avoid Loan
30,2926760,36337,2328188,No,0,690,Intermediate,Medium,1,Self-Employed,11,Wealth Creation,207559,0.0,Save
30,632598,37855,766165,No,0,699,Intermediate,Low,4,Self-Employed,6,House,14861,0.0,Save
60,2577444,17000,862937,No,0,792,Expert,Low,3,Self-Employed,5,Education,197787,0.0,Save
39,854038,45315,1791882,Yes,212370,560,Beginner,Low,3,Business,5,Education,25854,0.25,Avoid Loan
24,1350572,98550,2423921,No,0,792,Beginner,Medium,0,Salaried,7,Wealth Creation,13997,0.0,Save
51,839416,60880,623885,Yes,2354899,875,Intermediate,Medium,0,Self-Employed,0,Education,9071,2.81,Avoid Loan
26,981418,28538,676816,Yes,2469525,565,Intermediate,Low,2,Salaried,9,Retirement,53246,2.52,Avoid Loan
33,2469334,92359,196429,No,0,889,Expert,Low,0,Business,12,House,113418,0.0,Save
48,2771944,203002,457127,No,0,766,Beginner,Medium,5,Self-Employed,1,Wealth Creation,27993,0.0,Save
55,1115611,74452,398720,No,0,774,Intermediate,High,0,Salaried,8,Wealth Creation,18515,0.0,Save
34,704773,24961,1803802,No,0,880,Intermediate,Medium,0,Salaried,8,Education,33770,0.0,Invest
40,593836,24755,2164579,No,0,417,Intermediate,Low,3,Business,6,Wealth Creation,24731,0.0,Avoid Loan
25,2636066,53033,1368975,No,0,557,Beginner,Low,4,Salaried,11,Education,166639,0.0,Avoid Loan
60,374591,24247,639502,No,0,765,Expert,High,0,Salaried,10,Education,6968,0.0,Save
28,2050200,134090,1343867,No,0,760,Beginner,Low,1,Salaried,2,Education,36760,0.0,Save
45,2621311,131882,1590975,Yes,1787354,660,Beginner,Medium,4,Business,9,House,86560,0.68,Avoid Loan
31,2155841,40294,1393363,No,0,836,Expert,Medium,2,Self-Employed,6,House,139359,0.0,Invest
25,909440,38537,1199690,No,0,582,Intermediate,High,0,Business,11,House,37249,0.0,Avoid Loan
34,1272534,21287,2175817,No,0,788,Expert,Low,5,Self-Employed,0,Retirement,84757,0.0,Save
55,1248623,17062,1027523,No,0,702,Beginner,Low,1,Business,2,House,86989,0.0,Save
36,879196,27345,2261362,Yes,1025539,780,Beginner,High,5,Business,1,House,45921,1.17,Avoid Loan
22,2537761,44276,715255,Yes,1109719,424,Intermediate,Medium,3,Business,6,Retirement,167204,0.44,Avoid Loan
30,274317,17508,242787,No,0,729,Expert,High,5,Business,12,Retirement,5351,0.0,Save
57,610296,28143,2428705,Yes,453603,366,Intermediate,Medium,0,Business,0,Education,22715,0.74,Avoid Loan
29,1605852,59578,1321339,Yes,1547252,685,Beginner,Low,5,Salaried,8,Wealth Creation,74243,0.96,Avoid Loan
50,776151,15876,2397834,Yes,1802353,392,Intermediate,Medium,0,Salaried,3,Education,48803,2.32,Avoid Loan
43,1117844,16621,712151,Yes,2259707,731,Intermediate,Medium,1,Business,3,Education,76532,2.02,Avoid Loan
60,2163418,54399,379306,No,0,763,Intermediate,Medium,1,Salaried,9,Retirement,125885,0.0,Invest
51,1074543,47833,1898506,No,0,453,Expert,High,2,Business,0,Education,41712,0.0,Avoid Loan
22,2677820,92948,1482549,Yes,1397445,833,Intermediate,Medium,1,Business,1,Retirement,130203,0.52,Avoid Loan
49,1496130,34635,2236811,No,0,474,Intermediate,Medium,1,Self-Employed,2,House,90042,0.0,Avoid Loan
21,747843,50565,860865,Yes,1934518,477,Expert,Medium,4,Self-Employed,2,Wealth Creation,11755,2.59,Avoid Loan
59,559303,27887,1480251,No,0,352,Intermediate,Low,2,Self-Employed,7,Education,18721,0.0,Avoid Loan
24,1698867,52368,747434,No,0,588,Expert,Low,4,Business,9,House,89204,0.0,Avoid Loan
50,531153,15835,2274545,Yes,962621,589,Beginner,High,3,Self-Employed,3,Retirement,28427,1.81,Avoid Loan
30,2192886,156165,720448,Yes,854883,804,Beginner,High,4,Salaried,3,Retirement,26575,0.39,Save
56,1061194,35348,2369175,Yes,1572991,548,Beginner,High,2,Business,7,House,53084,1.48,Avoid Loan
49,1480941,43705,1008849,Yes,395586,792,Intermediate,Low,2,Self-Employed,6,House,79706,0.27,Invest
37,2360733,114997,778520,No,0,720,Intermediate,Medium,1,Salaried,3,Retirement,81730,0.0,Save
47,1303079,60017,251588,Yes,2148724,862,Expert,High,0,Business,4,House,48572,1.65,Avoid Loan
35,1026148,17243,1193077,Yes,2143579,872,Expert,High,1,Salaried,5,Education,68269,2.09,Avoid Loan
33,2700416,64279,1397001,Yes,638865,803,Intermediate,High,1,Self-Employed,4,Wealth Creation,160755,0.24,Save
56,1132692,43327,1706775,Yes,461978,458,Intermediate,High,5,Salaried,7,Education,51064,0.41,Avoid Loan
53,1692450,71460,2430011,Yes,492747,840,Beginner,High,0,Self-Employed,0,Education,69577,0.29,Save
31,287138,21101,1465526,No,0,694,Beginner,Low,3,Self-Employed,6,Education,2827,0.0,Save
29,2515079,53657,38861,Yes,2474469,531,Beginner,Medium,3,Salaried,10,Education,155932,0.98,Avoid Loan
49,2509885,137890,151673,No,0,507,Beginner,Low,5,Salaried,1,Education,71267,0.0,Avoid Loan
52,1838196,109923,395850,No,0,835,Beginner,High,4,Business,8,House,43260,0.0,Invest
22,2938365,106403,2221657,No,0,484,Beginner,High,4,Business,5,House,138460,0.0,Avoid Loan
29,1574346,15984,2313652,No,0,767,Beginner,High,0,Self-Employed,0,Education,115211,0.0,Save
57,1163423,23479,1637074,Yes,144590,816,Intermediate,Medium,5,Self-Employed,3,House,73472,0.12,Save
52,2263070,106033,959362,No,0,527,Beginner,Low,2,Salaried,7,Wealth Creation,82556,0.0,Avoid Loan
23,1552370,63860,2131684,Yes,1068826,508,Beginner,Low,0,Salaried,10,Education,65504,0.69,Avoid Loan
47,983130,52853,1114784,Yes,2263358,674,Beginner,Low,2,Salaried,3,Wealth Creation,29074,2.3,Avoid Loan
53,2260175,132844,1947048,Yes,1235899,354,Expert,High,0,Self-Employed,8,House,55503,0.55,Avoid Loan
27,2296095,20105,2320955,Yes,2438267,676,Beginner,Medium,2,Self-Employed,6,House,171236,1.06,Avoid Loan
45,2048400,51340,904197,Yes,1927460,763,Intermediate,Low,0,Salaried,8,Wealth Creation,119360,0.94,Avoid Loan
53,1912064,88130,1978032,Yes,1603544,675,Intermediate,Low,4,Business,9,House,71208,0.84,Avoid Loan
23,2576577,111016,1758325,Yes,1352839,551,Expert,High,4,Salaried,11,Wealth Creation,103698,0.53,Avoid Loan
55,465615,32663,2493930,No,0,645,Beginner,High,1,Self-Employed,0,House,6138,0.0,Save
36,1707974,126427,143322,Yes,1446070,792,Expert,Medium,1,Salaried,6,Retirement,15904,0.85,Avoid Loan
26,673364,45049,966307,Yes,1205392,491,Beginner,Medium,4,Business,7,Wealth Creation,11064,1.79,Avoid Loan
59,2747437,142909,731877,No,0,384,Beginner,Low,1,Self-Employed,3,Education,86044,0.0,Avoid Loan
48,2713686,25670,1700073,Yes,629862,887,Beginner,Low,4,Business,4,Education,200470,0.23,Save
45,1328805,46462,1459252,Yes,2337832,461,Intermediate,Medium,4,Self-Employed,2,Retirement,64271,1.76,Avoid Loan
54,2417414,159227,632672,No,0,476,Beginner,Medium,1,Business,4,House,42224,0.0,Avoid Loan
32,1777025,114809,288712,Yes,663015,362,Beginner,Low,1,Business,1,House,33276,0.37,Avoid Loan
23,2281224,147505,2394311,Yes,560696,808,Beginner,Medium,1,Self-Employed,7,Education,42597,0.25,Invest
44,712326,20414,2464576,No,0,379,Expert,Medium,1,Salaried,11,Retirement,38946,0.0,Avoid Loan
36,1786454,105221,2468321,No,0,692,Expert,Medium,2,Salaried,2,Retirement,43650,0.0,Save
56,1218740,84111,32864,Yes,1816309,647,Beginner,Medium,0,Salaried,12,Wealth Creation,17450,1.49,Avoid Loan
24,2810291,91976,1078866,Yes,1273503,672,Intermediate,Medium,1,Self-Employed,9,Education,142214,0.45,Save
39,375104,24382,103051,No,0,626,Intermediate,Medium,4,Salaried,9,House,6876,0.0,Save
40,2230355,33766,1886526,Yes,1820877,643,Expert,Low,3,Self-Employed,5,House,152096,0.82,Avoid Loan
25,384600,25389,1105246,No,0,596,Intermediate,Medium,2,Self-Employed,12,Retirement,6661,0.0,Avoid Loan
43,1800093,55972,2464419,No,0,759,Expert,High,4,Self-Employed,11,House,94035,0.0,Invest
49,1037782,17604,2483647,Yes,2077126,375,Intermediate,Medium,0,Business,11,House,68877,2.0,Avoid Loan
29,1263903,51157,307193,Yes,567436,399,Intermediate,Low,2,Business,1,Retirement,54168,0.45,Avoid Loan
59,602028,40725,981438,Yes,708111,704,Beginner,Low,2,Self-Employed,6,Retirement,9444,1.18,Avoid Loan
55,595353,40509,2158876,No,0,526,Beginner,Medium,4,Business,1,Wealth Creation,9103,0.0,Avoid Loan
26,1849386,96710,610583,No,0,866,Beginner,High,0,Salaried,11,Wealth Creation,57405,0.0,Invest
34,1275787,58293,1869639,Yes,1025210,672,Expert,High,3,Business,12,Education,48022,0.8,Avoid Loan
28,2066741,147053,816331,No,0,747,Beginner,High,5,Business,8,Wealth Creation,25175,0.0,Invest
26,1496294,87705,898697,Yes,2161203,387,Beginner,High,3,Self-Employed,9,House,36986,1.44,Avoid Loan
47,2473513,31495,201456,Yes,646360,781,Expert,Low,5,Business,3,Retirement,174631,0.26,Save
21,996917,43255,1445271,No,0,377,Expert,Medium,5,Salaried,1,Education,39821,0.0,Avoid Loan
44,1013093,71684,1602302,No,0,497,Intermediate,Medium,5,Self-Employed,8,Retirement,12740,0.0,Avoid Loan
44,786425,15853,2286151,No,0,666,Expert,Low,0,Salaried,6,House,49682,0.0,Save
56,371516,25000,413343,No,0,603,Intermediate,High,3,Salaried,1,Education,5959,0.0,Save
21,1282894,19893,1780007,Yes,2230635,616,Beginner,Low,5,Business,3,House,87014,1.74,Avoid Loan
59,415895,20940,2225228,No,0,853,Beginner,Low,3,Business,2,Education,13717,0.0,Save
27,2357733,157326,830903,Yes,502165,581,Intermediate,Low,2,Self-Employed,7,Wealth Creation,39151,0.21,Avoid Loan
25,1180748,39859,103876,No,0,706,Beginner,Medium,1,Self-Employed,3,Education,58536,0.0,Save
28,2378715,167130,968154,No,0,757,Beginner,High,3,Salaried,3,Education,31096,0.0,Save
33,472113,21488,1289213,No,0,356,Beginner,Medium,2,Salaried,0,House,17854,0.0,Avoid Loan
34,1979794,37421,1288098,Yes,965657,693,Beginner,Medium,3,Business,4,Wealth Creation,127561,0.49,Avoid Loan
22,2077057,105521,1427830,Yes,1769613,361,Intermediate,Medium,5,Business,0,House,67567,0.85,Avoid Loan
26,2318312,18781,932342,No,0,630,Beginner,Low,5,Self-Employed,8,Education,174411,0.0,Save
33,2630241,136866,1770591,Yes,253526,815,Intermediate,Low,4,Salaried,2,House,82320,0.1,Save
45,709618,49941,583180,No,0,852,Expert,Medium,2,Self-Employed,0,House,9193,0.0,Save
37,762247,27118,2441686,Yes,369806,664,Beginner,High,3,Salaried,0,Retirement,36402,0.49,Avoid Loan
47,2147455,35635,2074449,Yes,1460140,578,Beginner,Low,4,Self-Employed,8,House,143319,0.68,Avoid Loan
49,685193,28621,432913,No,0,537,Expert,Medium,5,Salaried,7,Education,28478,0.0,Avoid Loan
40,560442,30447,44152,No,0,390,Beginner,High,0,Salaried,2,House,16256,0.0,Avoid Loan
33,1769028,98936,2144302,No,0,585,Beginner,Medium,3,Self-Employed,2,Wealth Creation,48483,0.0,Avoid Loan
36,2562686,41503,586094,No,0,874,Beginner,High,5,Business,0,Retirement,172054,0.0,Save
57,1614287,62269,2412962,Yes,1853958,763,Beginner,Medium,0,Salaried,12,House,72254,1.15,Avoid Loan
37,307645,15014,1917612,Yes,1978120,889,Expert,Medium,3,Business,4,Retirement,10623,6.43,Avoid Loan
53,771558,42809,1481035,No,0,839,Expert,High,0,Business,8,Retirement,21487,0.0,Save
55,2712181,120005,2048370,Yes,496638,377,Intermediate,High,2,Self-Employed,12,Retirement,106010,0.18,Avoid Loan
42,721232,34580,1398794,No,0,739,Intermediate,Medium,5,Salaried,6,Education,25522,0.0,Invest
27,476928,31656,378614,No,0,705,Intermediate,Medium,5,Salaried,5,House,8088,0.0,Save
40,2465685,129761,1217436,Yes,1546134,379,Beginner,Medium,0,Business,9,House,75712,0.63,Avoid Loan
52,1919358,131317,651491,Yes,1621387,553,Expert,Medium,2,Salaried,0,House,28629,0.84,Avoid Loan
53,1870115,127373,87303,Yes,173441,568,Intermediate,Medium,4,Business,6,House,28469,0.09,Avoid Loan
54,1669882,23764,543030,Yes,290292,887,Beginner,High,3,Business,5,Retirement,115392,0.17,Save
48,927049,33572,1695646,No,0,552,Expert,Medium,2,Salaried,4,House,43682,0.0,Avoid Loan
53,1732552,115353,670821,Yes,1131457,556,Beginner,Low,5,Business,8,House,29026,0.65,Avoid Loan
25,1290681,32018,494151,No,0,761,Beginner,Medium,0,Self-Employed,0,Retirement,75538,0.0,Save
38,511162,26783,2180422,Yes,838755,626,Beginner,Low,5,Self-Employed,11,Retirement,15813,1.64,Avoid Loan
32,2964646,174296,505061,No,0,401,Intermediate,Low,3,Salaried,7,House,72757,0.0,Avoid Loan
49,2564475,165341,1185949,Yes,953630,393,Expert,Medium,1,Self-Employed,5,Education,48365,0.37,Avoid Loan
56,2488805,176336,2237698,Yes,1857957,821,Intermediate,Medium,1,Salaried,7,Education,31064,0.75,Avoid Loan
59,654777,42673,196048,No,0,393,Beginner,Medium,2,Business,12,Retirement,11891,0.0,Avoid Loan
46,1797820,70148,933022,No,0,398,Expert,High,5,Self-Employed,10,Retirement,79670,0.0,Avoid Loan
24,1242054,58677,1149010,No,0,445,Beginner,Low,5,Business,8,Education,44827,0.0,Avoid Loan
33,2363154,166838,1380195,No,0,571,Intermediate,Medium,5,Self-Employed,0,Retirement,30091,0.0,Avoid Loan
51,2283699,35569,308192,Yes,2038728,411,Beginner,High,0,Business,0,Retirement,154739,0.89,Avoid Loan
40,1828182,62500,584529,Yes,285793,451,Beginner,High,2,Self-Employed,10,Education,89848,0.16,Avoid Loan
24,2631773,93296,1233135,No,0,599,Beginner,High,0,Self-Employed,0,Retirement,126018,0.0,Avoid Loan
51,2793200,163770,1739813,Yes,2429690,765,Beginner,Low,0,Self-Employed,5,Wealth Creation,68996,0.87,Avoid Loan
46,2659213,125835,380556,Yes,950443,392,Expert,Low,2,Business,9,Retirement,95766,0.36,Avoid Loan
22,2061946,117917,2107933,Yes,164598,589,Beginner,High,4,Business,9,Wealth Creation,53911,0.08,Avoid Loan
44,2330924,62016,1483959,Yes,1550258,792,Beginner,Low,3,Salaried,1,Wealth Creation,132227,0.67,Avoid Loan
59,2001389,107241,69063,Yes,1497216,540,Intermediate,Low,4,Self-Employed,8,Wealth Creation,59541,0.75,Avoid Loan
29,2942544,146226,2152404,No,0,771,Intermediate,High,5,Self-Employed,6,Wealth Creation,98986,0.0,Invest
38,287067,15395,1290523,No,0,546,Beginner,Medium,2,Salaried,0,Retirement,8527,0.0,Avoid Loan
45,1739411,73309,1374694,Yes,695771,382,Beginner,Low,1,Business,5,House,71641,0.4,Avoid Loan
31,1374887,35269,1212360,No,0,443,Expert,Low,4,Salaried,5,Retirement,79304,0.0,Avoid Loan
35,519651,29794,2371469,Yes,2047629,534,Beginner,Medium,2,Self-Employed,8,House,13510,3.94,Avoid Loan
45,2122322,31122,2195634,Yes,1177363,399,Beginner,Low,4,Business,2,Education,145738,0.55,Avoid Loan
59,2614232,25029,1152491,No,0,621,Intermediate,High,1,Self-Employed,10,Wealth Creation,192823,0.0,Save
46,2048190,81881,2085371,Yes,2196304,572,Beginner,Medium,0,Business,11,House,88801,1.07,Avoid Loan
54,2392977,162442,1106201,Yes,366235,391,Intermediate,Medium,2,Self-Employed,6,Wealth Creation,36972,0.15,Avoid Loan
25,440307,22887,1336638,No,0,726,Expert,Low,0,Self-Employed,0,Education,13805,0.0,Save
25,2597834,168188,1003757,No,0,486,Intermediate,Medium,2,Self-Employed,2,Retirement,48298,0.0,Avoid Loan
30,2313074,102184,1177245,No,0,531,Intermediate,Medium,1,Business,10,Retirement,90572,0.0,Avoid Loan
41,1085080,15696,665609,Yes,1640660,836,Beginner,Medium,1,Salaried,12,House,74727,1.51,Avoid Loan
60,2238144,109418,1387058,No,0,667,Beginner,Medium,4,Business,1,Education,77094,0.0,Save
22,1505731,37562,2033239,Yes,2492406,537,Expert,Medium,4,Business,8,Wealth Creation,87915,1.66,Avoid Loan
51,1148131,18337,841762,Yes,1890791,836,Beginner,Medium,5,Salaried,7,Retirement,77340,1.65,Avoid Loan
57,1867014,65830,976603,Yes,376468,480,Intermediate,Medium,4,Salaried,4,Retirement,89754,0.2,Avoid Loan
24,2476629,178914,1711918,No,0,368,Intermediate,Medium,5,Self-Employed,0,House,27471,0.0,Avoid Loan
58,2044568,24892,346490,No,0,708,Beginner,Medium,5,Self-Employed,4,Retirement,145488,0.0,Save
30,869016,40609,1307890,No,0,381,Intermediate,Medium,1,Salaried,9,House,31809,0.0,Avoid Loan
29,908069,18869,574167,Yes,612293,736,Expert,Medium,0,Business,5,Education,56803,0.67,Avoid Loan
28,1772371,120534,2270186,No,0,470,Beginner,Medium,3,Salaried,5,Education,27163,0.0,Avoid Loan
42,1134867,42770,1037960,No,0,790,Beginner,Low,1,Salaried,3,Wealth Creation,51802,0.0,Save
59,592579,35496,2020470,Yes,138565,804,Beginner,Low,2,Self-Employed,9,Wealth Creation,13885,0.23,Save
44,1122472,46537,1601569,No,0,703,Expert,Medium,2,Business,10,Wealth Creation,47002,0.0,Save
57,467152,16096,963274,No,0,774,Beginner,Low,4,Salaried,5,Education,22833,0.0,Save
57,1113647,40066,563258,Yes,435785,460,Intermediate,High,2,Self-Employed,2,Education,52737,0.39,Avoid Loan
34,826348,60607,1049900,Yes,1689178,457,Beginner,Low,2,Business,3,Retirement,8255,2.04,Avoid Loan
45,644966,45590,1161798,Yes,2382719,526,Beginner,High,1,Business,5,House,8157,3.69,Avoid Loan
28,1749142,82438,662514,Yes,446791,529,Beginner,Low,0,Salaried,5,Wealth Creation,63323,0.26,Avoid Loan
46,2195070,138970,652268,No,0,749,Intermediate,Medium,4,Self-Employed,12,Wealth Creation,43952,0.0,Invest
38,2396868,163275,1026907,No,0,563,Expert,High,1,Self-Employed,1,Education,36464,0.0,Avoid Loan
22,1770924,43903,711591,No,0,696,Beginner,Low,4,Self-Employed,3,Education,103674,0.0,Save
58,1049215,62667,707954,Yes,1573274,653,Intermediate,High,2,Salaried,7,House,24767,1.5,Avoid Loan
60,1222553,33164,988917,Yes,371177,677,Beginner,Medium,3,Salaried,4,Education,68715,0.3,Save
58,1599999,72307,328498,Yes,685569,893,Beginner,Medium,2,Salaried,4,House,61026,0.43,Save
44,1625684,21377,691287,Yes,1061421,474,Intermediate,High,1,Business,5,Wealth Creation,114096,0.65,Avoid Loan
57,1344805,16582,1553714,No,0,660,Intermediate,Low,5,Salaried,1,House,95485,0.0,Save
43,2837886,174937,460116,No,0,816,Beginner,High,1,Business,1,Education,61553,0.0,Save
41,1768718,95841,370119,Yes,255870,637,Beginner,High,5,Salaried,2,Wealth Creation,51552,0.14,Save
52,2773010,148602,990137,Yes,973169,900,Intermediate,Medium,0,Business,1,Wealth Creation,82482,0.35,Save
38,870078,21381,106554,Yes,725444,895,Beginner,Medium,4,Business,1,Retirement,51125,0.83,Avoid Loan
25,2079112,59460,701760,No,0,797,Beginner,Medium,3,Self-Employed,9,Wealth Creation,113799,0.0,Invest
53,1600804,105939,864944,Yes,619418,461,Beginner,High,5,Self-Employed,3,Retirement,27461,0.39,Avoid Loan
52,1523344,62724,1300347,Yes,1373224,708,Beginner,High,5,Salaried,3,Education,64221,0.9,Avoid Loan
27,2068458,31776,453568,No,0,853,Intermediate,High,3,Self-Employed,6,Wealth Creation,140595,0.0,Invest
51,1400174,35030,1862743,No,0,488,Beginner,High,5,Business,7,House,81651,0.0,Avoid Loan
21,978844,43468,151000,Yes,850925,470,Beginner,Low,2,Salaried,9,House,38102,0.87,Avoid Loan
30,2249314,164850,1255181,No,0,463,Intermediate,High,5,Salaried,0,Wealth Creation,22592,0.0,Avoid Loan
49,323040,23840,24471,No,0,737,Beginner,Medium,0,Business,2,Education,3080,0.0,Avoid Loan
33,2527676,139826,200004,Yes,197611,813,Intermediate,Low,3,Salaried,7,House,70813,0.08,Save
46,2511991,38807,2187687,Yes,352392,587,Intermediate,Medium,1,Salaried,7,Education,170525,0.14,Avoid Loan
32,1259632,27159,1615453,No,0,571,Beginner,High,0,Self-Employed,9,Retirement,77810,0.0,Avoid Loan
48,295019,19880,1348465,Yes,1992068,366,Beginner,Low,5,Self-Employed,4,Wealth Creation,4704,6.75,Avoid Loan
55,961439,31432,2265266,Yes,552415,553,Beginner,Medium,3,Salaried,1,Wealth Creation,48687,0.57,Avoid Loan
32,636973,17721,1101166,No,0,729,Intermediate,High,5,Salaried,7,Education,35360,0.0,Invest
32,1793236,31674,167849,No,0,838,Intermediate,Low,1,Self-Employed,11,House,117762,0.0,Save
34,1752483,125339,1821895,No,0,757,Beginner,Medium,1,Business,5,House,20701,0.0,Save
28,2558717,138228,1236961,No,0,439,Beginner,Low,5,Self-Employed,10,Wealth Creation,74998,0.0,Avoid Loan
60,1474881,58762,1992380,No,0,499,Expert,Medium,1,Self-Employed,8,Retirement,64144,0.0,Avoid Loan
24,1049732,57365,351285,No,0,685,Expert,Medium,5,Self-Employed,2,Wealth Creation,30112,0.0,Save
39,986049,20296,2157883,No,0,518,Beginner,Medium,2,Salaried,0,House,61874,0.0,Avoid Loan
23,1511187,53557,1876530,Yes,117308,710,Beginner,Low,2,Salaried,8,Education,72375,0.08,Save
44,2994075,173412,689238,Yes,922575,764,Beginner,High,5,Salaried,4,Wealth Creation,76094,0.31,Save
22,1533869,57357,770312,Yes,1264835,655,Intermediate,High,4,Salaried,5,Wealth Creation,70465,0.82,Avoid Loan
48,1392159,73315,1158102,Yes,1552544,486,Beginner,High,0,Business,4,Education,42698,1.12,Avoid Loan
51,1960200,16619,1209030,Yes,1637060,471,Intermediate,Medium,4,Self-Employed,1,Education,146731,0.84,Avoid Loan
41,617879,39665,881071,No,0,722,Intermediate,High,4,Salaried,1,Wealth Creation,11824,0.0,Save
24,1070157,39498,568266,Yes,67672,570,Beginner,High,1,Business,12,Wealth Creation,49681,0.06,Avoid Loan
42,2312364,40009,2390829,No,0,613,Intermediate,Low,0,Self-Employed,0,House,152688,0.0,Save
39,2049914,58719,2234442,Yes,796921,753,Intermediate,Medium,4,Salaried,11,House,112107,0.39,Save
26,1830522,79648,1802319,No,0,570,Expert,Medium,2,Salaried,2,Wealth Creation,72895,0.0,Avoid Loan
44,2685090,139884,879665,Yes,495875,635,Beginner,Medium,5,Salaried,3,Wealth Creation,83873,0.18,Save
27,1837904,75045,2244579,No,0,752,Intermediate,High,4,Self-Employed,5,Education,78113,0.0,Save
36,1842491,135459,1314818,Yes,116877,465,Expert,High,4,Self-Employed,6,Wealth Creation,18081,0.06,Avoid Loan
24,1593919,94581,1722721,Yes,1257897,818,Expert,High,3,Self-Employed,0,Wealth Creation,38245,0.79,Avoid Loan
45,1346537,75797,2460500,Yes,371036,835,Intermediate,Medium,3,Self-Employed,6,Education,36414,0.28,Invest
44,1855070,26039,1606425,No,0,776,Intermediate,High,4,Self-Employed,11,Education,128550,0.0,Invest
28,488007,27637,1875538,Yes,2092636,549,Intermediate,Medium,1,Business,12,Wealth Creation,13030,4.29,Avoid Loan
24,1356110,79078,290963,No,0,657,Expert,Low,3,Business,3,Education,33931,0.0,Save
35,1901891,125523,2277935,Yes,1424242,742,Beginner,Low,3,Self-Employed,4,House,32967,0.75,Avoid Loan
57,753442,31270,1954073,No,0,793,Expert,Medium,2,Salaried,2,Wealth Creation,31516,0.0,Save
59,2430452,23262,2002798,Yes,935091,480,Expert,Low,2,Self-Employed,5,Education,179275,0.38,Avoid Loan
46,970019,65175,748565,Yes,1406620,665,Intermediate,Medium,5,Business,5,Retirement,15659,1.45,Avoid Loan
39,1679533,123421,848865,No,0,467,Expert,Low,5,Self-Employed,11,Wealth Creation,16540,0.0,Avoid Loan
44,1962830,86381,789336,Yes,1438840,719,Beginner,Medium,3,Salaried,5,House,77188,0.73,Avoid Loan
27,2252735,102391,734643,No,0,615,Intermediate,Low,3,Business,11,Education,85336,0.0,Save
52,1420813,78294,1346720,No,0,825,Intermediate,Medium,3,Business,0,Wealth Creation,40107,0.0,Save
32,1365986,44329,619715,No,0,530,Expert,Low,2,Business,9,Education,69503,0.0,Avoid Loan
45,2401324,73640,219702,No,0,709,Intermediate,High,1,Salaried,8,Wealth Creation,126470,0.0,Save
46,1419199,19810,562042,Yes,2443913,873,Intermediate,Low,3,Salaried,4,Wealth Creation,98456,1.72,Avoid Loan
36,1091302,63272,355121,No,0,865,Beginner,High,1,Self-Employed,12,House,27669,0.0,Invest
41,676022,34326,407662,Yes,1397755,761,Beginner,High,5,Business,9,Retirement,22009,2.07,Avoid Loan
58,2664462,114358,955659,No,0,441,Expert,Medium,1,Business,8,Retirement,107680,0.0,Avoid Loan
55,376860,24838,1956830,No,0,859,Beginner,Medium,2,Business,8,Retirement,6567,0.0,Save
29,1073461,62691,807654,No,0,477,Intermediate,Low,3,Self-Employed,8,Education,26764,0.0,Avoid Loan
35,2708538,172878,1634875,Yes,1958733,499,Expert,Low,3,Self-Employed,9,House,52833,0.72,Avoid Loan
28,477265,15075,1340149,No,0,537,Expert,Low,1,Business,5,Retirement,24697,0.0,Avoid Loan
24,2818129,78397,382588,Yes,401832,714,Intermediate,High,2,Business,9,Education,156447,0.14,Save
26,2654819,111130,1021551,No,0,470,Intermediate,Low,4,Self-Employed,11,Retirement,110104,0.0,Avoid Loan
23,1153798,26559,713422,No,0,509,Intermediate,Low,0,Salaried,7,Education,69590,0.0,Avoid Loan
48,2010468,19841,1285659,Yes,1544545,729,Expert,High,3,Self-Employed,10,Wealth Creation,147698,0.77,Avoid Loan
58,2900068,26690,1320053,No,0,810,Beginner,Low,3,Self-Employed,12,Retirement,214982,0.0,Invest
26,1126539,76963,954964,No,0,442,Beginner,High,4,Self-Employed,2,Education,16915,0.0,Avoid Loan
25,931166,53248,1132471,No,0,677,Intermediate,Low,2,Self-Employed,10,Retirement,24349,0.0,Save
45,1683647,62654,2281774,No,0,888,Beginner,Low,0,Salaried,2,Education,77649,0.0,Save
42,1803912,74341,1294277,Yes,448278,352,Intermediate,Low,4,Business,9,House,75985,0.25,Avoid Loan
39,1405104,47673,2015332,No,0,635,Intermediate,High,4,Self-Employed,6,Education,69419,0.0,Save
25,2093128,41547,749254,No,0,674,Beginner,Medium,2,Self-Employed,8,Wealth Creation,132880,0.0,Save
29,1963689,95466,368438,Yes,842101,887,Beginner,Medium,1,Self-Employed,12,Wealth Creation,68174,0.43,Save
31,2481279,117646,84836,Yes,903056,810,Expert,Medium,0,Self-Employed,6,Wealth Creation,89127,0.36,Save
24,2919016,90406,351225,Yes,676414,535,Beginner,High,5,Business,2,House,152845,0.23,Avoid Loan
59,1742039,18661,1021762,No,0,365,Beginner,Medium,5,Business,1,Wealth Creation,126508,0.0,Avoid Loan
36,2630387,52283,150195,No,0,614,Beginner,High,1,Self-Employed,6,House,166915,0.0,Save
56,2240077,149930,2316909,No,0,805,Beginner,Low,1,Self-Employed,2,Education,36743,0.0,Save
49,622363,18504,2082312,Yes,2013944,689,Beginner,Low,4,Business,12,Wealth Creation,33359,3.24,Avoid Loan
59,2840076,102823,1828017,No,0,654,Beginner,High,4,Salaried,3,Education,133850,0.0,Save
29,2427263,167323,705627,No,0,587,Intermediate,High,3,Salaried,2,Wealth Creation,34948,0.0,Avoid Loan
42,899034,54166,960800,Yes,179435,777,Intermediate,Low,3,Self-Employed,0,Education,20753,0.2,Save
38,998278,42136,1822352,Yes,777330,620,Intermediate,Medium,1,Salaried,3,Education,41053,0.78,Avoid Loan
50,1414758,62782,1835256,Yes,2112566,523,Expert,High,4,Business,5,Education,55114,1.49,Avoid Loan
54,1505410,24595,826141,No,0,800,Beginner,Medium,4,Salaried,10,Retirement,100855,0.0,Invest
38,956527,46148,714115,No,0,360,Beginner,Low,5,Business,7,Retirement,33562,0.0,Avoid Loan
46,761570,18521,405168,Yes,2451520,789,Expert,Low,4,Self-Employed,0,Wealth Creation,44943,3.22,Avoid Loan
33,2616350,195787,1997097,Yes,2292651,771,Beginner,Low,2,Business,5,House,22242,0.88,Avoid Loan
58,1019718,74289,1074219,No,0,624,Intermediate,Low,5,Salaried,12,Retirement,10687,0.0,Save
21,1548181,65034,1887712,Yes,459680,583,Intermediate,Low,3,Salaried,7,Wealth Creation,63981,0.3,Avoid Loan
40,1189215,78773,386028,No,0,444,Expert,High,1,Salaried,7,Wealth Creation,20328,0.0,Avoid Loan
42,1982497,131921,1263981,Yes,85317,592,Intermediate,Medium,1,Self-Employed,11,House,33287,0.04,Avoid Loan
28,2618789,78423,2044752,Yes,207433,702,Expert,Low,1,Salaried,9,Retirement,139809,0.08,Save
29,966577,23882,103070,Yes,1455738,581,Intermediate,High,3,Self-Employed,2,Retirement,56666,1.51,Avoid Loan
46,2338116,25080,552649,Yes,1521493,429,Intermediate,High,4,Salaried,2,House,169763,0.65,Avoid Loan
32,2455993,106607,2369933,Yes,387598,551,Beginner,Medium,1,Business,5,House,98059,0.16,Avoid Loan
43,421710,20448,634985,No,0,427,Intermediate,High,4,Salaried,5,House,14694,0.0,Avoid Loan
50,1699145,85842,514559,Yes,1969466,587,Expert,Medium,0,Business,10,Wealth Creation,55753,1.16,Avoid Loan
30,1813456,93343,1002340,Yes,581098,434,Beginner,High,5,Salaried,5,Retirement,57778,0.32,Avoid Loan
27,2103141,39659,1714705,Yes,1577277,795,Beginner,Low,1,Salaried,0,Wealth Creation,135602,0.75,Avoid Loan
56,2827981,166458,426217,Yes,1795911,821,Intermediate,Low,5,Self-Employed,9,House,69207,0.64,Avoid Loan
36,561730,21388,1913602,No,0,826,Beginner,High,1,Business,0,House,25422,0.0,Save
55,264766,17492,368835,No,0,714,Beginner,Medium,4,Self-Employed,1,Retirement,4571,0.0,Save
37,2303955,24833,2442610,No,0,612,Intermediate,High,5,Self-Employed,9,Education,167163,0.0,Save
45,1771494,130344,2016981,No,0,632,Beginner,Medium,2,Business,5,Retirement,17280,0.0,Save
21,1816314,67449,2289269,Yes,2013091,801,Beginner,Medium,3,Self-Employed,2,Education,83910,1.11,Avoid Loan
41,1800166,49536,1797613,No,0,436,Beginner,Low,3,Salaried,11,Wealth Creation,100477,0.0,Avoid Loan
34,355776,26421,2212343,No,0,455,Expert,High,4,Self-Employed,0,Retirement,3227,0.0,Avoid Loan
41,2792258,105334,1944996,Yes,628093,431,Expert,Low,1,Business,4,Wealth Creation,127354,0.22,Avoid Loan
50,1254029,43670,591416,No,0,732,Beginner,High,5,Salaried,11,Retirement,60832,0.0,Invest
34,1746318,77705,1956050,Yes,687354,472,Beginner,Low,0,Salaried,0,Retirement,67821,0.39,Avoid Loan
46,2042815,77280,1028337,Yes,960806,724,Beginner,High,2,Self-Employed,12,House,92954,0.47,Avoid Loan
30,2206192,152313,1099615,No,0,537,Expert,High,1,Self-Employed,0,House,31536,0.0,Avoid Loan
41,1842404,54009,1323454,Yes,1307846,475,Beginner,Low,2,Salaried,6,House,99524,0.71,Avoid Loan
44,2678347,143145,984743,No,0,560,Intermediate,High,2,Business,8,House,80050,0.0,Avoid Loan
41,1784249,112476,775423,Yes,2467223,886,Expert,Low,2,Business,9,Wealth Creation,36211,1.38,Avoid Loan
47,1852486,80022,444563,Yes,403001,523,Intermediate,Low,0,Business,7,Education,74351,0.22,Avoid Loan
26,1393620,83597,682640,No,0,552,Beginner,Low,2,Salaried,8,Retirement,32538,0.0,Avoid Loan
39,722080,54030,1297639,No,0,775,Beginner,Medium,5,Self-Employed,6,Wealth Creation,6143,0.0,Save
33,1341875,31263,1510534,No,0,374,Expert,Medium,4,Salaried,6,Retirement,80559,0.0,Avoid Loan
24,812422,17208,1669591,No,0,391,Intermediate,Medium,3,Self-Employed,6,Wealth Creation,50493,0.0,Avoid Loan
50,654945,43247,1572609,Yes,1140405,765,Beginner,Medium,2,Salaried,6,Wealth Creation,11331,1.74,Avoid Loan
23,2409455,166653,2422310,No,0,409,Beginner,Medium,2,Business,10,Wealth Creation,34134,0.0,Avoid Loan
50,1565606,51451,2335466,Yes,1901855,384,Intermediate,Low,1,Salaried,9,House,79016,1.21,Avoid Loan
40,2787193,87367,1330254,No,0,385,Expert,Medium,4,Salaried,2,Retirement,144899,0.0,Avoid Loan
21,1417688,59329,672376,Yes,1874231,887,Beginner,Low,2,Salaried,2,Education,58811,1.32,Avoid Loan
48,2668813,47161,673144,No,0,390,Intermediate,Low,1,Salaried,10,Wealth Creation,175240,0.0,Avoid Loan
43,516605,35539,1532647,Yes,1019406,778,Beginner,Low,3,Salaried,5,Wealth Creation,7511,1.97,Avoid Loan
58,2986083,52774,49238,No,0,386,Beginner,High,2,Business,11,Education,196066,0.0,Avoid Loan
33,2189615,153860,680616,Yes,1897768,785,Intermediate,Low,2,Self-Employed,4,House,28607,0.87,Avoid Loan
53,2749855,30465,2316591,Yes,243677,798,Intermediate,High,0,Self-Employed,0,Wealth Creation,198689,0.09,Save
40,2138683,37002,1247163,No,0,507,Intermediate,Low,3,Self-Employed,3,Education,141221,0.0,Avoid Loan
46,1926779,16139,1349910,Yes,1341605,733,Beginner,Medium,1,Business,8,Wealth Creation,144425,0.7,Avoid Loan
48,800256,43748,344789,Yes,2000466,480,Beginner,Medium,4,Self-Employed,5,House,22940,2.5,Avoid Loan
36,1939496,31448,176451,No,0,554,Intermediate,Low,3,Business,4,Education,130176,0.0,Avoid Loan
44,1685791,19120,1463966,No,0,727,Beginner,High,2,Self-Employed,10,Retirement,121362,0.0,Invest
46,603509,18761,2325620,Yes,642171,860,Beginner,Low,4,Self-Employed,6,Retirement,31531,1.06,Avoid Loan
22,2617423,27052,690418,Yes,1176947,635,Intermediate,Low,1,Salaried,0,Education,191066,0.45,Save
60,2291530,56467,2174001,No,0,611,Expert,Medium,2,Salaried,1,Education,134493,0.0,Save
40,2162548,127324,1842584,No,0,658,Beginner,High,1,Business,4,House,52888,0.0,Save
51,1219114,89793,1863535,Yes,729022,767,Expert,Medium,1,Self-Employed,2,Retirement,11799,0.6,Avoid Loan
56,2886361,147636,1354156,No,0,375,Beginner,Medium,5,Salaried,9,Education,92894,0.0,Avoid Loan
39,355358,21346,1240620,Yes,357064,579,Expert,Medium,2,Business,4,Retirement,8267,1.0,Avoid Loan
28,964209,23623,818502,No,0,475,Intermediate,High,2,Salaried,12,Wealth Creation,56727,0.0,Avoid Loan
25,2949405,82467,485400,Yes,1429088,867,Beginner,Medium,4,Salaried,1,Education,163316,0.48,Avoid Loan
60,1475727,70296,1730456,No,0,399,Beginner,Medium,4,Salaried,12,Wealth Creation,52681,0.0,Avoid Loan
30,2847303,60150,355134,Yes,1368728,656,Beginner,Low,5,Salaried,12,House,177125,0.48,Avoid Loan
25,369156,26557,999504,Yes,2228433,685,Beginner,Low,4,Salaried,7,Education,4206,6.04,Avoid Loan
21,585234,22926,1862754,Yes,563994,631,Intermediate,High,4,Salaried,7,Retirement,25843,0.96,Avoid Loan
27,1900972,58794,759654,Yes,1195449,768,Beginner,Medium,1,Self-Employed,11,House,99620,0.63,Avoid Loan
59,515818,22275,660543,Yes,2034495,712,Intermediate,Medium,5,Salaried,6,Wealth Creation,20709,3.94,Avoid Loan
29,2607304,82107,724610,No,0,638,Beginner,Low,1,Salaried,8,Retirement,135168,0.0,Save
50,404387,25441,642022,No,0,494,Expert,Medium,0,Business,11,Wealth Creation,8257,0.0,Avoid Loan
42,2451955,161456,1112365,Yes,126991,516,Beginner,Medium,3,Salaried,1,Retirement,42873,0.05,Avoid Loan
37,1419386,25135,690859,Yes,2265011,550,Beginner,High,1,Salaried,5,Education,93147,1.6,Avoid Loan
36,801611,38791,2135699,No,0,591,Expert,Low,5,Salaried,8,Education,28009,0.0,Avoid Loan
24,2783377,70397,1208784,No,0,762,Intermediate,Medium,5,Business,6,House,161551,0.0,Invest
46,2129580,47180,1654342,Yes,976623,741,Beginner,Low,1,Self-Employed,9,Education,130285,0.46,Avoid Loan
35,1311714,95896,632549,No,0,444,Intermediate,Low,1,Salaried,6,Retirement,13413,0.0,Avoid Loan
53,972589,38375,861112,Yes,1030330,615,Beginner,High,2,Self-Employed,12,Retirement,42674,1.06,Avoid Loan
41,2857226,20679,2010803,Yes,1368606,431,Expert,Medium,2,Business,6,Education,217423,0.48,Avoid Loan
52,1302288,88217,2026960,No,0,560,Beginner,Medium,4,Self-Employed,11,Retirement,20307,0.0,Avoid Loan
39,476379,26840,362455,No,0,566,Intermediate,Low,4,Business,4,Education,12858,0.0,Avoid Loan
41,953647,23381,812779,Yes,1114199,876,Intermediate,Low,2,Self-Employed,4,Education,56089,1.17,Avoid Loan
60,2493324,45284,2215246,No,0,802,Beginner,Low,4,Self-Employed,3,Retirement,162493,0.0,Save
43,1959611,52228,954988,Yes,2253264,657,Beginner,High,4,Self-Employed,10,Wealth Creation,111072,1.15,Avoid Loan
23,2152832,19179,1188070,Yes,707456,629,Expert,Low,0,Business,5,Education,160223,0.33,Save
45,2394678,170897,1152190,No,0,402,Intermediate,High,3,Self-Employed,6,Education,28659,0.0,Avoid Loan
28,725561,50967,2122214,No,0,879,Expert,Low,5,Self-Employed,7,Wealth Creation,9496,0.0,Save
47,359652,18261,2423891,Yes,790729,510,Beginner,Low,3,Business,10,Wealth Creation,11710,2.2,Avoid Loan
43,1640193,107756,2367547,Yes,1811888,848,Expert,High,5,Self-Employed,7,Education,28926,1.1,Avoid Loan
38,1610937,89179,151798,Yes,2481135,894,Beginner,High,0,Salaried,3,Education,45065,1.54,Avoid Loan
44,2056072,116973,218134,Yes,335437,852,Intermediate,Medium,4,Self-Employed,12,House,54366,0.16,Save
43,458426,20577,2424731,No,0,756,Beginner,Low,1,Salaried,7,House,17625,0.0,Save
37,2627273,45815,1603796,Yes,1916371,423,Expert,Medium,3,Salaried,4,Retirement,173124,0.73,Avoid Loan
60,1911248,77093,792815,No,0,603,Intermediate,Low,2,Self-Employed,1,Wealth Creation,82177,0.0,Save
57,1866433,24413,852388,No,0,618,Intermediate,Low,0,Self-Employed,9,Retirement,131123,0.0,Save
59,369671,22435,1494977,No,0,634,Beginner,Medium,2,Business,0,Retirement,8370,0.0,Save
47,2383558,177120,519578,No,0,423,Expert,High,4,Salaried,12,House,21509,0.0,Avoid Loan
27,794595,24763,1516312,No,0,600,Beginner,High,4,Self-Employed,6,House,41453,0.0,Save
51,1908780,107434,2116804,Yes,2098784,726,Intermediate,Low,3,Salaried,2,Wealth Creation,51631,1.1,Avoid Loan
32,2448718,115284,539760,Yes,2295053,657,Beginner,High,5,Self-Employed,3,Retirement,88775,0.94,Avoid Loan
28,1037288,54006,363777,No,0,489,Beginner,Low,0,Business,11,Wealth Creation,32434,0.0,Avoid Loan
54,382603,18274,1537246,Yes,1197259,863,Expert,Low,2,Business,5,Wealth Creation,13609,3.13,Avoid Loan
56,2656212,87477,2469827,Yes,1522721,826,Expert,Medium,0,Business,6,Education,133874,0.57,Avoid Loan
49,678863,24259,76273,Yes,622216,591,Beginner,Low,5,Self-Employed,9,Wealth Creation,32312,0.92,Avoid Loan
26,1191365,15351,2160967,No,0,609,Beginner,Medium,3,Self-Employed,9,Education,83929,0.0,Save
47,1035101,52313,173070,Yes,1145798,429,Beginner,Medium,3,Self-Employed,1,Wealth Creation,33945,1.11,Avoid Loan
40,1010430,68072,1960644,No,0,533,Intermediate,Medium,2,Salaried,8,House,16130,0.0,Avoid Loan
25,2349294,157907,1951434,Yes,1124971,709,Intermediate,Medium,0,Self-Employed,8,Education,37867,0.48,Avoid Loan
54,1029594,25229,2019566,No,0,494,Intermediate,High,3,Self-Employed,2,House,60570,0.0,Avoid Loan
40,1075601,80451,2064261,No,0,424,Beginner,High,5,Self-Employed,10,House,9182,0.0,Avoid Loan
36,888472,65627,339128,Yes,841690,584,Intermediate,High,5,Business,6,Wealth Creation,8412,0.95,Avoid Loan
47,2505344,47949,2255407,No,0,795,Beginner,Medium,0,Self-Employed,2,Wealth Creation,160829,0.0,Save
35,821135,30295,1874261,Yes,2310467,833,Expert,Low,2,Self-Employed,1,House,38132,2.81,Avoid Loan
47,2215280,70156,1342344,No,0,621,Intermediate,High,1,Self-Employed,4,Wealth Creation,114450,0.0,Save
23,671503,20495,414181,No,0,866,Beginner,High,2,Business,9,Wealth Creation,35463,0.0,Invest
39,2808183,146909,1637931,Yes,2286427,375,Beginner,Low,3,Business,8,Education,87106,0.81,Avoid Loan
38,1875844,83537,171409,No,0,844,Intermediate,Medium,0,Salaried,6,House,72783,0.0,Save
53,439744,25561,2440012,Yes,358800,821,Intermediate,Medium,0,Salaried,2,Retirement,11084,0.82,Avoid Loan
34,2778899,197350,1371169,Yes,1051975,725,Beginner,Medium,5,Salaried,8,Wealth Creation,34224,0.38,Save
21,1143456,27550,2347106,Yes,962894,488,Intermediate,High,5,Salaried,8,Education,67738,0.84,Avoid Loan
42,297813,17128,151944,Yes,2224051,497,Intermediate,Medium,4,Salaried,4,Retirement,7689,7.47,Avoid Loan
30,1662575,75412,888177,Yes,609503,606,Expert,Medium,4,Business,12,Wealth Creation,63135,0.37,Save
35,842905,21918,2455850,Yes,2095348,871,Beginner,Medium,2,Business,2,House,48324,2.49,Avoid Loan
60,2958237,59605,473736,No,0,580,Beginner,Low,1,Self-Employed,4,Education,186914,0.0,Avoid Loan
34,1867994,111498,2480223,Yes,1913394,599,Beginner,Low,2,Business,8,House,44168,1.02,Avoid Loan
22,1086074,37264,1434789,Yes,953259,435,Expert,High,2,Self-Employed,4,Education,53242,0.88,Avoid Loan
59,1818135,23600,2364137,No,0,437,Beginner,Medium,4,Self-Employed,6,Retirement,127911,0.0,Avoid Loan
43,1428261,74936,182981,No,0,575,Intermediate,Medium,1,Business,3,Education,44085,0.0,Avoid Loan
33,1417230,61073,1612101,No,0,781,Intermediate,High,4,Salaried,5,Retirement,57029,0.0,Save
23,884034,56311,2396144,No,0,610,Intermediate,Low,2,Salaried,10,Education,17358,0.0,Save
39,2298123,165047,2039431,Yes,2039091,358,Intermediate,Medium,0,Salaried,2,Education,26463,0.89,Avoid Loan
38,463575,17695,302959,No,0,431,Beginner,Low,5,Self-Employed,2,Education,20936,0.0,Avoid Loan
27,696663,46019,2017790,No,0,452,Beginner,Medium,2,Self-Employed,1,House,12036,0.0,Avoid Loan
54,1270945,26641,2350674,No,0,368,Expert,Medium,0,Business,0,Retirement,79271,0.0,Avoid Loan
59,2256635,33123,2414682,No,0,523,Beginner,Medium,0,Salaried,7,Retirement,154929,0.0,Avoid Loan
28,1667971,29801,678452,No,0,745,Beginner,Low,2,Self-Employed,1,Retirement,109196,0.0,Save
53,2411471,143111,2233078,No,0,741,Intermediate,Medium,1,Business,0,House,57844,0.0,Save
48,876334,54849,2466587,Yes,2031795,728,Expert,Medium,1,Self-Employed,12,House,18178,2.32,Avoid Loan
31,1367648,86651,1616072,No,0,421,Intermediate,High,5,Salaried,2,Wealth Creation,27319,0.0,Avoid Loan
33,386082,26261,1902611,No,0,447,Intermediate,Low,4,Self-Employed,10,Retirement,5912,0.0,Avoid Loan
35,2448639,36771,1679232,No,0,529,Expert,High,1,Business,0,Education,167282,0.0,Avoid Loan
24,1083896,38868,1788359,Yes,1491281,377,Intermediate,High,5,Business,12,Retirement,51456,1.38,Avoid Loan
51,2155817,24635,2103434,No,0,840,Intermediate,Medium,0,Self-Employed,6,Education,155016,0.0,Invest
51,925097,56866,834334,No,0,866,Beginner,High,0,Business,11,Wealth Creation,20225,0.0,Save
25,2048253,42556,56169,No,0,416,Expert,Medium,2,Salaried,4,Education,128131,0.0,Avoid Loan
37,2292293,69098,1015574,No,0,847,Expert,Low,0,Salaried,3,Wealth Creation,121926,0.0,Save
39,2611975,61269,173094,No,0,645,Beginner,High,3,Self-Employed,10,Retirement,156395,0.0,Save
47,2592566,158394,2437802,Yes,1363869,775,Intermediate,High,2,Self-Employed,0,Education,57653,0.53,Avoid Loan
60,1143356,45161,2473280,No,0,570,Intermediate,High,5,Salaried,11,Wealth Creation,50118,0.0,Avoid Loan
22,753917,48643,2067959,Yes,72780,595,Beginner,Medium,4,Business,4,Education,14183,0.1,Avoid Loan
48,2380898,67898,927172,Yes,898506,587,Intermediate,Medium,0,Business,1,Retirement,130510,0.38,Avoid Loan
55,1003849,16142,937625,No,0,797,Expert,Medium,1,Business,11,Education,67512,0.0,Invest
24,303322,19409,1721339,Yes,1635836,855,Beginner,Low,3,Self-Employed,2,Retirement,5867,5.39,Avoid Loan
35,2563072,17432,2115834,No,0,598,Intermediate,Low,0,Salaried,8,Education,196157,0.0,Avoid Loan
38,576985,38704,910160,No,0,465,Beginner,High,3,Business,10,House,9378,0.0,Avoid Loan
28,2489083,114536,1756445,Yes,1629921,712,Beginner,High,0,Salaried,5,Education,92887,0.65,Avoid Loan
29,2827773,181776,2293238,Yes,77353,626,Beginner,Medium,5,Self-Employed,12,Wealth Creation,53871,0.03,Save
34,2569067,74543,491074,No,0,752,Beginner,Low,4,Self-Employed,7,Education,139545,0.0,Invest
47,1507335,48879,375093,No,0,520,Beginner,Medium,5,Business,10,House,76732,0.0,Avoid Loan
27,1250390,91383,1522657,Yes,1034671,356,Beginner,Medium,1,Business,2,Education,12816,0.83,Avoid Loan
29,1828796,107609,237353,Yes,1253754,820,Intermediate,Medium,1,Business,5,Retirement,44790,0.69,Avoid Loan
60,1476147,80836,884072,No,0,891,Intermediate,Low,3,Salaried,0,Wealth Creation,42176,0.0,Save
22,1928362,50527,1853103,Yes,1273369,862,Beginner,Low,0,Business,10,Wealth Creation,110169,0.66,Avoid Loan
41,1571471,111364,476170,No,0,467,Intermediate,Medium,5,Business,8,Education,19591,0.0,Avoid Loan
48,1388164,76811,2166666,No,0,621,Intermediate,Medium,3,Self-Employed,2,Retirement,38869,0.0,Save
40,716799,36861,228478,No,0,632,Beginner,Medium,3,Self-Employed,0,House,22872,0.0,Save
44,1990629,74396,2102690,Yes,1866944,768,Beginner,Low,2,Salaried,2,Wealth Creation,91489,0.94,Avoid Loan
24,1152933,49302,2108164,Yes,1444898,809,Beginner,High,1,Salaried,4,Education,46775,1.25,Avoid Loan
59,689753,26017,1167849,Yes,1610183,788,Intermediate,Low,4,Salaried,5,Wealth Creation,31462,2.33,Avoid Loan
52,1031162,60852,1311669,No,0,376,Beginner,Medium,3,Salaried,12,Retirement,25078,0.0,Avoid Loan
22,1446158,15356,374534,Yes,966953,772,Expert,Medium,5,Self-Employed,6,Retirement,105157,0.67,Avoid Loan
58,354185,21859,1694185,Yes,2018186,856,Beginner,Low,3,Business,0,Retirement,7656,5.7,Avoid Loan
50,2714849,146721,1232909,Yes,1347047,893,Expert,Medium,1,Business,4,Retirement,79516,0.5,Avoid Loan
39,1263053,38472,1180395,No,0,475,Intermediate,Medium,3,Salaried,0,House,66782,0.0,Avoid Loan
36,1040467,69315,1204955,No,0,861,Beginner,Medium,3,Salaried,3,Education,17390,0.0,Save
27,790716,17759,2257858,No,0,670,Beginner,High,3,Self-Employed,6,House,48134,0.0,Save
53,2398293,46016,2121716,No,0,490,Beginner,High,0,Salaried,2,Education,153841,0.0,Avoid Loan
36,2290855,123395,1048336,Yes,1581961,679,Beginner,Medium,0,Business,6,Retirement,67509,0.69,Avoid Loan
47,464448,15243,623636,No,0,442,Beginner,High,2,Salaried,5,Education,23461,0.0,Avoid Loan
50,2542345,112810,418824,Yes,57813,626,Beginner,Medium,0,Business,11,House,99052,0.02,Save
29,2061878,16757,1682294,No,0,697,Beginner,Low,0,Self-Employed,5,Retirement,155066,0.0,Save
52,1469901,21244,237938,No,0,528,Beginner,High,2,Salaried,3,Education,101247,0.0,Avoid Loan
35,1179741,15024,1594034,No,0,543,Beginner,Low,2,Salaried,0,Retirement,83287,0.0,Avoid Loan
46,2346635,74393,2187560,No,0,502,Intermediate,Low,0,Salaried,11,Retirement,121159,0.0,Avoid Loan
44,2854948,211485,1351629,Yes,913755,752,Beginner,Medium,0,Salaried,1,Education,26427,0.32,Save
21,1051224,24552,544199,Yes,574447,831,Intermediate,High,4,Business,6,Retirement,63050,0.55,Avoid Loan
43,1619466,89209,2125627,No,0,867,Intermediate,Low,2,Salaried,0,Wealth Creation,45746,0.0,Save
25,1092425,40085,2345205,Yes,1622694,706,Beginner,Medium,4,Salaried,8,Wealth Creation,50950,1.49,Avoid Loan
52,1912257,96558,1580319,No,0,399,Intermediate,Low,1,Self-Employed,1,Education,62796,0.0,Avoid Loan
49,773589,27894,1387004,No,0,723,Intermediate,Medium,1,Self-Employed,4,Retirement,36571,0.0,Save
33,1206749,67466,2273790,Yes,759421,648,Expert,High,5,Salaried,9,House,33096,0.63,Avoid Loan
50,1480253,23371,150111,Yes,1204593,876,Beginner,Low,2,Business,0,Retirement,99983,0.81,Avoid Loan
50,2803270,182885,2453202,Yes,1728045,888,Intermediate,Medium,1,Self-Employed,5,House,50720,0.62,Avoid Loan
25,2262471,90595,2380752,No,0,757,Beginner,Low,4,Self-Employed,4,Education,97944,0.0,Save
40,2536394,102665,401110,Yes,904380,693,Beginner,Low,1,Self-Employed,0,Education,108701,0.36,Save
60,1245169,74998,1650892,No,0,838,Intermediate,Medium,5,Salaried,9,Retirement,28766,0.0,Invest
23,2700995,83768,975169,Yes,116361,740,Intermediate,Low,4,Self-Employed,10,Retirement,141314,0.04,Invest
42,2112331,27604,679692,Yes,1846563,815,Intermediate,Low,1,Salaried,5,Education,148423,0.87,Avoid Loan
39,749484,19177,2344045,Yes,654456,480,Beginner,High,3,Business,1,Retirement,43280,0.87,Avoid Loan
28,1798389,77405,722478,No,0,875,Intermediate,Medium,2,Salaried,4,House,72460,0.0,Save
38,1291701,56065,829641,Yes,437222,576,Expert,Medium,4,Salaried,12,Retirement,51576,0.34,Avoid Loan
26,2622648,126377,912294,No,0,492,Expert,Medium,5,Salaried,4,Retirement,92177,0.0,Avoid Loan
54,279016,17819,1219331,Yes,1777499,784,Expert,High,2,Self-Employed,12,Education,5432,6.37,Avoid Loan
27,1560029,106129,161406,No,0,696,Beginner,Low,4,Salaried,0,Education,23873,0.0,Save
54,1117912,20887,2126940,No,0,784,Beginner,Low,3,Self-Employed,8,Education,72272,0.0,Invest
53,2535898,45403,2104380,No,0,537,Intermediate,Medium,5,Salaried,10,Wealth Creation,165921,0.0,Avoid Loan
23,1088573,58529,395421,Yes,704793,455,Beginner,Low,3,Business,9,Retirement,32185,0.65,Avoid Loan
38,1462546,65099,573267,Yes,1146045,576,Beginner,High,1,Self-Employed,11,House,56779,0.78,Avoid Loan
44,593124,39125,637387,Yes,2300760,688,Expert,Low,1,Business,8,Education,10302,3.88,Avoid Loan
30,2313122,19177,1680043,No,0,379,Beginner,High,2,Salaried,9,House,173583,0.0,Avoid Loan
47,653703,43637,74578,Yes,831481,854,Expert,Medium,5,Salaried,6,Retirement,10838,1.27,Avoid Loan
28,1255530,84370,886266,No,0,392,Beginner,Low,2,Business,5,House,20257,0.0,Avoid Loan
45,1907405,48580,1855342,No,0,638,Expert,Medium,0,Self-Employed,10,Education,110370,0.0,Save
51,285962,21137,337981,Yes,345927,647,Intermediate,Medium,3,Salaried,6,Education,2693,1.21,Avoid Loan
34,2385309,125138,209114,Yes,1499476,357,Beginner,High,4,Self-Employed,11,House,73637,0.63,Avoid Loan
50,1908228,132886,1394212,No,0,481,Expert,Low,4,Salaried,12,Education,26133,0.0,Avoid Loan
54,1814659,105163,1513378,No,0,637,Expert,Low,0,Self-Employed,7,Wealth Creation,46058,0.0,Save
36,2456202,74224,1259870,No,0,792,Beginner,High,0,Business,11,House,130459,0.0,Invest
45,457034,17709,248643,No,0,884,Beginner,Medium,3,Self-Employed,11,Education,20377,0.0,Save
30,1599766,105096,2116619,Yes,1647557,538,Beginner,High,1,Salaried,7,Retirement,28217,1.03,Avoid Loan
42,259398,18510,1875303,Yes,671792,600,Intermediate,Medium,1,Salaried,7,Retirement,3106,2.59,Avoid Loan
30,682595,42166,175253,Yes,1755405,656,Expert,High,3,Salaried,11,Wealth Creation,14716,2.57,Avoid Loan
37,2460627,53625,1762000,No,0,593,Intermediate,High,2,Business,7,Retirement,151427,0.0,Avoid Loan
40,2807963,53097,157769,Yes,337381,463,Expert,Medium,4,Salaried,10,Education,180899,0.12,Avoid Loan
53,2490124,43134,1028432,Yes,1228868,880,Expert,Medium,1,Business,12,Education,164376,0.49,Avoid Loan
24,1287890,60630,2098025,No,0,784,Beginner,Low,2,Salaried,12,Education,46694,0.0,Invest
59,1445116,96530,2469373,No,0,393,Intermediate,Medium,3,Salaried,7,Retirement,23896,0.0,Avoid Loan
24,2155509,20311,1218595,Yes,145089,799,Beginner,Low,3,Self-Employed,11,Wealth Creation,159314,0.07,Invest
51,1361540,53624,1506029,Yes,583420,481,Intermediate,Low,4,Salaried,5,House,59837,0.43,Avoid Loan
44,2431085,128820,1536007,No,0,397,Beginner,Low,3,Salaried,0,Wealth Creation,73770,0.0,Avoid Loan
23,864091,27932,1890676,Yes,2174388,656,Expert,Low,0,Salaried,6,Retirement,44075,2.52,Avoid Loan
56,1514609,49034,207217,Yes,1499870,629,Beginner,Medium,1,Business,0,House,77183,0.99,Avoid Loan
54,2497564,143001,1634790,No,0,810,Intermediate,Medium,1,Salaried,1,Wealth Creation,65129,0.0,Save
44,535477,28423,578769,Yes,1910089,390,Beginner,High,5,Self-Employed,5,Retirement,16200,3.57,Avoid Loan
21,1686440,73358,854289,Yes,180547,832,Beginner,Low,3,Salaried,4,House,67178,0.11,Save
22,808313,24216,894338,No,0,804,Intermediate,Low,2,Business,6,Retirement,43143,0.0,Invest
45,344167,16159,1780391,No,0,588,Intermediate,Medium,0,Salaried,8,Retirement,12521,0.0,Avoid Loan
40,1538382,44715,581947,No,0,726,Intermediate,Medium,0,Salaried,8,House,83483,0.0,Invest
55,282984,21180,704350,No,0,481,Intermediate,Medium,5,Business,3,Retirement,2402,0.0,Avoid Loan
57,2547507,183175,1977633,Yes,1728258,665,Beginner,Medium,5,Salaried,9,Wealth Creation,29117,0.68,Avoid Loan
43,2600497,173869,709837,Yes,959455,688,Beginner,High,1,Self-Employed,10,Wealth Creation,42839,0.37,Save
22,954153,63750,781128,No,0,363,Beginner,Low,4,Self-Employed,3,Education,15762,0.0,Avoid Loan
33,2244884,16981,1431332,No,0,469,Beginner,Medium,3,Salaried,2,Wealth Creation,170092,0.0,Avoid Loan
57,1545277,50434,1622445,Yes,514336,628,Beginner,High,1,Salaried,12,Wealth Creation,78339,0.33,Save
53,546874,18576,1268733,Yes,1055169,510,Beginner,Medium,3,Business,11,Education,26996,1.93,Avoid Loan
29,702758,21179,2178660,No,0,580,Beginner,High,5,Business,3,Education,37384,0.0,Avoid Loan
39,960928,38900,754693,No,0,592,Expert,Medium,0,Self-Employed,11,Wealth Creation,41177,0.0,Avoid Loan
57,308196,20883,838311,No,0,755,Intermediate,Low,4,Business,5,Retirement,4800,0.0,Save
21,1393563,85421,1405793,No,0,695,Intermediate,High,0,Business,5,House,30709,0.0,Save
39,1219919,44863,253043,Yes,1552196,396,Expert,High,3,Business,4,Wealth Creation,56796,1.27,Avoid Loan
34,2821324,79960,1839324,No,0,531,Beginner,Medium,2,Self-Employed,3,Retirement,155150,0.0,Avoid Loan
51,2481900,119894,2196115,No,0,614,Beginner,Medium,0,Salaried,2,Retirement,86931,0.0,Save
51,2952083,201941,2365249,Yes,370513,893,Expert,Medium,2,Self-Employed,8,Wealth Creation,44065,0.13,Invest
35,960251,16744,2421600,Yes,1729503,900,Beginner,High,2,Self-Employed,1,Education,63276,1.8,Avoid Loan
29,2259682,35453,70401,Yes,1253943,613,Expert,High,1,Self-Employed,10,Education,152853,0.55,Avoid Loan
32,549861,29866,300289,Yes,287603,571,Expert,High,0,Self-Employed,1,Retirement,15955,0.52,Avoid Loan
51,1378919,72393,397220,No,0,692,Beginner,Medium,2,Self-Employed,7,House,42516,0.0,Save
50,725105,45478,2248149,Yes,2290532,763,Expert,Low,2,Salaried,5,Retirement,14947,3.16,Avoid Loan
21,672619,26067,802732,Yes,2388036,841,Intermediate,Low,5,Self-Employed,11,House,29984,3.55,Avoid Loan
40,2968915,46096,228871,No,0,868,Intermediate,Medium,1,Self-Employed,8,Wealth Creation,201313,0.0,Save
46,1384047,87275,2304634,No,0,550,Beginner,Low,0,Salaried,2,Retirement,28062,0.0,Avoid Loan
43,763399,42584,20372,Yes,1700909,565,Beginner,High,1,Salaried,10,Education,21032,2.23,Avoid Loan
37,2199590,130606,953059,No,0,588,Expert,Medium,1,Salaried,10,House,52693,0.0,Avoid Loan
21,542933,31643,740320,No,0,397,Beginner,Medium,0,Business,10,Wealth Creation,13601,0.0,Avoid Loan
41,1521319,88924,1730736,No,0,801,Intermediate,Medium,4,Self-Employed,12,Education,37852,0.0,Invest
22,510415,31445,2284070,No,0,448,Expert,High,3,Self-Employed,7,Wealth Creation,11089,0.0,Avoid Loan
25,2500221,57511,1340859,No,0,780,Beginner,High,1,Salaried,3,Wealth Creation,150840,0.0,Save
44,2713431,79458,1681655,No,0,773,Beginner,Medium,3,Salaried,12,Retirement,146661,0.0,Invest
21,831427,41724,761858,Yes,118591,632,Beginner,High,1,Salaried,10,House,27561,0.14,Save
38,2548461,25922,1368383,Yes,238366,452,Beginner,Low,2,Salaried,12,Wealth Creation,186449,0.09,Avoid Loan
24,2188992,162289,1231721,No,0,576,Intermediate,High,4,Salaried,9,Education,20127,0.0,Avoid Loan
58,1851166,128387,1034365,Yes,1287757,359,Beginner,Medium,5,Business,11,Retirement,25876,0.7,Avoid Loan
40,1783797,74588,244070,Yes,2099106,635,Intermediate,Medium,5,Business,12,Wealth Creation,74061,1.18,Avoid Loan
23,2686152,165883,1273912,Yes,1509438,845,Beginner,Medium,3,Self-Employed,0,House,57963,0.56,Avoid Loan
39,667451,33403,2149547,Yes,368046,425,Intermediate,Low,2,Self-Employed,4,House,22217,0.55,Avoid Loan
45,2681319,191384,2270848,No,0,407,Intermediate,Low,0,Self-Employed,7,Wealth Creation,32059,0.0,Avoid Loan
44,2976782,50394,2228981,No,0,676,Expert,Low,2,Business,6,House,197671,0.0,Save
28,262029,19350,2097767,No,0,580,Expert,High,5,Salaried,3,Retirement,2485,0.0,Avoid Loan
29,1172922,74808,843634,No,0,878,Beginner,Medium,4,Self-Employed,0,Retirement,22935,0.0,Save
52,382079,21535,1567395,Yes,1902095,534,Beginner,Low,1,Salaried,8,Wealth Creation,10304,4.98,Avoid Loan
41,2401505,133226,2017879,Yes,244823,621,Expert,Low,2,Self-Employed,8,Education,66899,0.1,Save
52,1639369,112310,2176449,Yes,2390580,522,Beginner,Medium,0,Business,6,Education,24304,1.46,Avoid Loan
59,2682448,129287,48559,Yes,2158437,727,Intermediate,Medium,1,Self-Employed,4,House,94250,0.8,Avoid Loan
24,2731879,19984,1672568,No,0,423,Expert,Low,1,Salaried,5,Wealth Creation,207672,0.0,Avoid Loan
47,1072231,61797,348728,No,0,659,Intermediate,Medium,0,Business,8,Retirement,27555,0.0,Save
34,1566800,54746,2115505,Yes,373033,433,Intermediate,Medium,2,Business,1,Retirement,75820,0.24,Avoid Loan
38,860872,17612,756441,No,0,439,Beginner,Low,1,Salaried,6,House,54127,0.0,Avoid Loan
33,2996692,37121,2189617,Yes,980113,698,Beginner,High,2,Business,1,Retirement,212603,0.33,Save
52,1087583,78518,126606,No,0,777,Expert,High,5,Salaried,9,Wealth Creation,12113,0.0,Save
23,1705946,110685,225482,Yes,700281,749,Intermediate,High,2,Self-Employed,0,Education,31477,0.41,Save
35,1389702,82393,1628265,Yes,1248425,556,Expert,Medium,4,Self-Employed,8,House,33415,0.9,Avoid Loan
60,1514332,39621,1753637,No,0,860,Intermediate,Medium,5,Self-Employed,5,Retirement,86573,0.0,Save
30,1000460,31624,1813107,Yes,138298,443,Beginner,Medium,0,Business,8,Retirement,51747,0.14,Avoid Loan
60,2786960,48153,2139158,Yes,2016529,515,Intermediate,Low,1,Salaried,11,Retirement,184093,0.72,Avoid Loan
21,1678636,26602,269848,No,0,735,Intermediate,High,5,Business,4,Education,113284,0.0,Save
48,621977,16067,1198812,Yes,845074,534,Expert,Low,4,Self-Employed,3,Retirement,35764,1.36,Avoid Loan
58,1359629,83703,1837369,No,0,625,Intermediate,High,3,Business,5,Education,29599,0.0,Save
51,2714181,107199,1567628,Yes,1681691,770,Intermediate,Low,5,Business,0,Retirement,118982,0.62,Avoid Loan
45,2716768,201745,1053374,Yes,2165527,581,Beginner,Low,2,Salaried,7,Retirement,24652,0.8,Avoid Loan
23,646473,31596,404505,Yes,1996195,386,Beginner,High,4,Business,2,House,22276,3.09,Avoid Loan
27,2068455,49871,515689,No,0,758,Beginner,Medium,0,Business,9,Retirement,122500,0.0,Invest
24,2792676,204067,1654105,No,0,420,Beginner,Medium,4,Business,6,Retirement,28656,0.0,Avoid Loan
45,1859245,139384,913132,No,0,525,Intermediate,Medium,0,Salaried,9,House,15553,0.0,Avoid Loan
43,2151518,138920,2379210,Yes,1167645,477,Intermediate,Medium,3,Salaried,1,Retirement,40373,0.54,Avoid Loan
34,1563012,92960,1942418,Yes,2186636,660,Beginner,Medium,5,Salaried,1,Retirement,37291,1.4,Avoid Loan
54,1040330,45411,730486,No,0,413,Intermediate,Medium,2,Self-Employed,9,Wealth Creation,41283,0.0,Avoid Loan
56,1402069,66564,2489084,Yes,828457,651,Beginner,Low,4,Salaried,8,Wealth Creation,50275,0.59,Avoid Loan
42,515657,16681,739512,No,0,653,Expert,Low,3,Self-Employed,3,Wealth Creation,26290,0.0,Save
57,2333887,47255,2457095,Yes,381804,728,Beginner,Medium,2,Self-Employed,12,Education,147235,0.16,Invest
45,1341893,21663,451151,No,0,850,Expert,Medium,2,Salaried,1,Retirement,90161,0.0,Save
21,764794,39608,1821324,No,0,698,Beginner,Low,2,Business,4,Education,24124,0.0,Save
50,895447,65215,966664,Yes,1046837,879,Intermediate,Medium,4,Salaried,8,House,9405,1.17,Avoid Loan
22,1843903,127613,2437677,Yes,1074761,878,Beginner,Medium,3,Salaried,9,Retirement,26045,0.58,Avoid Loan
50,1333478,49901,1503483,No,0,410,Beginner,Low,5,Self-Employed,12,Wealth Creation,61222,0.0,Avoid Loan
22,1850716,105646,1491532,No,0,869,Beginner,High,0,Salaried,9,Wealth Creation,48580,0.0,Invest
25,2211315,32135,311244,Yes,1965968,765,Beginner,High,2,Salaried,7,Education,152141,0.89,Avoid Loan
26,2142006,114645,1883608,No,0,765,Intermediate,High,3,Salaried,11,House,63855,0.0,Invest
31,2947106,125740,164044,Yes,1977367,657,Beginner,High,2,Salaried,0,Retirement,119852,0.67,Avoid Loan
34,1139925,42029,2163560,No,0,866,Intermediate,Medium,1,Business,6,House,52964,0.0,Invest
50,2153148,44869,1406754,No,0,636,Beginner,Medium,5,Business,0,Wealth Creation,134560,0.0,Save
29,1613151,18699,963861,Yes,1491636,569,Beginner,Low,5,Self-Employed,9,Education,115730,0.92,Avoid Loan
52,1433061,50383,1543721,No,0,450,Beginner,Low,5,Self-Employed,7,Education,69038,0.0,Avoid Loan
22,893499,30546,1184586,No,0,630,Intermediate,Low,2,Salaried,7,Wealth Creation,43912,0.0,Save
53,1750231,51393,2477222,No,0,895,Beginner,High,2,Self-Employed,1,House,94459,0.0,Save
24,2889289,184506,1143937,No,0,365,Intermediate,Medium,5,Self-Employed,10,House,56268,0.0,Avoid Loan
51,1639521,99724,946227,Yes,1345714,802,Intermediate,High,2,Salaried,0,House,36902,0.82,Avoid Loan
22,1110807,48256,422819,No,0,660,Beginner,Low,2,Self-Employed,10,House,44311,0.0,Save
41,2839059,47901,1375675,No,0,709,Beginner,Low,2,Business,7,Education,188687,0.0,Save
55,2731614,40107,435471,Yes,1394487,409,Intermediate,Medium,3,Self-Employed,2,Wealth Creation,187527,0.51,Avoid Loan
38,2551734,101542,1166804,Yes,223112,832,Intermediate,Medium,5,Salaried,7,Retirement,111102,0.09,Invest
52,848281,34561,1586044,No,0,525,Intermediate,Medium,4,Self-Employed,3,Wealth Creation,36129,0.0,Avoid Loan
59,651091,35665,484396,Yes,1516849,882,Expert,Medium,3,Business,9,House,18592,2.33,Avoid Loan
23,1981007,136341,1550122,Yes,1727992,839,Beginner,Low,2,Business,12,House,28742,0.87,Avoid Loan
23,2764216,192323,1538498,Yes,589342,535,Beginner,Low,2,Business,3,House,38028,0.21,Avoid Loan
46,1564870,98654,99850,Yes,625023,430,Beginner,Medium,2,Salaried,4,Wealth Creation,31751,0.4,Avoid Loan
33,259980,17761,885215,No,0,412,Beginner,Low,3,Self-Employed,4,House,3904,0.0,Avoid Loan
60,2827584,212050,1141177,No,0,755,Intermediate,High,5,Salaried,8,Wealth Creation,23582,0.0,Save
60,2617735,19177,1676000,No,0,599,Intermediate,Low,3,Self-Employed,9,Retirement,198967,0.0,Avoid Loan
28,2696929,192578,1248871,Yes,1583515,871,Beginner,Low,4,Salaried,3,House,32166,0.59,Avoid Loan
27,561384,34998,2274031,Yes,2324896,625,Intermediate,High,4,Self-Employed,3,House,11784,4.14,Avoid Loan
60,1023492,23096,1214810,No,0,597,Expert,Low,4,Self-Employed,7,Education,62195,0.0,Avoid Loan
39,1098942,74978,801613,Yes,220368,526,Beginner,Low,0,Self-Employed,2,Education,16600,0.2,Avoid Loan
45,252536,17204,706820,Yes,818487,757,Beginner,Medium,1,Business,1,House,3840,3.24,Avoid Loan
56,1258044,56085,1151176,No,0,471,Beginner,Low,2,Salaried,3,Wealth Creation,48752,0.0,Avoid Loan
41,2633891,30627,2400911,No,0,454,Beginner,Medium,4,Salaried,4,Wealth Creation,188863,0.0,Avoid Loan
23,282780,20562,1721274,No,0,776,Intermediate,Low,5,Salaried,1,House,3003,0.0,Save
55,1692209,50861,2001028,No,0,862,Beginner,Low,5,Salaried,12,House,90156,0.0,Invest
57,2532337,58205,551521,Yes,1810043,843,Beginner,Medium,4,Self-Employed,4,House,152823,0.71,Avoid Loan
45,1844101,97955,638921,No,0,517,Expert,High,4,Salaried,9,House,55720,0.0,Avoid Loan
30,1770058,107330,327078,No,0,433,Beginner,High,1,Salaried,9,House,40174,0.0,Avoid Loan
46,1134198,36278,1515240,No,0,657,Intermediate,Low,5,Salaried,3,House,58238,0.0,Save
31,1939796,15918,2203824,Yes,2256394,574,Beginner,Medium,3,Self-Employed,3,Education,145731,1.16,Avoid Loan
35,654646,32984,1967392,No,0,804,Expert,Medium,1,Business,8,House,21569,0.0,Save
45,344948,24761,264644,Yes,93810,816,Intermediate,Medium,3,Business,8,Retirement,3984,0.27,Avoid Loan
35,1937064,86891,386772,Yes,259013,628,Beginner,Medium,1,Self-Employed,4,Education,74531,0.13,Save
27,2854112,112115,1162928,No,0,418,Expert,Medium,2,Salaried,2,Retirement,125727,0.0,Avoid Loan
29,1833451,26042,2452606,No,0,417,Beginner,Low,5,Self-Employed,7,House,126745,0.0,Avoid Loan
40,470459,29111,2063107,Yes,934294,753,Intermediate,Medium,5,Self-Employed,4,Retirement,10093,1.99,Avoid Loan
37,507953,22348,2374437,No,0,426,Beginner,High,3,Salaried,0,Education,19981,0.0,Avoid Loan
23,1127824,83321,383659,Yes,2416450,723,Intermediate,Medium,3,Self-Employed,6,Education,10664,2.14,Avoid Loan
29,1774664,113225,265239,No,0,602,Beginner,High,5,Salaried,10,House,34663,0.0,Save
42,2452763,16740,1036319,No,0,567,Beginner,Medium,5,Salaried,2,Education,187656,0.0,Avoid Loan
36,543699,33212,1536937,No,0,518,Beginner,Low,4,Business,4,Education,12096,0.0,Avoid Loan
27,2016008,26326,1471303,No,0,539,Intermediate,Medium,1,Salaried,2,Wealth Creation,141674,0.0,Avoid Loan
31,2742825,173858,1765595,Yes,1560298,818,Beginner,High,3,Salaried,7,House,54710,0.57,Avoid Loan
39,1036727,68889,1194330,No,0,836,Expert,Low,2,Self-Employed,4,House,17504,0.0,Save
31,2066909,123510,1902491,Yes,1971342,359,Intermediate,Medium,2,Business,12,Retirement,48732,0.95,Avoid Loan
39,1564111,32988,1452271,Yes,1408438,654,Intermediate,Low,5,Salaried,8,Retirement,97354,0.9,Avoid Loan
58,275596,15516,1354831,Yes,1993254,821,Expert,Medium,5,Self-Employed,7,Retirement,7450,7.23,Avoid Loan
35,2140322,116259,2496243,Yes,1956328,506,Expert,High,5,Salaried,4,Education,62101,0.91,Avoid Loan
28,1929748,142928,735098,Yes,954747,848,Beginner,Medium,1,Business,7,Education,17884,0.49,Avoid Loan
42,1168955,75660,1942262,No,0,371,Intermediate,Low,4,Business,5,House,21752,0.0,Avoid Loan
49,1652501,117211,115453,No,0,483,Intermediate,Low,1,Business,12,House,20497,0.0,Avoid Loan
38,924280,22814,1409411,No,0,660,Beginner,Medium,0,Self-Employed,6,Education,54209,0.0,Save
41,725015,39100,1059737,Yes,812195,381,Intermediate,High,5,Self-Employed,6,Retirement,21317,1.12,Avoid Loan
51,1288575,71165,367736,No,0,631,Intermediate,Medium,5,Business,2,House,36216,0.0,Save
30,1157708,71277,1847860,Yes,289259,597,Intermediate,Medium,1,Business,11,Retirement,25198,0.25,Avoid Loan
42,579031,19902,243756,No,0,676,Beginner,Low,5,Business,11,Wealth Creation,28350,0.0,Save
24,1528698,74424,359237,No,0,537,Expert,Low,2,Salaried,6,Wealth Creation,52967,0.0,Avoid Loan
48,2833072,21026,1511808,Yes,1181405,800,Expert,High,4,Salaried,3,Wealth Creation,215063,0.42,Save
39,2227921,166743,2469922,Yes,616975,669,Expert,Low,4,Business,8,House,18917,0.28,Save
30,1217401,61865,1163465,No,0,787,Beginner,Medium,3,Self-Employed,7,Wealth Creation,39585,0.0,Invest
44,1675224,72304,1459535,Yes,1791820,413,Beginner,Medium,5,Business,4,House,67298,1.07,Avoid Loan
46,1065659,37721,1017280,No,0,411,Intermediate,High,4,Business,7,Wealth Creation,51083,0.0,Avoid Loan
56,2364556,71494,2392260,No,0,687,Intermediate,High,0,Business,5,Retirement,125552,0.0,Save
42,2070370,71807,2308198,No,0,832,Intermediate,Medium,2,Self-Employed,7,Wealth Creation,100723,0.0,Invest
41,1854128,93202,301993,Yes,447360,451,Intermediate,Medium,5,Business,11,Wealth Creation,61308,0.24,Avoid Loan
37,1586846,15627,2031807,Yes,1176537,889,Beginner,Medium,2,Self-Employed,2,House,116610,0.74,Avoid Loan
25,2609478,76837,697385,Yes,1136815,421,Beginner,Low,3,Business,8,House,140619,0.44,Avoid Loan
23,1902824,43694,1298309,Yes,421664,740,Beginner,High,2,Self-Employed,4,Retirement,114874,0.22,Save
55,1586007,59122,1777229,Yes,1204815,802,Expert,Medium,0,Self-Employed,2,Wealth Creation,73045,0.76,Avoid Loan
42,2542669,189976,2003095,Yes,2143126,461,Expert,High,3,Salaried,12,Education,21913,0.84,Avoid Loan
59,451211,24253,101173,No,0,861,Beginner,Medium,0,Self-Employed,9,Retirement,13347,0.0,Save
34,2931385,195262,1593944,No,0,619,Beginner,Medium,0,Business,10,Retirement,49020,0.0,Save
39,2983901,105022,591175,No,0,883,Intermediate,Medium,4,Business,3,Wealth Creation,143636,0.0,Save
36,1864068,22001,518694,Yes,1686819,710,Expert,Medium,5,Self-Employed,8,House,133338,0.9,Avoid Loan
57,2760861,79159,571393,Yes,1409964,860,Beginner,Low,3,Salaried,7,Wealth Creation,150912,0.51,Avoid Loan
38,2316153,137420,1954249,No,0,374,Beginner,Medium,1,Self-Employed,0,Wealth Creation,55592,0.0,Avoid Loan
22,326948,17666,1937962,Yes,340989,861,Intermediate,Low,4,Salaried,8,Wealth Creation,9579,1.04,Avoid Loan
60,515384,35322,1424357,No,0,743,Beginner,Medium,2,Salaried,9,Retirement,7626,0.0,Save
59,2906044,53295,1050687,Yes,1139648,709,Intermediate,High,3,Self-Employed,7,Retirement,188875,0.39,Save
49,1018500,74994,991777,No,0,841,Beginner,Low,0,Salaried,11,Retirement,9881,0.0,Save
37,2281873,128910,149048,Yes,1933012,616,Beginner,Low,2,Business,2,House,61246,0.85,Avoid Loan
55,998287,46261,2362784,Yes,1665997,871,Intermediate,Medium,1,Business,11,House,36929,1.67,Avoid Loan
56,2671997,191438,296440,No,0,602,Beginner,High,0,Self-Employed,5,House,31228,0.0,Save
59,2134146,150343,654523,Yes,2382001,426,Expert,Low,0,Salaried,8,House,27502,1.12,Avoid Loan
24,1029295,66241,944830,No,0,540,Expert,Low,4,Business,11,Retirement,19533,0.0,Avoid Loan
32,2332055,142814,2350121,No,0,638,Intermediate,High,0,Salaried,3,Education,51523,0.0,Save
28,1070713,73096,797936,Yes,911481,441,Beginner,Medium,0,Business,12,House,16130,0.85,Avoid Loan
21,2706775,158973,1106492,No,0,507,Beginner,Low,1,Business,9,Education,66591,0.0,Avoid Loan
30,459499,28547,1191731,Yes,636775,665,Intermediate,Medium,1,Business,7,House,9744,1.39,Avoid Loan
30,972192,62894,1782291,No,0,549,Beginner,Low,3,Business,12,Education,18122,0.0,Avoid Loan
50,1154956,17598,412149,Yes,1459521,527,Beginner,High,0,Business,6,Wealth Creation,78648,1.26,Avoid Loan
21,1227366,63131,1544893,Yes,476568,705,Beginner,Medium,3,Salaried,2,Wealth Creation,39149,0.39,Save
45,1268858,28353,589329,Yes,2492115,558,Beginner,High,0,Self-Employed,0,Education,77385,1.96,Avoid Loan
31,1772758,95417,1512237,No,0,651,Beginner,High,4,Salaried,3,Wealth Creation,52312,0.0,Save
48,294901,18477,2045397,No,0,864,Intermediate,Medium,0,Self-Employed,12,Retirement,6098,0.0,Save
23,1403970,101790,930384,Yes,2034332,434,Beginner,High,4,Self-Employed,5,Wealth Creation,15207,1.45,Avoid Loan
37,795034,29124,1584197,No,0,865,Expert,Low,5,Salaried,12,House,37128,0.0,Invest
50,1547311,68279,1103179,Yes,1797557,672,Beginner,Medium,1,Salaried,0,Retirement,60663,1.16,Avoid Loan
39,2797929,102098,2105110,Yes,984155,479,Expert,Medium,5,Business,4,House,131062,0.35,Avoid Loan
39,1556956,111383,2085986,Yes,331189,853,Beginner,Medium,4,Business,3,House,18363,0.21,Save
24,2388711,61856,1492846,Yes,532337,851,Intermediate,Medium,3,Salaried,4,Education,137203,0.22,Save
50,2308609,126404,1735213,Yes,888820,594,Beginner,Low,1,Self-Employed,1,Retirement,65980,0.39,Avoid Loan
38,2672719,38015,2406279,No,0,499,Beginner,Medium,2,Self-Employed,4,Education,184711,0.0,Avoid Loan
40,878894,39486,2031642,Yes,2020549,599,Beginner,High,0,Salaried,3,Retirement,33755,2.3,Avoid Loan
35,2350016,161127,2365173,No,0,695,Expert,Medium,3,Business,5,House,34707,0.0,Save
59,2188775,23034,1636860,No,0,600,Expert,Low,4,Self-Employed,3,Education,159363,0.0,Save
38,1581816,74168,879666,No,0,862,Intermediate,Medium,4,Salaried,10,Wealth Creation,57650,0.0,Invest
45,2938250,103828,489718,Yes,1087662,397,Beginner,Medium,5,Business,1,House,141026,0.37,Avoid Loan
56,2355614,50640,132186,Yes,2464355,666,Beginner,Medium,2,Salaried,3,Wealth Creation,145661,1.05,Avoid Loan
35,1361960,54914,816335,No,0,900,Beginner,High,3,Self-Employed,0,Education,58582,0.0,Save
43,1539346,42146,2382443,No,0,623,Intermediate,High,3,Business,6,House,86132,0.0,Save
51,699477,30071,1362151,No,0,706,Beginner,Medium,2,Self-Employed,4,Wealth Creation,28218,0.0,Save
48,952146,70125,2310160,Yes,1424356,483,Beginner,Low,3,Business,9,Wealth Creation,9220,1.5,Avoid Loan
51,1901299,15403,736476,Yes,1258470,693,Beginner,Medium,1,Salaried,0,Education,143038,0.66,Avoid Loan
41,728482,43204,978920,No,0,431,Beginner,Medium,4,Self-Employed,2,Wealth Creation,17502,0.0,Avoid Loan
35,1226939,74820,892420,No,0,368,Expert,Low,5,Salaried,10,Retirement,27424,0.0,Avoid Loan
49,1895412,70309,1598223,No,0,443,Intermediate,Low,4,Salaried,9,House,87642,0.0,Avoid Loan
40,2081722,146438,1754807,Yes,87534,675,Intermediate,Medium,5,Self-Employed,10,Wealth Creation,27038,0.04,Save
32,2460510,133574,1953305,Yes,2453028,449,Beginner,Medium,2,Business,5,Retirement,71468,1.0,Avoid Loan
41,2097112,54346,387179,Yes,1533224,754,Beginner,High,3,Salaried,7,Education,120413,0.73,Avoid Loan
28,642669,44364,718975,Yes,357436,878,Beginner,Medium,1,Self-Employed,0,House,9191,0.56,Avoid Loan
33,1276955,78587,1458930,No,0,525,Expert,Medium,2,Salaried,3,House,27825,0.0,Avoid Loan
26,1557013,41479,462497,No,0,873,Intermediate,Medium,3,Business,6,Wealth Creation,88272,0.0,Invest
35,2329687,55711,875677,Yes,1129135,506,Intermediate,Low,4,Business,11,House,138429,0.48,Avoid Loan
43,1135039,66349,2348781,No,0,355,Intermediate,Low,4,Self-Employed,10,Retirement,28237,0.0,Avoid Loan
33,1864921,26261,1705520,No,0,809,Beginner,Medium,3,Business,7,House,129149,0.0,Invest
29,1381121,72315,2428695,Yes,2418397,828,Intermediate,Low,4,Self-Employed,2,House,42778,1.75,Avoid Loan
42,2963859,26205,829708,Yes,820133,821,Beginner,Medium,3,Self-Employed,5,Retirement,220783,0.28,Save
56,1802412,129592,1366480,No,0,494,Beginner,High,2,Self-Employed,4,Wealth Creation,20609,0.0,Avoid Loan
43,2367030,132288,1983116,No,0,694,Beginner,Low,1,Salaried,1,Education,64964,0.0,Save
40,415458,30862,1928306,Yes,580046,402,Beginner,High,0,Business,9,Retirement,3759,1.4,Avoid Loan
32,2236864,54582,1740452,No,0,437,Expert,High,4,Self-Employed,3,Wealth Creation,131823,0.0,Avoid Loan
36,2022904,34698,1741108,No,0,512,Expert,High,1,Self-Employed,3,House,133877,0.0,Avoid Loan
35,251047,18174,1040793,No,0,682,Beginner,Medium,5,Salaried,11,House,2746,0.0,Save
59,2307596,51955,1328483,No,0,738,Beginner,Medium,4,Business,11,Retirement,140344,0.0,Invest
53,1477423,82759,881138,No,0,421,Intermediate,Low,3,Business,1,Retirement,40359,0.0,Avoid Loan
43,685989,41571,152068,Yes,565405,689,Beginner,Medium,0,Self-Employed,11,Wealth Creation,15594,0.82,Avoid Loan
51,2200037,26683,1002880,No,0,859,Expert,Medium,1,Business,0,House,156653,0.0,Save
36,717501,36644,1731109,No,0,897,Expert,Low,2,Salaried,12,Wealth Creation,23147,0.0,Save
22,2717683,42578,643527,No,0,365,Beginner,High,4,Self-Employed,7,Retirement,183895,0.0,Avoid Loan
59,2709882,174392,1597857,No,0,714,Beginner,Low,0,Self-Employed,10,Retirement,51431,0.0,Save
33,1951982,63214,1846812,No,0,894,Intermediate,Medium,0,Business,2,Education,99451,0.0,Save
57,389211,22657,290052,No,0,609,Expert,Medium,1,Salaried,3,House,9777,0.0,Save
55,1375385,80144,1218145,Yes,405111,563,Beginner,Medium,4,Salaried,8,Education,34471,0.29,Avoid Loan
32,2731522,129902,2158853,Yes,234255,502,Beginner,Low,3,Self-Employed,12,Wealth Creation,97724,0.09,Avoid Loan
34,2144795,51649,83800,No,0,766,Beginner,Low,1,Self-Employed,0,Education,127083,0.0,Save
50,2187467,152927,2111139,Yes,1030409,481,Expert,Medium,5,Salaried,0,House,29361,0.47,Avoid Loan
24,2623784,54959,2023756,Yes,74529,601,Expert,Low,3,Salaried,7,House,163689,0.03,Save
43,2466822,100346,1808333,No,0,505,Beginner,High,3,Self-Employed,11,Education,105222,0.0,Avoid Loan
22,275020,20090,1479663,Yes,2189901,856,Beginner,Medium,5,Business,2,House,2828,7.96,Avoid Loan
46,1406389,41920,917697,No,0,830,Expert,Medium,0,Salaried,12,Retirement,75279,0.0,Invest
23,831427,22503,1938994,No,0,780,Intermediate,High,5,Salaried,12,Retirement,46782,0.0,Invest
59,2417341,174836,1319507,No,0,428,Intermediate,Low,5,Self-Employed,12,Retirement,26609,0.0,Avoid Loan
45,2759218,81360,2012418,Yes,577367,390,Expert,Medium,2,Business,10,Education,148574,0.21,Avoid Loan
25,2628460,75729,1640873,Yes,439579,733,Beginner,Medium,4,Self-Employed,9,House,143309,0.17,Invest
44,799437,39876,745569,No,0,491,Beginner,Medium,1,Salaried,2,House,26743,0.0,Avoid Loan
24,2938054,217063,873864,Yes,1348600,356,Intermediate,High,5,Salaried,9,House,27774,0.46,Avoid Loan
21,2255024,113886,601623,Yes,799931,386,Intermediate,High,3,Self-Employed,7,Education,74032,0.35,Avoid Loan
60,321582,21940,2055353,Yes,693216,356,Beginner,Medium,3,Self-Employed,4,Retirement,4858,2.16,Avoid Loan
54,554081,33747,1083980,Yes,396906,684,Intermediate,Low,2,Salaried,12,Retirement,12426,0.72,Avoid Loan
49,1169748,21618,368159,No,0,492,Intermediate,High,4,Salaried,12,Retirement,75861,0.0,Avoid Loan
46,2970262,49003,1732949,No,0,439,Beginner,Medium,1,Salaried,1,Education,198518,0.0,Avoid Loan
24,1903578,40537,1455304,Yes,2279767,566,Expert,Medium,5,Self-Employed,3,Education,118094,1.2,Avoid Loan
56,1834058,72956,2198665,Yes,352244,618,Beginner,Low,2,Self-Employed,6,Retirement,79882,0.19,Save
42,438288,32821,2390060,No,0,396,Beginner,Medium,3,Salaried,12,Education,3703,0.0,Avoid Loan
37,1855708,66205,1753740,No,0,685,Expert,High,0,Business,11,House,88437,0.0,Save
28,885329,61849,1389822,Yes,450652,557,Beginner,Medium,0,Salaried,12,House,11928,0.51,Avoid Loan
53,2362110,137264,1797360,No,0,558,Intermediate,Low,5,Salaried,0,Wealth Creation,59578,0.0,Avoid Loan
60,1155196,18984,1549132,No,0,362,Intermediate,Medium,3,Business,6,Retirement,77282,0.0,Avoid Loan
56,2960862,207546,282832,No,0,648,Beginner,Medium,2,Business,5,Wealth Creation,39192,0.0,Save
21,2926409,189757,2219141,Yes,2323787,884,Intermediate,Medium,3,Salaried,6,House,54110,0.79,Avoid Loan
56,2735384,145418,491954,No,0,569,Expert,Medium,2,Self-Employed,8,Education,82530,0.0,Avoid Loan
43,2313901,163153,2042737,No,0,401,Beginner,High,1,Salaried,5,House,29672,0.0,Avoid Loan
51,474261,32100,2222982,Yes,1015644,372,Intermediate,Low,0,Business,5,Education,7421,2.14,Avoid Loan
42,1604253,52068,597648,No,0,514,Beginner,Medium,4,Self-Employed,11,Education,81619,0.0,Avoid Loan
43,1299515,52931,1979270,Yes,1865319,350,Beginner,Medium,4,Business,2,Retirement,55361,1.44,Avoid Loan
41,1648099,88418,1861269,No,0,900,Intermediate,High,2,Business,0,House,48923,0.0,Save
21,2794145,149301,1800595,No,0,762,Intermediate,Medium,3,Self-Employed,11,Retirement,83544,0.0,Invest
53,2690930,187509,154371,Yes,436774,398,Beginner,High,5,Business,10,Retirement,36735,0.16,Avoid Loan
30,2730962,189324,1462110,No,0,664,Intermediate,Medium,5,Business,10,Wealth Creation,38256,0.0,Save
39,2164095,123955,507228,No,0,721,Intermediate,Medium,4,Self-Employed,1,House,56386,0.0,Save
36,538055,19594,1012454,Yes,1826975,477,Expert,High,3,Self-Employed,9,Wealth Creation,25243,3.4,Avoid Loan
29,2968625,158436,1565547,No,0,595,Beginner,High,0,Business,12,Wealth Creation,88949,0.0,Avoid Loan
32,2306454,34371,1904302,No,0,462,Beginner,Medium,4,Salaried,2,Retirement,157833,0.0,Avoid Loan
50,1200922,35209,82588,Yes,1400583,408,Expert,Medium,4,Self-Employed,0,Wealth Creation,64867,1.17,Avoid Loan
59,2191965,58091,1897479,Yes,684255,458,Expert,Low,3,Business,11,Retirement,124572,0.31,Avoid Loan
56,2449203,96888,1423243,No,0,680,Beginner,High,3,Business,7,Education,107212,0.0,Save
45,1587765,53575,483975,No,0,684,Expert,Medium,2,Salaried,4,House,78738,0.0,Save
44,385291,25796,789924,No,0,644,Beginner,Medium,4,Business,1,House,6311,0.0,Save
42,598874,43615,1244279,No,0,405,Expert,Medium,0,Business,1,Education,6291,0.0,Avoid Loan
23,605044,45169,2199277,No,0,620,Beginner,High,5,Business,11,Education,5251,0.0,Save
54,2357527,102874,456129,Yes,1231708,352,Beginner,Low,0,Self-Employed,8,House,93586,0.52,Avoid Loan
28,1149978,48867,1393430,Yes,1053756,380,Beginner,Low,2,Business,6,Wealth Creation,46964,0.92,Avoid Loan
50,629248,19593,1899862,Yes,1465213,872,Expert,High,4,Self-Employed,10,Retirement,32844,2.33,Avoid Loan
53,530233,25585,2274875,Yes,1464006,417,Intermediate,Medium,5,Salaried,0,Wealth Creation,18601,2.76,Avoid Loan
24,1028025,60089,1708013,No,0,621,Intermediate,Low,1,Business,4,Education,25579,0.0,Save
21,1189233,60673,455268,No,0,799,Beginner,Medium,3,Salaried,1,Retirement,38429,0.0,Save
59,2192592,24674,86040,Yes,2089655,394,Beginner,Low,4,Salaried,4,House,158042,0.95,Avoid Loan
30,1861262,133761,449373,Yes,85042,558,Beginner,High,4,Business,3,Retirement,21344,0.05,Avoid Loan
55,1015268,15125,994473,Yes,1047390,665,Beginner,High,0,Salaried,4,Education,69480,1.03,Avoid Loan
40,1695088,19248,325748,Yes,1046962,719,Beginner,Low,3,Business,11,Wealth Creation,122009,0.62,Avoid Loan
22,2018142,83567,2191978,Yes,2034203,460,Expert,Low,1,Business,8,House,84611,1.01,Avoid Loan
58,2272658,69893,1441450,Yes,88293,719,Beginner,Low,3,Salaried,11,Retirement,119495,0.04,Save
31,1562940,115121,1514707,Yes,1725815,559,Expert,Low,2,Salaried,4,Education,15124,1.1,Avoid Loan
46,1790870,132816,2086243,No,0,438,Beginner,Low,4,Salaried,4,House,16423,0.0,Avoid Loan
41,2506668,78920,1030054,No,0,510,Intermediate,Medium,3,Salaried,7,Wealth Creation,129969,0.0,Avoid Loan
47,366594,22488,931926,No,0,898,Intermediate,Medium,0,Self-Employed,4,Retirement,8061,0.0,Save
34,2756836,196532,2008405,No,0,878,Expert,Medium,3,Business,4,Retirement,33204,0.0,Save
35,2900727,173681,1103924,Yes,1960984,768,Beginner,High,0,Business,0,Wealth Creation,68046,0.68,Avoid Loan
48,2596660,35049,2114738,Yes,393523,819,Beginner,Low,5,Self-Employed,11,Wealth Creation,181339,0.15,Invest
48,670969,20396,2407388,No,0,599,Expert,Low,4,Self-Employed,3,Education,35518,0.0,Avoid Loan
52,2516111,142484,515517,Yes,623463,420,Beginner,Medium,3,Self-Employed,1,Retirement,67191,0.25,Avoid Loan
44,731548,53662,218138,No,0,641,Intermediate,High,5,Salaried,10,House,7300,0.0,Save
41,2858035,132786,2404698,No,0,836,Intermediate,High,3,Self-Employed,0,Retirement,105383,0.0,Save
33,2406402,97809,1138214,Yes,1320195,532,Beginner,Medium,3,Salaried,8,Wealth Creation,102724,0.55,Avoid Loan
32,583389,32602,623315,Yes,1431983,745,Expert,Low,2,Salaried,10,Wealth Creation,16013,2.45,Avoid Loan
37,2831011,49005,1683020,Yes,2095496,723,Beginner,Medium,0,Self-Employed,5,House,186912,0.74,Avoid Loan
46,848315,53602,759507,No,0,467,Beginner,Low,0,Business,10,Wealth Creation,17090,0.0,Avoid Loan
28,1012453,26028,344620,Yes,1674862,682,Intermediate,Low,0,Salaried,8,Retirement,58343,1.65,Avoid Loan
55,1455368,73514,1996027,Yes,1643568,397,Intermediate,Medium,1,Self-Employed,3,Education,47766,1.13,Avoid Loan
31,1773897,34869,2408602,No,0,499,Beginner,Medium,1,Self-Employed,9,Wealth Creation,112955,0.0,Avoid Loan
31,719897,41301,2280330,Yes,2018948,734,Intermediate,Medium,0,Business,0,Retirement,18690,2.8,Avoid Loan
48,1938528,76401,1245530,No,0,890,Intermediate,Low,4,Salaried,11,House,85143,0.0,Invest
38,2953379,158697,2382957,No,0,755,Beginner,High,4,Self-Employed,6,House,87417,0.0,Invest
45,2772181,134149,1923088,Yes,758811,561,Beginner,High,2,Self-Employed,1,House,96866,0.27,Avoid Loan
59,1086295,39427,144132,No,0,782,Beginner,Medium,2,Salaried,5,House,51097,0.0,Save
52,2238410,129755,2389425,No,0,762,Expert,Low,0,Salaried,5,Retirement,56779,0.0,Save
45,624552,34430,799494,No,0,604,Intermediate,Medium,1,Self-Employed,6,House,17616,0.0,Save
51,2279999,91858,1636610,No,0,748,Beginner,Medium,2,Salaried,7,Wealth Creation,98141,0.0,Invest
37,1971905,121974,611408,No,0,370,Intermediate,Medium,4,Self-Employed,10,Wealth Creation,42351,0.0,Avoid Loan
45,2541869,160021,2268595,Yes,442674,700,Intermediate,High,2,Business,3,Wealth Creation,51801,0.17,Save
57,981841,51824,493515,Yes,1301619,550,Expert,Medium,2,Salaried,9,Wealth Creation,29996,1.33,Avoid Loan
40,277723,19534,2219724,Yes,363294,354,Intermediate,Low,5,Business,4,House,3609,1.31,Avoid Loan
43,421856,30332,640114,Yes,416495,765,Beginner,Low,0,Business,10,Education,4822,0.99,Avoid Loan
31,857449,47148,1801613,Yes,2130048,610,Beginner,High,2,Self-Employed,6,House,24306,2.48,Avoid Loan
57,2282809,166731,1413676,No,0,406,Expert,Medium,4,Salaried,4,House,23503,0.0,Avoid Loan
24,2272747,82769,1380268,No,0,440,Intermediate,High,4,Self-Employed,12,Retirement,106626,0.0,Avoid Loan
25,956677,53310,1995311,Yes,1246889,676,Intermediate,High,2,Salaried,4,Retirement,26413,1.3,Avoid Loan
58,2448414,85909,125157,Yes,1368013,414,Intermediate,Low,1,Business,8,House,118125,0.56,Avoid Loan
52,990522,16589,841032,Yes,625883,663,Intermediate,Low,0,Salaried,8,Retirement,65954,0.63,Avoid Loan
36,1165692,80020,880367,Yes,1556818,833,Beginner,Low,4,Salaried,8,Wealth Creation,17121,1.34,Avoid Loan
47,2530730,158236,2369683,No,0,406,Beginner,Medium,5,Self-Employed,6,Education,52658,0.0,Avoid Loan
46,1336866,95132,883929,No,0,447,Intermediate,Medium,1,Business,4,House,16273,0.0,Avoid Loan
47,1399447,25186,538535,No,0,862,Expert,Low,2,Self-Employed,10,Education,91434,0.0,Invest
25,1191086,60132,1117181,Yes,2082071,493,Expert,High,1,Business,12,Wealth Creation,39125,1.75,Avoid Loan
32,718251,24585,1505085,No,0,455,Expert,Low,2,Self-Employed,9,Retirement,35269,0.0,Avoid Loan
40,2148800,21493,898227,No,0,765,Beginner,Medium,0,Business,11,House,157573,0.0,Invest
55,1763212,59945,1323184,No,0,544,Intermediate,Medium,3,Salaried,9,Wealth Creation,86989,0.0,Avoid Loan
32,302776,21895,1868356,No,0,896,Expert,Low,4,Business,4,Education,3336,0.0,Save
59,809716,30690,268467,No,0,369,Expert,Medium,1,Self-Employed,12,Wealth Creation,36786,0.0,Avoid Loan
29,594560,27487,374594,No,0,655,Intermediate,Medium,5,Salaried,9,House,22059,0.0,Save
56,1700039,125881,1354716,No,0,797,Intermediate,Medium,4,Self-Employed,1,House,15788,0.0,Save
57,2015738,102539,2102623,No,0,423,Expert,High,2,Business,9,Retirement,65439,0.0,Avoid Loan
48,1736544,39665,2415656,Yes,671583,437,Expert,Low,3,Business,5,House,105047,0.39,Avoid Loan
58,1065352,16348,1562900,No,0,722,Beginner,Low,3,Salaried,6,Wealth Creation,72431,0.0,Invest
41,1777666,37174,2090944,No,0,820,Beginner,Low,5,Self-Employed,12,Education,110964,0.0,Invest
33,2709530,178343,2047341,No,0,668,Beginner,Low,2,Business,5,Wealth Creation,47451,0.0,Save
39,2399862,53069,60665,Yes,1377146,598,Beginner,Medium,3,Salaried,7,Retirement,146919,0.57,Avoid Loan
47,1124298,82097,2406096,Yes,1697797,867,Intermediate,Low,4,Self-Employed,0,Retirement,11594,1.51,Avoid Loan
42,2621246,51257,2025317,Yes,908723,850,Intermediate,Medium,1,Salaried,1,Wealth Creation,167180,0.35,Save
21,732651,41986,2445088,Yes,976745,805,Intermediate,Medium,4,Self-Employed,6,Education,19068,1.33,Avoid Loan
52,608821,35342,1202613,No,0,784,Beginner,Low,1,Self-Employed,5,Retirement,15393,0.0,Save
51,2403115,28382,414775,Yes,146290,765,Beginner,Medium,0,Salaried,7,House,171877,0.06,Invest
45,2877869,176617,199937,Yes,2233502,507,Beginner,Low,1,Salaried,12,Education,63205,0.78,Avoid Loan
46,2105435,93559,474921,Yes,747731,384,Beginner,Low,0,Business,9,House,81893,0.36,Avoid Loan
26,930399,69010,2188908,Yes,1509348,858,Intermediate,Low,3,Business,9,Wealth Creation,8523,1.62,Avoid Loan
54,1103502,67999,127172,Yes,963773,773,Beginner,High,2,Business,4,Wealth Creation,23959,0.87,Avoid Loan
50,641614,43837,365349,No,0,402,Intermediate,Medium,5,Self-Employed,1,Retirement,9630,0.0,Avoid Loan
31,2935969,185288,2430122,No,0,729,Intermediate,High,3,Self-Employed,8,House,59376,0.0,Invest
40,2644907,20374,1709094,Yes,2451153,806,Beginner,Medium,0,Salaried,7,Education,200034,0.93,Avoid Loan
44,1965071,86935,1547542,No,0,455,Intermediate,Low,3,Salaried,8,Retirement,76820,0.0,Avoid Loan
43,2024845,102322,67105,No,0,852,Expert,High,3,Salaried,9,House,66415,0.0,Save
46,2826814,122512,2472401,Yes,1444743,753,Intermediate,Medium,4,Self-Employed,11,Retirement,113055,0.51,Avoid Loan
28,1387993,71945,1615632,Yes,881131,814,Expert,Medium,1,Self-Employed,8,Education,43721,0.63,Avoid Loan
52,1374064,67921,233433,No,0,385,Expert,Low,4,Salaried,1,House,46584,0.0,Avoid Loan
36,2222350,101818,2378828,Yes,1751105,675,Intermediate,High,4,Salaried,7,Retirement,83377,0.79,Avoid Loan
35,419493,19814,887083,No,0,375,Beginner,High,3,Self-Employed,2,House,15143,0.0,Avoid Loan
23,1181052,44379,633733,No,0,575,Beginner,Low,2,Self-Employed,0,House,54042,0.0,Avoid Loan
37,2320491,15184,2302986,No,0,812,Beginner,Medium,3,Business,11,Wealth Creation,178190,0.0,Invest
30,273051,15199,1518915,Yes,1005837,360,Beginner,Medium,1,Business,3,House,7555,3.68,Avoid Loan
44,2027897,60193,2235286,Yes,1929876,644,Beginner,Low,1,Business,1,House,108798,0.95,Avoid Loan
53,1696921,90550,864402,No,0,665,Beginner,Medium,5,Salaried,6,Wealth Creation,50860,0.0,Save
34,2151203,157009,1720009,No,0,354,Beginner,Medium,0,Salaried,9,House,22257,0.0,Avoid Loan
38,923864,23687,2135893,No,0,391,Beginner,High,1,Salaried,10,House,53301,0.0,Avoid Loan
31,904190,49598,1836095,Yes,2484359,537,Intermediate,High,5,Business,5,Education,25751,2.75,Avoid Loan
42,1301215,38007,1029887,Yes,221753,684,Intermediate,High,4,Salaried,9,Wealth Creation,70427,0.17,Save
46,2339978,59404,680853,Yes,289139,818,Beginner,High,0,Business,8,House,135594,0.12,Invest
28,1678053,15861,322943,No,0,523,Expert,Medium,1,Self-Employed,12,Retirement,123976,0.0,Avoid Loan
32,676843,35896,990343,No,0,463,Expert,Medium,2,Business,10,Wealth Creation,20507,0.0,Avoid Loan
29,2916065,57155,295339,Yes,1109668,490,Intermediate,High,4,Self-Employed,11,House,185850,0.38,Avoid Loan
49,2550844,177526,402129,Yes,1890338,741,Expert,High,1,Self-Employed,11,Wealth Creation,35044,0.74,Avoid Loan
34,254954,17578,2067726,No,0,444,Intermediate,Medium,3,Self-Employed,5,House,3668,0.0,Avoid Loan
57,1212111,89799,1365704,No,0,816,Expert,Medium,1,Business,7,Education,11210,0.0,Save
22,2709331,31973,2326577,No,0,370,Beginner,Medium,1,Business,1,Retirement,193804,0.0,Avoid Loan
59,989338,36568,155506,Yes,555657,753,Beginner,Low,2,Self-Employed,8,Wealth Creation,45876,0.56,Avoid Loan
52,2002242,80616,173159,Yes,1473177,739,Beginner,Medium,0,Self-Employed,2,Wealth Creation,86237,0.74,Avoid Loan
53,2921779,51827,798178,No,0,668,Intermediate,Medium,2,Business,10,Wealth Creation,191654,0.0,Save
32,853708,44242,2007354,Yes,412414,611,Intermediate,Low,2,Salaried,2,Retirement,26900,0.48,Avoid Loan
60,2421878,101468,1167911,No,0,458,Beginner,Low,3,Salaried,9,Wealth Creation,100355,0.0,Avoid Loan
27,1976808,128116,2421704,No,0,446,Beginner,Low,2,Self-Employed,6,House,36618,0.0,Avoid Loan
43,2532999,150710,1728521,Yes,2318226,708,Intermediate,High,1,Salaried,12,Wealth Creation,60373,0.92,Avoid Loan
26,1224349,66970,1610948,Yes,1586086,727,Expert,Low,0,Salaried,9,Wealth Creation,35059,1.3,Avoid Loan
36,2759524,79561,514987,No,0,552,Intermediate,Low,3,Self-Employed,3,Education,150399,0.0,Avoid Loan
40,1332748,47271,2248454,Yes,762521,608,Beginner,Medium,4,Self-Employed,8,Education,63791,0.57,Avoid Loan
44,1089970,15916,2297502,No,0,527,Beginner,Low,1,Salaried,12,Education,74914,0.0,Avoid Loan
27,2553855,29739,240540,Yes,1963779,867,Intermediate,Medium,4,Salaried,3,Education,183082,0.77,Avoid Loan
35,1971407,47255,1048568,No,0,674,Beginner,Low,3,Self-Employed,0,House,117028,0.0,Save
34,2931971,219700,743477,Yes,817213,580,Beginner,High,2,Business,5,Retirement,24630,0.28,Avoid Loan
50,2023424,113463,2336688,Yes,2408565,815,Intermediate,Low,3,Business,11,Education,55155,1.19,Avoid Loan
41,770101,27011,51707,Yes,1884289,527,Expert,Medium,5,Business,9,House,37164,2.45,Avoid Loan
23,264688,16645,1676135,Yes,472924,587,Beginner,Low,0,Business,3,Wealth Creation,5412,1.79,Avoid Loan
28,1700698,57203,1029075,Yes,840340,491,Beginner,High,4,Business,0,Retirement,84521,0.49,Avoid Loan
34,982813,26672,1895855,Yes,844127,790,Beginner,Low,3,Self-Employed,11,Retirement,55229,0.86,Avoid Loan
42,2073266,152646,766232,Yes,2212887,501,Intermediate,Low,1,Salaried,5,Education,20126,1.07,Avoid Loan
57,522246,18783,1819281,No,0,567,Intermediate,Low,0,Self-Employed,5,Retirement,24737,0.0,Avoid Loan
41,2195414,54960,607048,Yes,1916281,711,Beginner,Medium,1,Business,2,House,127991,0.87,Avoid Loan
41,2484486,106415,796269,No,0,533,Beginner,Low,2,Salaried,6,House,100625,0.0,Avoid Loan
32,654033,24137,2164826,No,0,396,Beginner,Low,3,Business,4,House,30365,0.0,Avoid Loan
40,2346796,166615,443205,Yes,104664,763,Expert,High,2,Self-Employed,1,House,28951,0.04,Save
24,626994,39745,2149772,Yes,569167,401,Beginner,Low,3,Self-Employed,2,Wealth Creation,12504,0.91,Avoid Loan
58,2686166,119705,1825638,Yes,941439,498,Intermediate,Medium,3,Business,1,Wealth Creation,104142,0.35,Avoid Loan
23,307194,16683,1440995,No,0,672,Beginner,Medium,0,Business,9,House,8916,0.0,Save
44,2590561,31391,526399,Yes,957110,598,Intermediate,Medium,5,Self-Employed,0,Wealth Creation,184489,0.37,Avoid Loan
39,519212,15729,2213271,No,0,828,Intermediate,Medium,5,Business,2,Education,27538,0.0,Save
50,2667585,114303,1781638,Yes,1726008,576,Intermediate,High,5,Self-Employed,12,Retirement,107995,0.65,Avoid Loan
29,1813740,26040,1165552,Yes,348499,704,Beginner,Medium,3,Salaried,2,House,125105,0.19,Save
42,1057746,59533,1870918,No,0,549,Expert,Medium,1,Salaried,0,Wealth Creation,28612,0.0,Avoid Loan
41,510499,24779,552048,Yes,1652795,581,Beginner,High,0,Self-Employed,9,Wealth Creation,17762,3.24,Avoid Loan
51,935992,40066,93729,No,0,399,Expert,Medium,0,Self-Employed,1,House,37933,0.0,Avoid Loan
40,749121,26820,1583926,Yes,1732922,683,Expert,Low,3,Business,10,Retirement,35606,2.31,Avoid Loan
58,824804,30965,1530235,No,0,571,Expert,Medium,4,Self-Employed,10,Retirement,37768,0.0,Avoid Loan
35,550114,34012,330538,Yes,1992936,720,Intermediate,Low,5,Salaried,12,Education,11830,3.62,Avoid Loan
37,1800255,58428,1370263,No,0,801,Beginner,High,3,Business,12,Education,91593,0.0,Invest
28,1686704,73456,1629224,Yes,1729643,540,Beginner,Low,1,Salaried,9,Wealth Creation,67102,1.03,Avoid Loan
21,1918678,37390,235133,No,0,434,Beginner,Medium,0,Business,9,Education,122499,0.0,Avoid Loan
40,1656973,35064,2048797,No,0,421,Beginner,Medium,3,Salaried,3,Education,103017,0.0,Avoid Loan
52,1850379,67472,1292882,Yes,1840694,563,Beginner,Low,0,Salaried,0,Education,86726,0.99,Avoid Loan
26,2057927,73858,549360,Yes,269877,612,Intermediate,High,5,Business,7,Education,97635,0.13,Save
41,519565,36838,2124321,Yes,1734231,717,Beginner,Low,2,Self-Employed,2,House,6459,3.34,Avoid Loan
21,623443,25252,412467,Yes,819724,811,Beginner,Low,4,Salaried,8,Education,26701,1.31,Avoid Loan
58,1569748,104502,1061093,No,0,465,Expert,Low,4,Business,1,Wealth Creation,26310,0.0,Avoid Loan
29,2775536,134072,2247060,Yes,1671111,823,Beginner,Low,5,Business,12,Retirement,97222,0.6,Avoid Loan
23,564200,35455,390895,No,0,822,Beginner,Low,4,Salaried,0,Education,11561,0.0,Save
27,1666291,57864,2017983,No,0,779,Expert,High,4,Business,6,Education,80993,0.0,Invest
37,2523190,25625,916833,No,0,688,Intermediate,High,5,Business,0,House,184640,0.0,Save
31,811050,49785,1463326,Yes,1263956,892,Beginner,Medium,2,Business,2,Education,17802,1.56,Avoid Loan
58,1838452,53293,1442764,Yes,769350,551,Beginner,Medium,5,Salaried,10,Wealth Creation,99911,0.42,Avoid Loan
22,2708126,163527,715599,Yes,713470,398,Expert,Medium,2,Self-Employed,7,Education,62150,0.26,Avoid Loan
28,347077,24714,2020114,Yes,1842240,827,Beginner,Low,4,Business,12,House,4209,5.31,Avoid Loan
50,1285385,17260,1725720,Yes,1101756,715,Intermediate,Medium,0,Self-Employed,4,Wealth Creation,89855,0.86,Avoid Loan
22,2542344,182690,591276,No,0,575,Intermediate,Medium,5,Self-Employed,1,House,29172,0.0,Avoid Loan
37,1648971,31910,890986,No,0,673,Intermediate,Medium,2,Business,2,Education,105504,0.0,Save
39,2439374,90231,909488,No,0,478,Intermediate,High,5,Business,4,Education,113050,0.0,Avoid Loan
30,2126362,144046,1035909,Yes,1862289,872,Expert,Medium,5,Business,2,Education,33150,0.88,Avoid Loan
34,753688,22396,1730103,Yes,1887071,361,Beginner,Low,2,Business,10,Retirement,40411,2.5,Avoid Loan
30,298739,17659,2363634,Yes,1370632,425,Beginner,Low,1,Self-Employed,3,Wealth Creation,7235,4.59,Avoid Loan
60,1927892,102246,1711141,No,0,419,Beginner,Low,3,Self-Employed,8,Retirement,58411,0.0,Avoid Loan
34,1751819,90707,1899371,No,0,790,Intermediate,Low,5,Salaried,8,Wealth Creation,55277,0.0,Invest
31,1429633,31691,647644,Yes,1399309,546,Intermediate,High,4,Business,6,Wealth Creation,87445,0.98,Avoid Loan
25,1493631,23106,1274925,No,0,687,Intermediate,High,0,Salaried,1,House,101363,0.0,Save
47,1426433,52077,1810836,Yes,1241257,645,Intermediate,Low,3,Self-Employed,4,House,66792,0.87,Avoid Loan
56,1794584,92117,1992602,No,0,764,Expert,Low,3,Salaried,11,House,57431,0.0,Invest
58,1254980,17852,1211070,No,0,366,Expert,Low,1,Salaried,7,Education,86729,0.0,Avoid Loan
26,386294,19916,2303752,No,0,592,Beginner,Low,0,Salaried,11,Retirement,12275,0.0,Avoid Loan
30,2791149,27606,1954142,No,0,692,Beginner,Low,4,Self-Employed,8,Retirement,204989,0.0,Save
31,2494652,114716,1571598,No,0,746,Beginner,Medium,4,Self-Employed,0,Retirement,93171,0.0,Save
31,309810,15198,997011,No,0,522,Beginner,High,1,Self-Employed,7,Retirement,10619,0.0,Avoid Loan
34,2826234,80397,2345935,Yes,1316976,773,Intermediate,Low,2,Business,5,House,155122,0.47,Avoid Loan
51,2959369,84600,2394210,No,0,689,Expert,Medium,3,Business,3,Retirement,162014,0.0,Save
28,2879278,110216,2382593,Yes,1047263,733,Beginner,High,4,Business,3,House,129723,0.36,Save
25,268799,16868,1990520,No,0,432,Intermediate,Low,3,Self-Employed,4,Retirement,5531,0.0,Avoid Loan
35,532911,22023,611286,No,0,659,Beginner,Medium,5,Salaried,0,House,22386,0.0,Save
44,2114874,21417,1816444,No,0,667,Beginner,High,0,Business,2,House,154822,0.0,Save
43,1620940,37051,866461,No,0,461,Intermediate,Medium,1,Salaried,2,House,98027,0.0,Avoid Loan
32,693387,15328,1068963,Yes,2184289,523,Beginner,High,2,Self-Employed,3,Retirement,42454,3.15,Avoid Loan
59,1067803,37440,254796,Yes,1027487,658,Intermediate,Low,2,Salaried,9,House,51543,0.96,Avoid Loan
24,544015,31658,1230075,No,0,734,Expert,Medium,5,Self-Employed,10,House,13676,0.0,Save
45,283214,16655,995960,No,0,642,Intermediate,Low,2,Self-Employed,12,Education,6946,0.0,Save
46,1483433,77760,1326844,Yes,702891,452,Beginner,Medium,5,Salaried,9,Wealth Creation,45859,0.47,Avoid Loan
37,1867639,48642,1255181,No,0,671,Expert,Medium,1,Salaried,5,Education,106994,0.0,Save
55,2094853,62954,2140153,Yes,359664,415,Beginner,Medium,0,Self-Employed,5,Retirement,111617,0.17,Avoid Loan
49,2009160,75399,1086364,Yes,2072808,352,Beginner,High,0,Self-Employed,8,Retirement,92031,1.03,Avoid Loan
48,2744500,124916,123160,No,0,804,Beginner,Medium,0,Self-Employed,1,Education,103792,0.0,Save
46,900765,16760,654100,Yes,1142559,822,Beginner,Medium,3,Business,10,House,58303,1.27,Avoid Loan
23,337458,18285,689287,Yes,319032,399,Intermediate,Medium,5,Salaried,1,House,9836,0.95,Avoid Loan
53,1546968,60650,312926,Yes,1424893,832,Beginner,Medium,2,Salaried,2,Education,68264,0.92,Avoid Loan
29,2658591,110372,391307,Yes,938453,562,Beginner,Low,2,Business,7,Education,111177,0.35,Avoid Loan
33,1069126,58105,1499181,Yes,1631304,593,Beginner,Low,1,Business,12,Wealth Creation,30988,1.53,Avoid Loan
43,1558091,47179,214464,No,0,369,Expert,Medium,2,Business,7,Education,82661,0.0,Avoid Loan
32,2880904,102246,1155762,Yes,2042743,770,Expert,High,3,Salaried,4,Education,137829,0.71,Avoid Loan
32,2203516,23947,1388612,Yes,2079155,770,Intermediate,Low,3,Salaried,9,Education,159679,0.94,Avoid Loan
56,1881395,136229,1758684,No,0,721,Intermediate,High,3,Business,9,Retirement,20553,0.0,Save
26,421464,17916,1355677,Yes,2055727,738,Expert,High,3,Self-Employed,3,Wealth Creation,17206,4.88,Avoid Loan
43,2216392,68699,211191,No,0,377,Expert,Medium,2,Business,0,Wealth Creation,116000,0.0,Avoid Loan
56,2318470,86316,952910,No,0,864,Expert,High,1,Salaried,10,Wealth Creation,106889,0.0,Invest
39,375853,20369,1640756,Yes,661126,371,Beginner,Low,4,Business,4,Wealth Creation,10952,1.76,Avoid Loan
22,2560643,100158,2013021,Yes,2157639,447,Beginner,Low,3,Business,7,House,113228,0.84,Avoid Loan
44,1153815,83949,868927,Yes,1140150,579,Expert,Medium,1,Salaried,6,Retirement,12202,0.99,Avoid Loan
45,1597020,31991,875869,No,0,788,Intermediate,Medium,1,Business,7,Education,101094,0.0,Invest
57,1416362,16787,2054051,No,0,820,Beginner,High,3,Business,6,Wealth Creation,101243,0.0,Invest
39,1985305,112069,259272,Yes,1515611,895,Beginner,Medium,1,Self-Employed,5,Retirement,53373,0.76,Avoid Loan
46,1018945,31174,1176575,Yes,1371727,396,Intermediate,High,5,Salaried,4,Retirement,53738,1.35,Avoid Loan
55,828263,38106,857569,No,0,578,Beginner,Medium,1,Self-Employed,1,Retirement,30915,0.0,Avoid Loan
48,2375827,154061,2353767,No,0,643,Beginner,Low,5,Self-Employed,5,Wealth Creation,43924,0.0,Save
25,1789513,120557,2142888,No,0,362,Beginner,High,3,Business,1,Wealth Creation,28569,0.0,Avoid Loan
25,2697857,78274,2365560,No,0,693,Intermediate,Medium,3,Self-Employed,6,Retirement,146547,0.0,Save
28,839947,44896,1849404,Yes,2034822,860,Beginner,Low,5,Self-Employed,4,House,25099,2.42,Avoid Loan
56,1184693,20015,916559,No,0,891,Beginner,Medium,3,Salaried,1,House,78709,0.0,Save
31,1988629,139846,70039,Yes,2441188,840,Expert,High,0,Self-Employed,4,Wealth Creation,25873,1.23,Avoid Loan
54,2453896,73132,1807592,Yes,650488,753,Beginner,Low,4,Salaried,4,Wealth Creation,131359,0.27,Save
53,1511980,53589,1918252,Yes,1346155,413,Intermediate,High,5,Business,10,Wealth Creation,72409,0.89,Avoid Loan
40,1482693,53619,2460058,Yes,1736275,726,Beginner,High,1,Self-Employed,1,Wealth Creation,69938,1.17,Avoid Loan
50,2256985,72632,1083781,No,0,753,Beginner,Low,4,Business,6,House,115450,0.0,Invest
43,335246,17119,2380213,No,0,637,Intermediate,High,1,Self-Employed,12,Education,10818,0.0,Save
46,1270482,62891,249234,No,0,486,Beginner,Low,1,Salaried,11,Wealth Creation,42982,0.0,Avoid Loan
37,1243615,62296,1112868,Yes,279115,869,Intermediate,Medium,1,Salaried,2,Wealth Creation,41338,0.22,Save
21,1030989,61085,577024,Yes,1917074,717,Beginner,Medium,0,Business,7,Education,24830,1.86,Avoid Loan
38,1135530,16473,2247979,Yes,989203,629,Intermediate,High,5,Business,10,Wealth Creation,78154,0.87,Avoid Loan
56,1014462,52189,1657602,Yes,282232,646,Intermediate,Medium,5,Self-Employed,8,House,32349,0.28,Save
48,2267055,25998,1334577,No,0,772,Intermediate,High,0,Business,3,Wealth Creation,162923,0.0,Save
56,368343,23477,1262848,No,0,734,Beginner,Low,4,Salaried,3,Wealth Creation,7218,0.0,Save
56,428095,22530,394249,No,0,888,Beginner,Medium,0,Business,7,Retirement,13144,0.0,Save
53,1217143,66256,2241802,No,0,894,Beginner,Medium,3,Salaried,0,Retirement,35172,0.0,Save
37,2709374,149324,1412983,Yes,2137337,813,Intermediate,Low,3,Business,2,Wealth Creation,76457,0.79,Avoid Loan
35,1488479,46480,221822,No,0,449,Expert,Medium,0,Self-Employed,7,House,77559,0.0,Avoid Loan
58,627341,35978,1418891,No,0,664,Expert,Medium,2,Salaried,5,Retirement,16300,0.0,Save
21,2843903,24122,2201042,No,0,589,Beginner,Medium,5,Self-Employed,6,House,212869,0.0,Avoid Loan
52,450918,28569,268180,No,0,432,Expert,Low,3,Salaried,10,Education,9007,0.0,Avoid Loan
46,2448253,156809,1641561,No,0,841,Intermediate,Medium,3,Business,6,House,47212,0.0,Invest
41,1405599,62469,1159781,Yes,1976596,654,Expert,Medium,2,Self-Employed,0,House,54664,1.41,Avoid Loan
34,2676505,112098,1886713,Yes,718510,670,Intermediate,Low,4,Self-Employed,10,Wealth Creation,110944,0.27,Save
27,1231130,48204,1172664,No,0,391,Intermediate,Medium,0,Salaried,1,Wealth Creation,54390,0.0,Avoid Loan
53,1786591,114585,1493380,Yes,1403794,746,Intermediate,Medium,2,Business,5,House,34297,0.79,Avoid Loan
45,1893065,72354,2324527,No,0,793,Expert,Medium,2,Self-Employed,3,Retirement,85401,0.0,Save
41,994283,47843,1550358,No,0,598,Beginner,Low,2,Business,0,Wealth Creation,35013,0.0,Avoid Loan
59,2528624,99995,238941,No,0,840,Beginner,Medium,5,Business,6,Education,110723,0.0,Save
48,667297,19819,2468804,No,0,825,Beginner,High,5,Self-Employed,1,Wealth Creation,35789,0.0,Save
40,1884115,84135,1162012,Yes,282195,810,Intermediate,Medium,5,Self-Employed,2,Education,72874,0.15,Save
58,734089,15117,1864729,Yes,1963127,787,Intermediate,High,1,Self-Employed,8,Retirement,46057,2.67,Avoid Loan
56,2584736,24544,1749199,No,0,432,Intermediate,Low,3,Self-Employed,8,Education,190850,0.0,Avoid Loan
48,2543823,186901,2430031,Yes,1335657,625,Intermediate,Medium,4,Salaried,5,House,25084,0.53,Avoid Loan
50,1676632,89398,38398,No,0,675,Beginner,Medium,4,Salaried,9,House,50321,0.0,Avoid Loan
58,1694892,83408,269324,No,0,552,Beginner,Medium,3,Salaried,1,Retirement,57833,0.0,Avoid Loan
56,829388,51039,2167422,No,0,754,Beginner,Low,5,Business,12,Education,18076,0.0,Save
38,2257990,72281,1614945,No,0,714,Beginner,Medium,0,Self-Employed,12,Education,115884,0.0,Save
36,958205,34498,616757,No,0,354,Intermediate,High,2,Self-Employed,4,Wealth Creation,45352,0.0,Avoid Loan
39,2167798,85855,2020579,Yes,2304375,560,Expert,Medium,0,Business,10,House,94794,1.06,Avoid Loan
25,2051355,83609,2417236,No,0,707,Beginner,High,0,Business,5,House,87337,0.0,Save
23,2142887,143814,233724,No,0,396,Intermediate,Medium,3,Business,9,Education,34759,0.0,Avoid Loan
36,334588,23573,854830,Yes,2411565,468,Beginner,Medium,0,Business,9,Retirement,4309,7.21,Avoid Loan
48,1017161,52211,2095909,No,0,541,Intermediate,Medium,2,Self-Employed,12,Retirement,32552,0.0,Avoid Loan
44,1495150,82453,235826,Yes,2155595,462,Intermediate,Medium,2,Salaried,6,Retirement,42142,1.44,Avoid Loan
31,2857514,191611,1785353,No,0,732,Intermediate,Medium,2,Business,4,Education,46515,0.0,Save
35,2400233,151381,1839654,No,0,728,Beginner,Low,3,Self-Employed,6,House,48638,0.0,Invest
37,2300114,144355,897426,Yes,381329,746,Beginner,Medium,5,Salaried,0,House,47321,0.17,Save
56,1517095,41834,2207664,No,0,764,Intermediate,High,4,Self-Employed,12,Retirement,84590,0.0,Invest
59,1266290,76757,1421766,Yes,666602,880,Intermediate,High,5,Salaried,1,House,28767,0.53,Avoid Loan
57,624022,40895,885301,Yes,1600513,469,Beginner,Low,2,Self-Employed,3,Education,11106,2.56,Avoid Loan
28,1146457,42066,1147103,Yes,1603448,713,Beginner,Medium,4,Self-Employed,1,Retirement,53472,1.4,Avoid Loan
55,464113,32058,1916772,No,0,405,Beginner,Low,4,Self-Employed,0,Retirement,6618,0.0,Avoid Loan
32,1247789,17104,1692985,Yes,1190016,650,Intermediate,Medium,5,Business,7,Retirement,86878,0.95,Avoid Loan
42,2711359,153401,1822828,Yes,545240,523,Expert,Medium,3,Business,12,Education,72545,0.2,Avoid Loan
57,1645891,31915,940404,No,0,439,Expert,Low,2,Self-Employed,1,Retirement,105242,0.0,Avoid Loan
28,882537,54926,2409555,No,0,850,Beginner,Low,0,Salaried,12,Retirement,18618,0.0,Save
42,2993971,124807,1973506,Yes,1833031,624,Intermediate,Medium,3,Self-Employed,12,House,124690,0.61,Avoid Loan
53,1635847,33708,2267050,Yes,2488071,524,Beginner,Medium,3,Business,6,Wealth Creation,102612,1.52,Avoid Loan
46,1314570,29776,184085,No,0,755,Intermediate,Low,5,Business,3,Retirement,79771,0.0,Save
50,1565917,93387,413961,Yes,1448957,900,Beginner,Low,2,Salaried,2,Retirement,37106,0.93,Avoid Loan
28,2789978,111685,1658597,No,0,539,Expert,Low,0,Self-Employed,1,Wealth Creation,120813,0.0,Avoid Loan
37,2989199,58447,631059,No,0,712,Beginner,Low,0,Salaried,5,Education,190652,0.0,Save
48,303737,16005,578043,Yes,2239958,488,Intermediate,Medium,4,Salaried,4,House,9306,7.37,Avoid Loan
34,793340,34803,509493,Yes,2335664,647,Intermediate,Low,1,Salaried,6,House,31308,2.94,Avoid Loan
22,865155,25641,2412521,Yes,1767935,410,Beginner,High,0,Salaried,12,Education,46455,2.04,Avoid Loan
29,2939189,41320,1203467,No,0,555,Beginner,Low,1,Business,1,House,203612,0.0,Avoid Loan
54,1992232,85528,1461311,Yes,1192049,858,Beginner,Low,5,Self-Employed,12,House,80491,0.6,Avoid Loan
59,876287,49584,1136441,Yes,2238324,559,Intermediate,Low,1,Self-Employed,11,Wealth Creation,23439,2.55,Avoid Loan
50,989171,62273,1174530,No,0,552,Beginner,High,5,Self-Employed,12,Wealth Creation,20157,0.0,Avoid Loan
33,340480,24122,1839546,No,0,740,Beginner,Low,5,Self-Employed,3,Wealth Creation,4251,0.0,Save
28,1433126,71233,1520527,No,0,654,Beginner,Low,2,Business,11,Education,48194,0.0,Save
55,1665056,92350,720609,Yes,1521334,613,Beginner,Medium,0,Salaried,3,Retirement,46404,0.91,Avoid Loan
58,722981,35552,2125072,No,0,452,Beginner,High,1,Business,12,Retirement,24696,0.0,Avoid Loan
40,2424925,57654,2333207,No,0,703,Expert,Low,1,Salaried,6,Education,144423,0.0,Save
42,1822882,37211,692756,Yes,1240342,734,Beginner,Low,2,Salaried,9,Wealth Creation,114695,0.68,Avoid Loan
46,643822,44912,112968,Yes,1394062,463,Beginner,Low,0,Salaried,6,Wealth Creation,8739,2.17,Avoid Loan
23,483265,21940,1892502,Yes,2143491,568,Intermediate,Low,0,Salaried,7,Wealth Creation,18332,4.44,Avoid Loan
57,1455273,75695,536060,No,0,842,Beginner,Low,2,Salaried,11,House,45577,0.0,Invest
51,2390744,141614,1549970,Yes,248485,517,Expert,Medium,1,Salaried,10,Retirement,57614,0.1,Avoid Loan
47,2393972,127717,986935,No,0,499,Beginner,Medium,4,Salaried,0,Retirement,71780,0.0,Avoid Loan
56,389029,15991,1534637,No,0,841,Beginner,High,1,Salaried,11,Retirement,16428,0.0,Save
26,2026285,96846,2441845,Yes,1765073,577,Beginner,Medium,1,Self-Employed,1,Retirement,72011,0.87,Avoid Loan
25,2702739,26357,1629966,Yes,2118773,752,Expert,High,4,Self-Employed,0,Retirement,198871,0.78,Avoid Loan
25,2431937,63020,2234199,No,0,534,Beginner,High,1,Business,4,Retirement,139641,0.0,Avoid Loan
44,2765430,98952,114470,No,0,428,Beginner,Low,4,Business,9,House,131500,0.0,Avoid Loan
38,2169396,91474,1397642,Yes,449579,524,Intermediate,Medium,4,Salaried,3,Retirement,89309,0.21,Avoid Loan
36,2341848,172237,2313839,Yes,2461933,819,Beginner,Medium,3,Salaried,8,House,22917,1.05,Avoid Loan
29,1486761,35125,179254,Yes,2169451,543,Intermediate,Medium,4,Salaried,7,House,88771,1.46,Avoid Loan
56,423843,18468,193442,No,0,360,Beginner,Low,2,Business,10,Retirement,16852,0.0,Avoid Loan
37,845363,57021,1953094,No,0,811,Intermediate,Medium,2,Salaried,5,Education,13425,0.0,Save
21,610094,19674,757017,No,0,776,Expert,Medium,1,Salaried,0,Wealth Creation,31167,0.0,Save
40,1777687,39523,1989602,No,0,633,Expert,Low,3,Self-Employed,2,Wealth Creation,108617,0.0,Save
56,294497,20298,1255466,No,0,702,Intermediate,Low,5,Salaried,7,House,4243,0.0,Save
29,2419231,34653,1965726,Yes,1482627,699,Beginner,Low,1,Self-Employed,6,Wealth Creation,166949,0.61,Avoid Loan
25,2556413,114188,918919,No,0,704,Beginner,Low,5,Salaried,0,Education,98846,0.0,Save
38,363445,23708,1771286,Yes,2389606,712,Expert,Low,4,Salaried,1,Retirement,6579,6.57,Avoid Loan
42,678509,47133,1026576,Yes,1896665,763,Beginner,Medium,4,Business,6,Education,9409,2.8,Avoid Loan
47,2669127,15454,2182710,Yes,1867096,617,Expert,Medium,4,Salaried,1,House,206973,0.7,Avoid Loan
42,1732450,93262,1004849,No,0,797,Beginner,High,3,Salaried,11,Education,51108,0.0,Invest
34,1357920,25139,766206,No,0,353,Expert,High,0,Business,0,Wealth Creation,88021,0.0,Avoid Loan
47,2081622,154161,1808158,No,0,454,Intermediate,High,0,Self-Employed,7,Retirement,19307,0.0,Avoid Loan
41,2089361,33700,886604,Yes,1108044,630,Intermediate,Medium,4,Self-Employed,10,Retirement,140413,0.53,Avoid Loan
49,1694882,107806,674345,No,0,402,Intermediate,Low,0,Self-Employed,3,Wealth Creation,33434,0.0,Avoid Loan
32,2893228,200416,492467,Yes,1967616,696,Intermediate,High,1,Salaried,3,House,40686,0.68,Avoid Loan
45,1725934,65396,1573935,Yes,452121,855,Expert,Low,2,Self-Employed,4,Education,78431,0.26,Save
31,1557442,96086,1580596,Yes,2026871,590,Intermediate,Medium,1,Self-Employed,5,Retirement,33700,1.3,Avoid Loan
34,2596176,28263,518550,Yes,755681,736,Beginner,Medium,4,Business,9,Education,188085,0.29,Invest
34,706964,38188,913188,No,0,872,Expert,High,1,Business,9,House,20725,0.0,Save
36,365263,18520,2152858,Yes,1939884,359,Expert,Medium,3,Self-Employed,6,Retirement,11918,5.31,Avoid Loan
40,1411518,103176,356495,Yes,369005,361,Beginner,Medium,0,Business,1,Retirement,14450,0.26,Avoid Loan
55,1588296,22211,1502921,No,0,759,Beginner,Low,5,Business,1,Wealth Creation,110147,0.0,Save
51,1429840,17933,92092,Yes,1550396,883,Expert,Medium,0,Salaried,3,House,101220,1.08,Avoid Loan
54,1803913,22422,1131056,Yes,791673,838,Beginner,Medium,0,Salaried,0,Wealth Creation,127904,0.44,Save
31,733571,38918,2474024,Yes,431520,818,Beginner,Medium,5,Business,4,Retirement,22212,0.59,Avoid Loan
24,1416608,90346,2489283,Yes,2282324,826,Beginner,Low,0,Self-Employed,4,House,27704,1.61,Avoid Loan
27,1525746,96235,1918115,Yes,2320144,483,Beginner,Medium,4,Salaried,3,Retirement,30910,1.52,Avoid Loan
52,411112,22712,1664430,Yes,1192722,459,Intermediate,Medium,1,Self-Employed,11,House,11547,2.9,Avoid Loan
24,1645709,81789,1320254,No,0,585,Beginner,High,0,Business,9,Education,55353,0.0,Avoid Loan
57,1323280,34142,273576,No,0,693,Intermediate,Low,3,Business,12,Education,76131,0.0,Save
41,1554778,87525,710389,No,0,606,Intermediate,Medium,2,Self-Employed,2,Education,42039,0.0,Save
60,750754,44610,1495824,No,0,473,Intermediate,High,2,Salaried,7,House,17952,0.0,Avoid Loan
43,2002161,50936,662393,No,0,718,Intermediate,High,1,Self-Employed,5,Education,115910,0.0,Save
51,2537319,139545,2140587,Yes,1923438,823,Intermediate,High,2,Business,8,Retirement,71898,0.76,Avoid Loan
29,2937178,39707,67128,Yes,800306,450,Expert,Low,4,Business,8,House,205057,0.27,Avoid Loan
31,2847779,128111,1265630,No,0,500,Beginner,Low,2,Salaried,5,Education,109203,0.0,Avoid Loan
41,2488165,67468,1140833,No,0,585,Beginner,Low,5,Salaried,12,Retirement,139879,0.0,Avoid Loan
26,2850279,52671,1181856,Yes,1476040,563,Beginner,Medium,2,Self-Employed,0,Education,184852,0.52,Avoid Loan
45,1929465,91101,1382218,Yes,1182851,573,Beginner,Medium,2,Business,12,House,69687,0.61,Avoid Loan
54,1818119,125419,919878,Yes,241928,616,Beginner,Low,1,Self-Employed,0,Retirement,26090,0.13,Save
23,320156,19504,1411953,No,0,362,Expert,Medium,0,Self-Employed,4,House,7175,0.0,Avoid Loan
36,1884665,90020,176466,No,0,895,Expert,Medium,3,Self-Employed,5,House,67035,0.0,Save
23,2291983,38587,2264343,No,0,572,Intermediate,Low,4,Salaried,7,Retirement,152411,0.0,Avoid Loan
39,1497268,40048,2106381,No,0,887,Beginner,High,4,Salaried,8,Retirement,84724,0.0,Invest
51,2249952,138597,1343839,Yes,303803,706,Expert,Medium,0,Salaried,1,Retirement,48899,0.14,Save
40,1708994,84115,584781,Yes,106838,661,Intermediate,Low,3,Business,6,Wealth Creation,58301,0.06,Save
60,2163939,95929,1841501,Yes,540391,553,Intermediate,Medium,1,Business,7,Wealth Creation,84399,0.25,Avoid Loan
31,1085272,62434,1470033,Yes,2400723,780,Beginner,Medium,3,Salaried,3,Education,28005,2.21,Avoid Loan
36,601385,28352,2024775,No,0,773,Expert,High,1,Business,3,Wealth Creation,21763,0.0,Save
39,626488,24776,1764221,Yes,104585,864,Beginner,Low,3,Salaried,12,Education,27431,0.17,Invest
50,2324187,40789,70780,Yes,525584,503,Beginner,Medium,2,Salaried,5,Education,152893,0.23,Avoid Loan
28,713477,45566,813193,No,0,596,Beginner,Low,5,Business,3,Retirement,13890,0.0,Avoid Loan
41,592768,37034,2223615,Yes,1248805,378,Intermediate,Medium,5,Salaried,11,Education,12363,2.11,Avoid Loan
57,2704367,51065,377983,No,0,501,Intermediate,Medium,5,Business,7,Wealth Creation,174298,0.0,Avoid Loan
50,615367,25909,1133984,No,0,728,Beginner,Low,3,Business,6,Wealth Creation,25371,0.0,Invest
47,2434473,140405,1247855,No,0,419,Expert,Low,3,Salaried,11,Education,62467,0.0,Avoid Loan
24,1915786,41543,1131704,No,0,679,Beginner,High,0,Salaried,3,House,118105,0.0,Save
44,709761,32983,437166,Yes,1517900,496,Intermediate,Low,0,Self-Employed,8,Education,26163,2.14,Avoid Loan
33,2490587,90907,2199634,Yes,1192820,496,Intermediate,Low,4,Salaried,2,Retirement,116641,0.48,Avoid Loan
26,1432794,60445,1080427,No,0,716,Intermediate,High,0,Business,2,Education,58954,0.0,Save
59,1728917,104532,1792140,Yes,1720228,791,Beginner,Medium,3,Business,10,House,39544,0.99,Avoid Loan
58,572584,34363,773625,No,0,809,Intermediate,Low,4,Business,0,Education,13352,0.0,Save
60,1623593,86154,25744,Yes,758184,752,Expert,High,2,Salaried,7,House,49145,0.47,Avoid Loan
21,2090758,65454,302249,Yes,1236591,590,Expert,Low,0,Self-Employed,8,House,108775,0.59,Avoid Loan
53,1509109,77778,873716,No,0,739,Beginner,Low,4,Salaried,4,Education,47981,0.0,Save
22,959598,57270,2049778,Yes,439970,689,Expert,Low,2,Salaried,0,House,22696,0.46,Avoid Loan
32,1311043,71672,1879567,No,0,563,Expert,High,4,Salaried,2,Retirement,37581,0.0,Avoid Loan
23,1162187,57538,1778109,Yes,1443584,711,Beginner,High,0,Business,8,Retirement,39310,1.24,Avoid Loan
28,558960,15630,1571376,No,0,455,Expert,Low,0,Salaried,1,Wealth Creation,30950,0.0,Avoid Loan
21,689758,33001,480148,No,0,747,Expert,High,1,Salaried,5,Wealth Creation,24478,0.0,Save
45,1680166,66027,247550,Yes,1702330,684,Expert,Low,0,Salaried,3,Wealth Creation,73986,1.01,Avoid Loan
60,2056455,52404,2138909,No,0,499,Beginner,High,0,Self-Employed,12,Wealth Creation,118967,0.0,Avoid Loan
38,2474818,91149,838729,No,0,882,Beginner,Medium,2,Self-Employed,6,Retirement,115085,0.0,Invest
24,1026716,40422,1024032,No,0,684,Expert,High,5,Business,12,Retirement,45137,0.0,Save
28,643660,15857,2471239,Yes,1836444,574,Intermediate,Low,2,Salaried,2,Retirement,37781,2.85,Avoid Loan
29,2222607,93720,1201312,No,0,641,Beginner,Low,3,Self-Employed,0,Retirement,91497,0.0,Save
43,939343,15639,369958,Yes,889108,597,Intermediate,Low,4,Self-Employed,8,Retirement,62639,0.95,Avoid Loan
56,1026061,52809,1098845,Yes,1163812,667,Intermediate,Medium,5,Self-Employed,12,Retirement,32696,1.13,Avoid Loan
48,2369153,113237,978473,Yes,1787013,577,Beginner,Low,0,Business,5,Wealth Creation,84192,0.75,Avoid Loan
60,594125,29777,1086025,Yes,547827,671,Expert,Low,1,Salaried,10,Education,19733,0.92,Avoid Loan
34,415910,24061,1405868,No,0,705,Beginner,Low,3,Self-Employed,3,Education,10598,0.0,Save
50,2921663,117586,1673338,Yes,2205423,603,Beginner,High,1,Self-Employed,10,Wealth Creation,125885,0.75,Avoid Loan
24,2572592,166829,1392494,No,0,688,Beginner,Low,3,Business,10,House,47553,0.0,Save
54,549206,31669,1724088,No,0,641,Expert,Medium,1,Self-Employed,8,House,14098,0.0,Save
35,1399356,23910,38164,Yes,1039129,622,Beginner,High,1,Salaried,1,Education,92703,0.74,Avoid Loan
33,1958123,26060,1117409,No,0,417,Beginner,High,2,Self-Employed,4,Wealth Creation,137116,0.0,Avoid Loan
60,826513,61954,1545866,No,0,734,Intermediate,Medium,5,Business,4,Wealth Creation,6922,0.0,Save
35,2518528,73666,574672,Yes,792623,548,Intermediate,Medium,4,Salaried,2,Wealth Creation,136211,0.31,Avoid Loan
56,604139,19193,1881707,No,0,692,Beginner,Medium,2,Self-Employed,8,Retirement,31151,0.0,Save
38,2762836,144157,1446256,Yes,599604,602,Beginner,Low,3,Salaried,8,Education,86079,0.22,Save
34,716101,34918,2214820,No,0,534,Intermediate,Low,5,Business,6,House,24757,0.0,Avoid Loan
55,380249,15004,2144636,No,0,417,Expert,Low,5,Business,11,Wealth Creation,16683,0.0,Avoid Loan
42,813991,22850,678658,Yes,1803213,400,Beginner,High,0,Business,5,Education,44982,2.22,Avoid Loan
58,2873369,212089,738519,No,0,407,Beginner,High,2,Salaried,4,Education,27358,0.0,Avoid Loan
21,2437969,58655,1900840,Yes,2214761,565,Beginner,High,1,Self-Employed,5,Education,144509,0.91,Avoid Loan
25,1247251,88521,1841582,Yes,111219,899,Intermediate,Low,0,Salaried,5,Education,15416,0.09,Save
56,2291714,138085,1917041,No,0,412,Intermediate,Medium,1,Self-Employed,12,Wealth Creation,52891,0.0,Avoid Loan
38,957479,37994,1621258,Yes,2217572,537,Intermediate,High,5,Salaried,6,House,41795,2.32,Avoid Loan
32,1717586,66017,604671,No,0,401,Intermediate,Medium,0,Salaried,2,Education,77115,0.0,Avoid Loan
57,2680058,160280,1177120,Yes,1086931,724,Beginner,Low,4,Business,11,Wealth Creation,63058,0.41,Save
57,912632,37329,1200229,No,0,477,Beginner,Medium,1,Self-Employed,6,Wealth Creation,38723,0.0,Avoid Loan
57,1667993,66706,2034099,No,0,428,Beginner,Low,3,Business,9,Retirement,72293,0.0,Avoid Loan
29,936420,37867,1152997,No,0,770,Intermediate,Medium,4,Self-Employed,8,Retirement,40168,0.0,Invest
53,2480207,146125,1704099,No,0,645,Beginner,High,2,Salaried,1,Retirement,60558,0.0,Save
44,2742147,134488,1331127,Yes,840568,637,Intermediate,High,5,Business,11,Education,94024,0.31,Save
21,335019,21554,1335305,No,0,715,Beginner,Medium,4,Business,0,House,6364,0.0,Save
53,2091280,137007,2146021,No,0,729,Beginner,High,4,Self-Employed,11,Education,37266,0.0,Invest
54,1928235,52481,2464990,Yes,1018062,823,Intermediate,High,3,Salaried,6,Retirement,108205,0.53,Avoid Loan
38,2136741,156652,818237,Yes,2440532,403,Beginner,Low,1,Business,0,Retirement,21409,1.14,Avoid Loan
59,282825,16294,859738,Yes,1087644,658,Expert,Low,0,Salaried,3,Education,7274,3.85,Avoid Loan
34,662308,48974,2382668,Yes,80143,721,Beginner,High,0,Salaried,8,House,6218,0.12,Avoid Loan
27,638945,37759,1129630,Yes,243367,453,Beginner,Low,0,Business,6,Education,15486,0.38,Avoid Loan
57,2290984,78328,1819433,Yes,604976,809,Beginner,Low,4,Self-Employed,10,Wealth Creation,112587,0.26,Invest
53,2453868,119804,2068892,No,0,570,Intermediate,High,3,Business,2,Education,84685,0.0,Avoid Loan
39,452386,32729,2323875,No,0,887,Beginner,High,4,Business,1,Retirement,4969,0.0,Save
28,2072081,21784,1993414,Yes,1543257,855,Beginner,High,2,Self-Employed,11,Retirement,150889,0.74,Avoid Loan
51,2273692,113764,182328,No,0,580,Intermediate,Low,1,Business,2,Education,75710,0.0,Avoid Loan
24,528292,16493,2277923,No,0,734,Beginner,Medium,1,Business,12,Education,27531,0.0,Invest
26,685435,25444,548076,Yes,73632,385,Expert,Low,2,Salaried,12,Education,31675,0.11,Avoid Loan
37,2181881,41498,2249474,No,0,742,Expert,Low,0,Self-Employed,2,House,140325,0.0,Save
31,1241372,50170,770793,No,0,466,Intermediate,Medium,0,Salaried,7,Wealth Creation,53277,0.0,Avoid Loan
35,674706,19233,618994,Yes,1334587,822,Beginner,Medium,4,Self-Employed,3,Wealth Creation,36992,1.98,Avoid Loan
60,1927027,124326,963529,No,0,746,Intermediate,Low,5,Self-Employed,4,House,36259,0.0,Save
21,538530,25838,84692,No,0,419,Intermediate,Medium,4,Salaried,7,Wealth Creation,19039,0.0,Avoid Loan
41,2539061,55820,1956378,No,0,501,Intermediate,Low,1,Self-Employed,12,House,155768,0.0,Avoid Loan
43,712201,43289,1559354,Yes,253399,591,Intermediate,High,5,Self-Employed,8,Wealth Creation,16061,0.36,Avoid Loan
21,874485,64267,393579,Yes,1849917,809,Intermediate,High,4,Self-Employed,2,House,8606,2.12,Avoid Loan
42,2043353,116773,1583899,No,0,749,Intermediate,High,3,Salaried,9,Education,53506,0.0,Invest
40,2681213,147723,2375196,No,0,681,Expert,Low,5,Self-Employed,9,Education,75711,0.0,Save
43,2656522,197996,261597,Yes,1631901,687,Intermediate,High,0,Self-Employed,12,House,23380,0.61,Avoid Loan
21,908292,42740,1453231,Yes,1191360,873,Beginner,Medium,0,Business,5,Wealth Creation,32951,1.31,Avoid Loan
56,2958563,163785,1447437,Yes,1212235,884,Intermediate,Low,2,Salaried,11,Education,82761,0.41,Save
34,513276,15053,800693,Yes,485029,559,Beginner,Medium,4,Salaried,5,House,27720,0.94,Avoid Loan
27,392921,23882,625119,No,0,586,Intermediate,Medium,4,Self-Employed,1,Retirement,8861,0.0,Avoid Loan
38,396858,23522,2404763,Yes,1491453,815,Expert,Medium,2,Business,9,House,9549,3.76,Avoid Loan
45,1083984,59170,681738,Yes,1556147,655,Intermediate,Low,5,Salaried,12,House,31162,1.44,Avoid Loan
51,779158,36293,298603,Yes,53906,685,Expert,High,3,Salaried,12,Education,28636,0.07,Save
24,569590,34127,1318401,Yes,1212847,899,Intermediate,Medium,0,Business,2,Wealth Creation,13338,2.13,Avoid Loan
46,301211,19484,128114,No,0,798,Beginner,Low,4,Salaried,8,Wealth Creation,5616,0.0,Save
41,2053316,29337,2198968,Yes,1782137,415,Intermediate,Low,0,Business,9,House,141772,0.87,Avoid Loan
36,2545311,96725,2325712,Yes,1458111,555,Beginner,Medium,1,Business,5,Wealth Creation,115384,0.57,Avoid Loan
58,2215534,112955,2485485,Yes,1043969,780,Intermediate,Low,5,Self-Employed,10,Retirement,71672,0.47,Avoid Loan
59,963482,71270,511130,Yes,1802538,884,Intermediate,High,3,Business,4,Wealth Creation,9020,1.87,Avoid Loan
24,2551987,141969,2309966,Yes,103462,399,Expert,Low,3,Business,1,Retirement,70696,0.04,Avoid Loan
32,2475518,131385,1900291,No,0,752,Intermediate,Medium,1,Salaried,2,Retirement,74908,0.0,Save
59,439223,25021,1087224,Yes,1474746,450,Beginner,Medium,4,Self-Employed,6,House,11580,3.36,Avoid Loan
50,1843103,101479,1341759,Yes,1405224,530,Beginner,Low,2,Business,10,House,52112,0.76,Avoid Loan
24,2212180,118937,2086506,Yes,163631,431,Intermediate,Low,1,Business,0,House,65411,0.07,Avoid Loan
26,2988749,197291,2062974,Yes,648518,543,Intermediate,High,2,Salaried,10,Education,51771,0.22,Avoid Loan
48,1705877,36631,1765446,No,0,706,Beginner,Low,5,Salaried,11,Education,105525,0.0,Save
24,1659665,105681,1731397,Yes,1383538,811,Intermediate,Low,1,Business,5,Education,32624,0.83,Avoid Loan
54,2582954,122917,211616,No,0,455,Beginner,Medium,3,Business,8,House,92329,0.0,Avoid Loan
47,2884953,19241,35279,Yes,619592,647,Intermediate,Medium,0,Self-Employed,12,Education,221171,0.21,Avoid Loan
32,1032168,50015,659311,Yes,840142,469,Beginner,Medium,3,Salaried,3,Wealth Creation,35999,0.81,Avoid Loan
51,2360482,23738,2350400,Yes,1619161,405,Beginner,Medium,0,Self-Employed,4,House,172968,0.69,Avoid Loan
45,2656066,18252,877455,Yes,1557317,756,Beginner,High,5,Self-Employed,9,House,203086,0.59,Avoid Loan
21,2525006,126501,282426,Yes,699307,536,Beginner,Medium,0,Business,3,Wealth Creation,83916,0.28,Avoid Loan
54,2996477,23021,1359097,Yes,1509910,477,Intermediate,Low,3,Self-Employed,1,House,226685,0.5,Avoid Loan
53,2849606,55342,538219,No,0,811,Beginner,Low,3,Salaried,3,Education,182125,0.0,Save
45,614716,45501,678803,Yes,2227529,624,Beginner,High,3,Salaried,11,House,5725,3.62,Avoid Loan
38,259011,15030,2496604,No,0,382,Intermediate,High,5,Salaried,5,Retirement,6554,0.0,Avoid Loan
51,1969668,141083,1961991,No,0,368,Beginner,High,0,Self-Employed,7,House,23056,0.0,Avoid Loan
43,1178783,72677,2271770,Yes,1703057,745,Beginner,High,5,Self-Employed,1,Retirement,25554,1.44,Avoid Loan
49,1152509,68925,1300309,Yes,868074,555,Intermediate,High,1,Salaried,8,Education,27117,0.75,Avoid Loan
39,1190071,56042,1308824,Yes,680333,457,Beginner,Medium,3,Self-Employed,9,House,43130,0.57,Avoid Loan
45,2120040,124727,237040,No,0,709,Expert,Medium,3,Salaried,12,Wealth Creation,51943,0.0,Save
44,1177090,26295,2241685,No,0,446,Beginner,High,1,Self-Employed,4,Education,71795,0.0,Avoid Loan
36,2756585,191563,1826247,Yes,853381,559,Expert,Low,5,Salaried,4,Wealth Creation,38152,0.31,Avoid Loan
32,2839387,49015,341027,No,0,794,Beginner,High,4,Business,5,House,187600,0.0,Save
30,2075157,131823,1629078,No,0,456,Expert,Medium,3,Self-Employed,12,Retirement,41106,0.0,Avoid Loan
42,1708405,51623,55858,Yes,1177525,766,Intermediate,High,0,Salaried,12,Education,90744,0.69,Avoid Loan
44,2284511,94765,1086088,Yes,1591946,649,Beginner,High,4,Salaried,4,Wealth Creation,95610,0.7,Avoid Loan
43,891497,56935,45877,No,0,458,Beginner,Low,4,Salaried,10,Wealth Creation,17356,0.0,Avoid Loan
26,1015959,45221,2467748,No,0,661,Beginner,Low,4,Self-Employed,2,Retirement,39442,0.0,Save
30,2043997,79872,1528400,Yes,1135763,495,Intermediate,Medium,3,Salaried,2,Wealth Creation,90461,0.56,Avoid Loan
32,948899,32092,1833325,No,0,839,Expert,Medium,1,Salaried,10,Education,46982,0.0,Invest
32,2735325,62105,1791995,No,0,464,Beginner,Low,1,Self-Employed,7,Education,165838,0.0,Avoid Loan
26,1969535,91269,651775,No,0,545,Beginner,Medium,1,Business,4,Retirement,72858,0.0,Avoid Loan
28,2104668,86628,468369,Yes,2364345,900,Beginner,Medium,4,Salaried,10,House,88761,1.12,Avoid Loan
29,1209726,29849,2012030,Yes,59555,633,Beginner,Medium,5,Salaried,7,Retirement,70961,0.05,Save
28,886242,29359,168984,No,0,413,Beginner,Low,4,Salaried,10,House,44494,0.0,Avoid Loan
58,1323369,68653,220474,No,0,549,Expert,Medium,4,Business,10,Wealth Creation,41627,0.0,Avoid Loan
38,2644370,162091,769637,No,0,405,Beginner,Medium,0,Business,5,Education,58273,0.0,Avoid Loan
60,2713892,114349,1651603,Yes,1057725,763,Beginner,High,5,Self-Employed,11,Wealth Creation,111808,0.39,Save
21,1932379,53014,256117,No,0,424,Beginner,Low,0,Self-Employed,6,Retirement,108017,0.0,Avoid Loan
49,2030569,111667,831310,No,0,785,Expert,Low,3,Self-Employed,9,House,57547,0.0,Invest
44,2669047,156015,206290,Yes,1963574,562,Beginner,Medium,2,Salaried,10,House,66405,0.74,Avoid Loan
41,1286697,91949,2069859,Yes,1945085,398,Expert,High,3,Self-Employed,2,Wealth Creation,15275,1.51,Avoid Loan
28,1116903,60765,561671,Yes,1744446,761,Intermediate,High,4,Salaried,7,Wealth Creation,32310,1.56,Avoid Loan
47,829553,40567,1102582,No,0,803,Intermediate,Medium,0,Business,12,Education,28562,0.0,Invest
58,2438169,32854,1524368,No,0,756,Beginner,High,3,Self-Employed,8,Wealth Creation,170326,0.0,Invest
33,1519383,50382,1338313,No,0,571,Intermediate,Low,3,Business,7,Retirement,76233,0.0,Avoid Loan
38,2161818,48705,819181,Yes,1073622,865,Beginner,Medium,0,Salaried,9,House,131446,0.5,Avoid Loan
39,2370423,98699,1223326,Yes,1971629,496,Beginner,Medium,0,Salaried,11,Wealth Creation,98836,0.83,Avoid Loan
40,1397355,71640,1010256,No,0,613,Beginner,Medium,0,Business,12,House,44806,0.0,Save
44,1105498,54088,109576,Yes,1258152,813,Beginner,High,2,Salaried,3,Retirement,38036,1.14,Avoid Loan
50,567219,17297,2135191,No,0,370,Beginner,Medium,4,Business,3,Education,29971,0.0,Avoid Loan
29,2947182,139220,2416813,Yes,1041147,506,Expert,Low,0,Self-Employed,8,Retirement,106378,0.35,Avoid Loan
56,1554946,110248,351975,Yes,1813756,684,Beginner,Low,5,Business,1,Retirement,19330,1.17,Avoid Loan
44,1786803,33178,1278057,Yes,347151,555,Expert,High,5,Self-Employed,4,Wealth Creation,115722,0.19,Avoid Loan
34,2217955,122576,1895825,Yes,1393750,525,Beginner,Medium,3,Self-Employed,7,House,62253,0.63,Avoid Loan
50,2565411,129010,2057435,Yes,1122239,720,Expert,High,5,Business,3,Education,84774,0.44,Save
28,539858,37694,403472,Yes,1631462,456,Beginner,Low,3,Self-Employed,2,House,7294,3.02,Avoid Loan
41,2298206,95187,204954,Yes,1608486,757,Beginner,Low,4,Salaried,8,Retirement,96330,0.7,Avoid Loan
27,2731167,110746,2020291,Yes,2026511,417,Beginner,High,3,Salaried,1,Wealth Creation,116851,0.74,Avoid Loan
58,2844244,56472,1291080,Yes,879618,810,Beginner,Low,0,Self-Employed,10,Retirement,180548,0.31,Save
44,420533,19763,2468234,Yes,1187809,694,Beginner,Medium,1,Self-Employed,1,Retirement,15281,2.82,Avoid Loan
35,1575147,74286,1135820,Yes,1318471,840,Expert,Low,4,Business,0,Education,56976,0.84,Avoid Loan
45,1553892,71953,2365894,No,0,401,Beginner,Medium,2,Salaried,9,Wealth Creation,57538,0.0,Avoid Loan
24,1335067,81032,918674,Yes,991066,785,Beginner,Medium,3,Business,7,Wealth Creation,30223,0.74,Avoid Loan
55,1486296,34873,2265980,No,0,466,Beginner,High,3,Salaried,12,Education,88985,0.0,Avoid Loan
35,685412,17070,1740622,No,0,442,Beginner,High,1,Salaried,4,Retirement,40047,0.0,Avoid Loan
24,2981165,21231,2180229,Yes,1818917,881,Intermediate,Low,3,Self-Employed,12,Wealth Creation,227199,0.61,Avoid Loan
46,2323932,159926,2498662,Yes,1283745,382,Intermediate,Low,4,Self-Employed,7,Education,33735,0.55,Avoid Loan
49,375360,21748,362894,No,0,574,Beginner,High,4,Self-Employed,4,Retirement,9532,0.0,Avoid Loan
32,1496609,39313,992290,Yes,2400522,741,Intermediate,Medium,5,Self-Employed,12,House,85404,1.6,Avoid Loan
38,2724118,196433,2422367,No,0,762,Expert,Medium,3,Salaried,7,House,30576,0.0,Invest
24,1935216,51583,996260,No,0,552,Beginner,Medium,4,Salaried,0,Retirement,109685,0.0,Avoid Loan
26,332129,15826,1576982,Yes,1125652,675,Intermediate,Low,4,Salaried,2,Education,11851,3.39,Avoid Loan
23,795838,34875,1908235,No,0,731,Beginner,Medium,2,Salaried,3,Education,31444,0.0,Save
28,414166,24925,1723284,Yes,1016946,505,Expert,Low,3,Self-Employed,12,Wealth Creation,9588,2.46,Avoid Loan
60,2618457,24285,1663382,No,0,690,Beginner,High,1,Salaried,2,House,193919,0.0,Save
31,1188981,39351,405062,No,0,799,Intermediate,Medium,1,Business,2,House,59730,0.0,Save
43,2258663,156502,1230963,Yes,1322504,563,Intermediate,Medium,5,Salaried,4,Retirement,31719,0.59,Avoid Loan
46,894424,47040,1631021,Yes,1807297,363,Intermediate,High,2,Self-Employed,10,House,27495,2.02,Avoid Loan
41,442792,26232,2003402,No,0,840,Expert,High,5,Self-Employed,6,Education,10667,0.0,Save
23,1502188,85734,1804759,No,0,627,Expert,Medium,4,Self-Employed,11,Education,39448,0.0,Save
58,1980634,147775,257595,No,0,548,Beginner,Low,1,Self-Employed,6,Retirement,17277,0.0,Avoid Loan
31,2019654,140336,2418602,No,0,860,Intermediate,Medium,4,Salaried,10,Education,27968,0.0,Invest
45,2426332,98742,153097,No,0,578,Intermediate,Low,4,Salaried,7,Wealth Creation,103452,0.0,Avoid Loan
51,562766,29329,2049668,No,0,561,Beginner,High,2,Business,11,Wealth Creation,17568,0.0,Avoid Loan
22,1993608,117214,1554379,No,0,854,Expert,Medium,4,Business,7,House,48920,0.0,Invest
28,2206259,63508,1576968,No,0,459,Expert,Medium,3,Business,11,Wealth Creation,120346,0.0,Avoid Loan
24,2217756,125871,1002773,No,0,358,Beginner,Medium,5,Salaried,4,Education,58942,0.0,Avoid Loan
41,731655,52903,2067527,No,0,487,Expert,High,3,Salaried,9,Retirement,8068,0.0,Avoid Loan
33,2177504,109474,2155928,No,0,854,Beginner,Low,1,Business,8,Education,71984,0.0,Invest
25,525270,19965,1134412,No,0,431,Intermediate,Low,0,Salaried,9,Retirement,23807,0.0,Avoid Loan
52,1504652,54990,864629,Yes,69369,836,Intermediate,High,0,Self-Employed,4,House,70397,0.05,Save
21,2055568,118221,584706,No,0,554,Expert,Medium,1,Business,7,Wealth Creation,53076,0.0,Avoid Loan
60,1198236,28768,2352380,Yes,2418196,800,Intermediate,Medium,0,Business,7,House,71085,2.02,Avoid Loan
45,1913398,142274,1596706,Yes,679478,698,Intermediate,Medium,5,Business,4,Education,17175,0.36,Save
57,2180951,118264,1666421,Yes,1365830,561,Intermediate,Medium,1,Salaried,3,House,63481,0.63,Avoid Loan
53,528995,27549,2351716,Yes,654976,600,Intermediate,Medium,5,Salaried,5,Wealth Creation,16533,1.24,Avoid Loan
56,1064528,55148,34704,Yes,837714,551,Beginner,High,4,Business,8,House,33562,0.79,Avoid Loan
34,2704912,170685,816166,Yes,1089384,589,Expert,High,3,Self-Employed,5,Wealth Creation,54724,0.4,Avoid Loan
28,2937002,75729,272249,Yes,1783170,854,Intermediate,Low,0,Business,1,Retirement,169021,0.61,Avoid Loan
29,2725556,147717,1071684,No,0,600,Intermediate,Medium,4,Self-Employed,10,Retirement,79412,0.0,Save
53,1826803,62628,2334580,Yes,392466,432,Intermediate,Low,3,Business,9,Education,89605,0.21,Avoid Loan
54,929821,59341,842754,Yes,2028796,648,Intermediate,Medium,0,Business,1,Wealth Creation,18144,2.18,Avoid Loan
27,813919,57035,531867,Yes,2368482,615,Intermediate,Low,1,Salaried,1,Education,10791,2.91,Avoid Loan
51,2596380,58904,644008,No,0,373,Intermediate,Medium,1,Salaried,2,Retirement,157461,0.0,Avoid Loan
48,2113739,97706,2009728,No,0,738,Intermediate,High,4,Business,6,Education,78438,0.0,Invest
54,1428458,95056,1858845,Yes,118088,759,Beginner,Low,4,Self-Employed,11,Retirement,23982,0.08,Save
36,677371,33230,329471,Yes,1819976,532,Beginner,High,0,Salaried,7,Education,23217,2.69,Avoid Loan
37,1869865,101697,1235969,No,0,440,Beginner,Low,3,Business,0,Wealth Creation,54125,0.0,Avoid Loan
42,2118964,16836,2301504,No,0,566,Intermediate,High,0,Salaried,10,Wealth Creation,159744,0.0,Avoid Loan
32,2749703,41899,328053,No,0,370,Beginner,Medium,2,Business,0,House,187242,0.0,Avoid Loan
41,2759991,146102,1344868,No,0,587,Beginner,Low,4,Business,11,Retirement,83897,0.0,Avoid Loan
52,1460838,63795,2220260,Yes,1917026,882,Intermediate,Medium,1,Self-Employed,4,Retirement,57941,1.31,Avoid Loan
45,2062130,46553,178851,Yes,2325352,688,Beginner,High,0,Salaried,12,Retirement,125291,1.13,Avoid Loan
59,765335,30675,2050731,No,0,799,Beginner,Medium,2,Business,8,Retirement,33102,0.0,Invest
21,1450113,96481,715940,No,0,875,Intermediate,Medium,3,Business,5,House,24361,0.0,Save
49,1607731,86866,233619,No,0,622,Beginner,High,2,Business,3,Education,47111,0.0,Save
36,2430137,60299,1185831,No,0,505,Expert,Medium,2,Salaried,6,Retirement,142212,0.0,Avoid Loan
42,1921332,139769,2365388,No,0,533,Expert,Low,4,Salaried,8,Education,20342,0.0,Avoid Loan
52,294938,15309,141546,No,0,851,Beginner,Low,0,Business,10,Education,9269,0.0,Save
27,1075396,76251,787674,Yes,2017748,397,Intermediate,Low,1,Salaried,0,Wealth Creation,13365,1.88,Avoid Loan
38,254607,16106,1776339,Yes,1014970,753,Intermediate,Medium,5,Business,11,Education,5111,3.99,Avoid Loan
49,1564522,113211,430128,No,0,854,Expert,Medium,2,Business,1,Wealth Creation,17165,0.0,Save
36,2357225,114331,108533,No,0,457,Beginner,Low,3,Salaried,1,Wealth Creation,82104,0.0,Avoid Loan
53,581881,23805,2022718,Yes,1534594,828,Beginner,Medium,0,Salaried,9,Retirement,24685,2.64,Avoid Loan
33,2690641,75351,1122323,No,0,857,Intermediate,Medium,5,Salaried,11,House,148869,0.0,Invest
29,2214243,137038,1913320,Yes,704513,466,Beginner,High,5,Self-Employed,4,Wealth Creation,47482,0.32,Avoid Loan
52,2487791,117668,353986,No,0,897,Beginner,Medium,5,Self-Employed,9,Retirement,89647,0.0,Invest
35,2801471,59395,978743,No,0,762,Expert,Low,4,Self-Employed,12,Retirement,174060,0.0,Invest
50,1784307,104008,1311678,No,0,641,Beginner,Low,4,Salaried,2,Retirement,44684,0.0,Save
27,2639665,182483,1996066,Yes,1640232,451,Intermediate,Low,3,Self-Employed,8,Education,37489,0.62,Avoid Loan
57,2059459,42991,1379936,Yes,1150601,471,Beginner,Low,0,Self-Employed,7,Retirement,128630,0.56,Avoid Loan
27,2274742,59691,821562,No,0,710,Beginner,High,4,Salaried,7,House,129870,0.0,Save
33,660742,26352,832059,Yes,793536,669,Intermediate,High,3,Salaried,0,House,28709,1.2,Avoid Loan
21,341138,16744,2283133,Yes,503098,781,Intermediate,Medium,2,Self-Employed,9,House,11684,1.47,Avoid Loan
55,2507778,182891,663855,Yes,920344,652,Intermediate,Medium,4,Salaried,12,Retirement,26090,0.37,Save
54,2371361,125618,2204721,No,0,760,Beginner,Medium,3,Business,2,Retirement,71995,0.0,Save
48,1740888,69376,1253074,No,0,733,Beginner,Low,1,Business,6,Education,75698,0.0,Invest
25,2907076,175990,1261874,No,0,892,Beginner,High,5,Salaried,4,House,66266,0.0,Save
32,327644,16550,2083987,Yes,1193494,520,Expert,High,5,Salaried,3,Wealth Creation,10753,3.64,Avoid Loan
47,359077,15566,1548444,Yes,1111108,630,Beginner,High,3,Business,10,Education,14357,3.09,Avoid Loan
31,2329358,150403,2065174,Yes,423760,369,Beginner,Low,4,Salaried,3,House,43710,0.18,Avoid Loan
55,2770349,129479,842331,Yes,475560,617,Intermediate,Medium,3,Self-Employed,7,Education,101383,0.17,Save
60,1777712,129971,502818,No,0,834,Beginner,Medium,4,Business,8,Education,18171,0.0,Save
27,2499257,74516,686993,No,0,790,Beginner,High,3,Business,12,House,133755,0.0,Invest
42,1174652,81715,1224806,No,0,696,Intermediate,High,2,Self-Employed,7,House,16172,0.0,Save
37,2004126,25101,1072565,No,0,636,Intermediate,Medium,5,Salaried,2,Education,141909,0.0,Save
39,422566,23604,2124025,No,0,566,Expert,Low,3,Business,12,Wealth Creation,11609,0.0,Avoid Loan
51,573409,22185,766291,Yes,1644364,414,Beginner,High,3,Business,12,Retirement,25599,2.87,Avoid Loan
46,2645784,39512,2344023,Yes,2280130,779,Intermediate,Medium,0,Salaried,1,Wealth Creation,180970,0.86,Avoid Loan
32,1188328,63275,1002325,No,0,894,Beginner,Low,3,Salaried,5,Retirement,35752,0.0,Save
56,2457759,77899,2355000,No,0,703,Intermediate,Medium,5,Business,0,Retirement,126914,0.0,Save
27,2797942,206351,2433669,Yes,402319,601,Intermediate,High,2,Self-Employed,1,Retirement,26810,0.14,Save
52,2633009,130252,2020668,Yes,2163711,878,Intermediate,Medium,1,Self-Employed,3,House,89165,0.82,Avoid Loan
35,1652860,40825,1119587,No,0,554,Beginner,Medium,0,Business,6,Wealth Creation,96913,0.0,Avoid Loan
52,1301395,30702,550193,No,0,860,Expert,Low,4,Business,12,House,77747,0.0,Invest
28,1481273,99563,287614,Yes,1481046,372,Beginner,High,0,Salaried,4,Wealth Creation,23876,1.0,Avoid Loan
58,2516120,180023,1587049,Yes,1500320,493,Intermediate,Low,1,Salaried,4,Education,29653,0.6,Avoid Loan
56,1630015,53115,2092528,No,0,872,Expert,High,5,Self-Employed,4,Retirement,82719,0.0,Save
29,698653,52375,1650089,No,0,375,Beginner,Low,2,Business,8,House,5846,0.0,Avoid Loan
49,2573568,96334,2479263,Yes,330238,394,Intermediate,Low,0,Business,5,Education,118130,0.13,Avoid Loan
29,728260,27318,519661,Yes,1948986,432,Intermediate,Low,2,Salaried,0,Education,33370,2.68,Avoid Loan
36,2888621,211917,480543,No,0,683,Intermediate,Low,3,Salaried,11,Education,28801,0.0,Save
26,2555206,36636,1042944,No,0,453,Intermediate,Medium,4,Business,7,Education,176297,0.0,Avoid Loan
34,2321183,59152,1399180,No,0,717,Intermediate,Medium,1,Self-Employed,3,Education,134279,0.0,Save
60,2162729,111399,1746632,No,0,741,Intermediate,High,1,Salaried,4,Wealth Creation,68828,0.0,Save
39,1555118,73973,740580,Yes,1041669,481,Beginner,Medium,3,Self-Employed,6,Retirement,55620,0.67,Avoid Loan
35,1597196,77878,312641,Yes,784652,505,Beginner,Low,1,Self-Employed,10,Wealth Creation,55221,0.49,Avoid Loan
49,1273055,91092,260435,Yes,633405,779,Expert,Medium,4,Self-Employed,4,Retirement,14995,0.5,Avoid Loan
35,2228432,39982,126988,No,0,823,Beginner,Low,4,Business,3,Wealth Creation,145720,0.0,Save
47,628845,38668,1497097,No,0,499,Intermediate,Low,5,Salaried,12,Wealth Creation,13735,0.0,Avoid Loan
31,2270537,137147,310824,No,0,759,Beginner,Low,3,Business,1,House,52064,0.0,Save
25,553533,23996,804871,Yes,875422,485,Beginner,Low,5,Business,5,Wealth Creation,22131,1.58,Avoid Loan
49,564114,17072,2205206,Yes,221812,558,Intermediate,High,2,Salaried,10,Education,29937,0.39,Avoid Loan
56,2547824,119827,969273,Yes,1632455,405,Intermediate,Medium,2,Self-Employed,0,Wealth Creation,92491,0.64,Avoid Loan
54,267143,15026,866045,Yes,55367,382,Beginner,Medium,4,Self-Employed,1,Education,7235,0.21,Avoid Loan
60,2494489,114065,1830568,Yes,1765624,469,Beginner,Low,4,Business,5,Education,93809,0.71,Avoid Loan
59,2566642,86255,1235498,No,0,771,Beginner,Medium,2,Salaried,9,House,127631,0.0,Invest
43,298146,18254,1477819,No,0,772,Intermediate,Low,3,Salaried,5,Wealth Creation,6591,0.0,Save
59,2859599,181108,455042,No,0,844,Beginner,Low,1,Salaried,12,Wealth Creation,57191,0.0,Invest
31,2700279,22883,2427213,Yes,892214,779,Beginner,Medium,5,Salaried,4,House,202140,0.33,Save
50,1164009,72506,650205,Yes,1956162,801,Beginner,High,4,Business,2,Wealth Creation,24494,1.68,Avoid Loan
29,2737750,78836,1627566,Yes,1827616,602,Expert,Medium,3,Self-Employed,3,Retirement,149309,0.67,Avoid Loan
57,2715689,202781,2419751,No,0,561,Expert,Low,3,Self-Employed,8,Retirement,23526,0.0,Avoid Loan
30,693481,16758,1374503,Yes,1871875,474,Beginner,High,4,Business,7,Education,41032,2.7,Avoid Loan
39,1849723,54524,546446,No,0,535,Beginner,Low,1,Salaried,2,Retirement,99619,0.0,Avoid Loan
37,2311148,130377,516888,No,0,649,Beginner,Medium,4,Business,1,House,62218,0.0,Save
22,330413,18430,2061028,No,0,476,Intermediate,Medium,1,Self-Employed,0,House,9104,0.0,Avoid Loan
44,820082,42466,2414822,Yes,522961,575,Intermediate,Medium,4,Business,3,Retirement,25874,0.64,Avoid Loan
23,2255247,96811,1749862,Yes,873891,452,Beginner,Low,1,Salaried,3,Education,91126,0.39,Avoid Loan
34,1983671,119601,1634311,No,0,594,Beginner,High,1,Self-Employed,12,Wealth Creation,45704,0.0,Avoid Loan
35,1737271,68469,1883920,Yes,390913,773,Expert,Medium,3,Salaried,5,Education,76303,0.23,Save
29,849307,43756,1465056,Yes,360394,773,Beginner,Medium,1,Self-Employed,2,Retirement,27019,0.42,Save
26,2936006,193169,1964972,No,0,849,Intermediate,Low,0,Salaried,10,Education,51498,0.0,Invest
41,1967888,17612,255850,Yes,1312680,467,Intermediate,Low,3,Self-Employed,7,Education,146378,0.67,Avoid Loan
48,438312,25434,1857225,Yes,1000086,688,Intermediate,Low,0,Self-Employed,8,Education,11092,2.28,Avoid Loan
45,349598,18394,539904,No,0,801,Beginner,High,4,Self-Employed,2,House,10739,0.0,Save
44,1097466,30283,615152,No,0,635,Beginner,Medium,3,Salaried,9,Retirement,61172,0.0,Save
35,996663,57852,1800772,Yes,52350,445,Intermediate,Medium,3,Salaried,9,Wealth Creation,25203,0.05,Avoid Loan
34,2190430,45615,793491,No,0,504,Beginner,Medium,3,Self-Employed,10,House,136920,0.0,Avoid Loan
39,1514930,59234,1957541,No,0,688,Beginner,Low,3,Salaried,1,House,67010,0.0,Save
45,572123,16745,1822171,Yes,861635,580,Beginner,Medium,2,Business,3,Retirement,30931,1.51,Avoid Loan
29,2896690,100505,1525379,Yes,2332913,475,Intermediate,Medium,5,Business,0,Education,140885,0.81,Avoid Loan
44,2246646,127859,2281537,No,0,447,Expert,Medium,1,Business,2,Wealth Creation,59361,0.0,Avoid Loan
26,380918,27397,1756945,No,0,832,Beginner,Low,5,Business,0,Retirement,4346,0.0,Save
30,1971815,72598,2222993,No,0,721,Intermediate,High,5,Salaried,8,Wealth Creation,91719,0.0,Invest
49,1168501,69559,705005,No,0,370,Beginner,High,2,Business,6,House,27816,0.0,Avoid Loan
55,1198955,17071,514018,Yes,2102282,476,Beginner,High,4,Salaried,12,Retirement,82841,1.75,Avoid Loan
59,1587227,101625,917315,No,0,426,Beginner,Medium,5,Salaried,10,Wealth Creation,30643,0.0,Avoid Loan
54,1639851,48885,1431635,Yes,1310504,883,Beginner,High,1,Self-Employed,6,House,87769,0.8,Avoid Loan
60,1061870,78776,2202887,No,0,684,Beginner,Medium,5,Salaried,0,Education,9713,0.0,Save
59,406153,15631,1232901,No,0,821,Beginner,Low,4,Self-Employed,5,Education,18215,0.0,Save
44,2928671,105690,1252986,No,0,796,Beginner,Medium,3,Business,7,House,138365,0.0,Invest
41,2729491,116964,725801,Yes,1473628,866,Expert,Medium,2,Salaried,1,Retirement,110493,0.54,Avoid Loan
36,1774567,57561,417688,Yes,953855,686,Beginner,Medium,0,Self-Employed,2,Retirement,90319,0.54,Avoid Loan
45,1482373,34855,1083185,Yes,528568,661,Beginner,Medium,3,Salaried,5,Wealth Creation,88676,0.36,Save
29,2255782,84496,714546,No,0,634,Beginner,High,0,Salaried,6,Retirement,103485,0.0,Save
25,2407004,153381,362049,No,0,359,Expert,Medium,3,Self-Employed,1,House,47202,0.0,Avoid Loan
60,1158773,37843,1089193,Yes,1330868,610,Beginner,Medium,4,Business,6,House,58721,1.15,Avoid Loan
40,506739,21044,2203254,Yes,1407239,892,Expert,Medium,3,Self-Employed,12,Retirement,21184,2.78,Avoid Loan
58,579414,33614,586055,Yes,555314,679,Expert,Low,0,Self-Employed,8,Education,14670,0.96,Avoid Loan
50,1431133,53226,1590936,Yes,1035246,853,Beginner,Low,4,Self-Employed,1,Retirement,66035,0.72,Avoid Loan
42,2978381,113677,1908619,No,0,497,Expert,Low,2,Business,3,Education,134521,0.0,Avoid Loan
57,2023578,55688,463701,No,0,668,Intermediate,High,5,Business,2,Education,112943,0.0,Save
24,1032894,31054,2296342,No,0,697,Expert,Medium,3,Self-Employed,3,Wealth Creation,55020,0.0,Save
22,1847049,40232,117493,Yes,406122,552,Beginner,High,4,Salaried,8,Education,113688,0.22,Avoid Loan
60,2826945,55397,403222,Yes,59235,588,Expert,Medium,5,Business,0,House,180181,0.02,Avoid Loan
24,304158,22696,333520,Yes,1628779,378,Beginner,High,3,Self-Employed,0,House,2650,5.36,Avoid Loan
34,1855476,104660,1385362,Yes,211112,860,Beginner,High,4,Self-Employed,8,Retirement,49963,0.11,Invest
32,714571,19910,1094983,No,0,505,Expert,Low,1,Business,11,Retirement,39637,0.0,Avoid Loan
56,1237203,87415,325591,Yes,2189930,878,Expert,Medium,1,Self-Employed,5,House,15685,1.77,Avoid Loan
34,1014990,24316,1426064,Yes,185929,406,Expert,Low,4,Salaried,6,House,60266,0.18,Avoid Loan
43,1866328,21922,1390024,Yes,2267785,788,Beginner,Low,3,Salaried,0,Wealth Creation,133605,1.22,Avoid Loan
22,1507253,53218,1296572,No,0,610,Expert,Medium,1,Salaried,12,House,72386,0.0,Save
29,2776398,84824,818946,No,0,538,Expert,Low,2,Self-Employed,11,House,146542,0.0,Avoid Loan
25,2134865,23334,412571,Yes,412275,776,Expert,Medium,4,Salaried,11,Retirement,154571,0.19,Invest
47,2196626,61376,2367310,Yes,1005702,430,Beginner,High,2,Business,7,House,121676,0.46,Avoid Loan
25,876275,24884,714582,No,0,858,Expert,High,2,Business,10,Wealth Creation,48138,0.0,Invest
30,2512916,133258,1114416,No,0,410,Intermediate,High,0,Business,0,Education,76151,0.0,Avoid Loan
46,1306832,92374,1277975,Yes,790916,448,Beginner,Low,0,Business,10,House,16528,0.61,Avoid Loan
32,2989574,205323,293935,Yes,1187257,423,Beginner,Medium,5,Self-Employed,3,Education,43808,0.4,Avoid Loan
32,1186629,15934,132275,Yes,2093124,535,Beginner,Low,3,Self-Employed,3,Education,82951,1.76,Avoid Loan
37,1487161,103275,2022686,Yes,1762540,863,Beginner,Low,3,Salaried,0,Education,20655,1.19,Avoid Loan
28,393205,21488,2112188,No,0,886,Beginner,Medium,3,Business,12,Education,11279,0.0,Save
56,2124742,88068,378267,Yes,1952798,416,Beginner,Medium,0,Business,7,Wealth Creation,88993,0.92,Avoid Loan
46,2569265,33654,1117869,No,0,887,Intermediate,Medium,3,Self-Employed,6,Retirement,180451,0.0,Invest
28,1645489,33818,691623,No,0,717,Intermediate,Medium,3,Salaried,4,Education,103306,0.0,Save
32,2833802,177471,2461040,No,0,849,Intermediate,Medium,3,Self-Employed,3,Retirement,58679,0.0,Save
28,2805093,99978,127635,Yes,2343873,440,Intermediate,Low,1,Self-Employed,2,Education,133779,0.84,Avoid Loan
35,2896327,192377,2349586,Yes,2316518,758,Intermediate,High,2,Business,8,Education,48983,0.8,Avoid Loan
56,1589966,51847,413768,No,0,424,Beginner,Medium,5,Business,12,Wealth Creation,80650,0.0,Avoid Loan
32,1652754,114225,59561,Yes,860351,504,Expert,High,5,Business,7,Education,23504,0.52,Avoid Loan
47,2810015,32946,1459717,Yes,1679244,878,Intermediate,Medium,5,Self-Employed,5,Retirement,201221,0.6,Avoid Loan
43,1115133,66879,483976,Yes,1797112,704,Expert,High,1,Business,11,House,26048,1.61,Avoid Loan
47,2984759,207177,268556,Yes,2474907,393,Beginner,Low,3,Business,8,Education,41552,0.83,Avoid Loan
50,691256,50308,2447545,Yes,139950,577,Beginner,High,1,Self-Employed,4,Retirement,7296,0.2,Avoid Loan
41,1434377,64613,2047091,Yes,1776255,555,Expert,Medium,0,Salaried,6,Wealth Creation,54918,1.24,Avoid Loan
46,2932791,210664,2426118,Yes,1297926,786,Beginner,Medium,2,Self-Employed,9,Wealth Creation,33735,0.44,Save
34,1022324,31640,1481003,No,0,823,Intermediate,Low,2,Self-Employed,7,Education,53553,0.0,Invest
47,2298087,102994,419920,Yes,2242211,360,Beginner,Low,5,Business,6,House,88513,0.98,Avoid Loan
50,2830556,202167,56033,No,0,397,Beginner,Medium,0,Business,11,Retirement,33712,0.0,Avoid Loan
50,819897,39652,1382037,No,0,800,Intermediate,Medium,3,Self-Employed,3,Retirement,28672,0.0,Save
31,1920623,21074,1751195,No,0,639,Beginner,Low,5,Self-Employed,11,Retirement,138977,0.0,Save
26,2675299,117333,741101,No,0,740,Beginner,Medium,0,Salaried,3,Retirement,105608,0.0,Save
43,349404,25207,846226,Yes,1229243,463,Expert,Medium,1,Business,0,Education,3910,3.52,Avoid Loan
52,1166487,51089,2379685,No,0,679,Beginner,Low,3,Self-Employed,7,Wealth Creation,46118,0.0,Save
43,586364,27937,495961,Yes,411745,803,Intermediate,Medium,4,Business,7,Retirement,20926,0.7,Avoid Loan
47,2996619,185385,2310577,Yes,1615328,609,Intermediate,Low,5,Salaried,2,Wealth Creation,64333,0.54,Avoid Loan
33,1990903,92741,1619144,No,0,369,Expert,Medium,1,Salaried,10,Wealth Creation,73167,0.0,Avoid Loan
36,825469,57254,80743,No,0,415,Beginner,High,5,Salaried,4,Wealth Creation,11535,0.0,Avoid Loan
60,1907147,27517,94267,No,0,460,Beginner,Medium,5,Business,1,Wealth Creation,131411,0.0,Avoid Loan
31,1146047,52409,1479333,No,0,465,Beginner,Medium,2,Salaried,8,Wealth Creation,43094,0.0,Avoid Loan
53,2041854,139614,989469,No,0,492,Beginner,Medium,3,Self-Employed,9,House,30540,0.0,Avoid Loan
25,1247572,90679,709967,No,0,687,Beginner,High,1,Business,5,House,13285,0.0,Save
46,1425309,49888,631085,No,0,410,Expert,High,4,Self-Employed,8,Retirement,68887,0.0,Avoid Loan
48,1982487,20731,2231556,Yes,906960,853,Expert,Low,4,Business,10,Retirement,144476,0.46,Avoid Loan
26,2912793,43195,1144811,Yes,978559,714,Beginner,Medium,5,Salaried,11,Retirement,199537,0.34,Save
52,796388,58556,508388,No,0,718,Intermediate,High,0,Business,1,Retirement,7809,0.0,Save
35,2117415,65425,2224927,Yes,2386092,362,Beginner,Low,1,Salaried,10,Retirement,111026,1.13,Avoid Loan
32,848571,31546,33486,No,0,469,Intermediate,Medium,4,Salaried,12,House,39168,0.0,Avoid Loan
35,1877164,67801,2125714,Yes,360484,416,Intermediate,Medium,1,Business,7,Education,88629,0.19,Avoid Loan
50,778726,27122,2378701,Yes,1702719,659,Expert,Medium,0,Self-Employed,0,Wealth Creation,37771,2.19,Avoid Loan
29,1632701,100170,1900347,Yes,1366963,693,Beginner,High,2,Self-Employed,9,House,35888,0.84,Avoid Loan
24,2136927,58733,1226827,No,0,583,Expert,Low,0,Salaried,7,Wealth Creation,119344,0.0,Avoid Loan
24,2374848,155247,1174289,Yes,1823588,491,Intermediate,Low,1,Business,2,Retirement,42657,0.77,Avoid Loan
22,263099,15882,1121635,No,0,589,Intermediate,Low,2,Self-Employed,9,Wealth Creation,6042,0.0,Avoid Loan
39,605184,18196,2108541,No,0,443,Beginner,Medium,3,Salaried,9,Retirement,32236,0.0,Avoid Loan
43,1984130,63988,568812,Yes,1565990,814,Beginner,Low,5,Business,3,House,101356,0.79,Avoid Loan
26,2134257,91642,439513,Yes,1836030,504,Expert,Medium,1,Salaried,1,House,86212,0.86,Avoid Loan
22,1904775,25998,508021,No,0,774,Beginner,High,1,Self-Employed,2,Wealth Creation,132733,0.0,Save
56,2535886,44479,1622744,No,0,362,Intermediate,Medium,2,Salaried,9,Retirement,166844,0.0,Avoid Loan
45,2037132,48896,2338082,No,0,435,Beginner,Low,2,Salaried,12,House,120865,0.0,Avoid Loan
27,1008402,59612,1000130,No,0,805,Beginner,Medium,0,Self-Employed,1,Retirement,24421,0.0,Save
47,2331150,82609,485332,No,0,370,Intermediate,High,2,Salaried,7,Wealth Creation,111653,0.0,Avoid Loan
31,1908617,121396,328950,No,0,643,Expert,Low,2,Business,2,Wealth Creation,37655,0.0,Save
56,2099052,146266,1423221,Yes,464260,621,Intermediate,Low,5,Self-Employed,5,House,28655,0.22,Save
47,867449,51396,2183178,Yes,352743,441,Intermediate,Medium,0,Salaried,8,Wealth Creation,20891,0.41,Avoid Loan
23,2703267,33413,1265296,Yes,2101697,621,Intermediate,Low,3,Self-Employed,10,Retirement,191859,0.78,Avoid Loan
35,2243762,99273,2231463,Yes,708933,455,Beginner,Low,0,Business,2,Education,87707,0.32,Avoid Loan
21,1486459,54343,244913,No,0,457,Beginner,High,0,Self-Employed,5,House,69528,0.0,Avoid Loan
46,2040395,62817,620976,Yes,1068759,563,Intermediate,High,3,Self-Employed,9,Education,107215,0.52,Avoid Loan
58,502906,28779,962658,No,0,871,Beginner,Medium,1,Business,3,Retirement,13129,0.0,Save
52,321522,23482,1771539,No,0,476,Expert,High,2,Salaried,11,Education,3311,0.0,Avoid Loan
44,1703396,57643,1402450,No,0,350,Beginner,Medium,2,Salaried,7,Retirement,84306,0.0,Avoid Loan
47,1158232,76256,2308531,Yes,988202,714,Intermediate,Low,2,Self-Employed,4,Education,20263,0.85,Avoid Loan
59,2123855,129157,701082,Yes,880448,660,Expert,Low,2,Self-Employed,1,Wealth Creation,47830,0.41,Save
50,1844486,25642,1497643,No,0,766,Expert,Medium,3,Business,5,House,128065,0.0,Save
38,755635,47550,1769311,No,0,573,Beginner,Medium,1,Salaried,12,Retirement,15419,0.0,Avoid Loan
37,1639863,67978,2121920,No,0,416,Expert,Medium,2,Salaried,12,Education,68677,0.0,Avoid Loan
39,2213491,66518,1841924,Yes,1614194,762,Beginner,Medium,1,Business,10,Wealth Creation,117939,0.73,Avoid Loan
42,407315,16017,1459457,Yes,648311,532,Beginner,High,5,Business,8,Education,17925,1.59,Avoid Loan
40,2139991,73321,2306982,No,0,734,Expert,Medium,2,Business,12,Education,105011,0.0,Invest
22,2006728,125111,1535007,No,0,802,Intermediate,Medium,0,Self-Employed,11,Retirement,42116,0.0,Invest
29,2681180,144779,584680,Yes,2371296,553,Intermediate,Low,1,Business,1,Education,78652,0.88,Avoid Loan
49,502917,35539,918121,No,0,651,Intermediate,Low,1,Business,8,Wealth Creation,6370,0.0,Save
48,640754,27145,1550176,No,0,553,Intermediate,Medium,4,Salaried,12,House,26251,0.0,Avoid Loan
32,851754,22811,1846278,No,0,893,Intermediate,Low,2,Salaried,2,Education,48168,0.0,Save
54,1857872,17967,2485751,Yes,2377219,734,Beginner,Medium,2,Salaried,5,Education,136855,1.28,Avoid Loan
34,2568260,23434,281188,Yes,900297,843,Expert,Low,2,Salaried,10,Wealth Creation,190587,0.35,Save
29,1589643,45198,1263511,Yes,397234,499,Beginner,Medium,3,Self-Employed,0,Wealth Creation,87272,0.25,Avoid Loan
49,1284658,92799,1781087,No,0,458,Beginner,Medium,5,Self-Employed,11,Wealth Creation,14255,0.0,Avoid Loan
55,994875,26325,1771730,Yes,908845,553,Intermediate,Medium,5,Salaried,10,Retirement,56581,0.91,Avoid Loan
24,1201149,68787,1551087,Yes,1910545,367,Intermediate,Low,0,Self-Employed,7,Education,31308,1.59,Avoid Loan
25,1464381,46794,950514,No,0,394,Beginner,Medium,5,Business,4,Education,75237,0.0,Avoid Loan
44,2653649,82569,1394183,Yes,1437085,497,Beginner,Medium,1,Business,11,Education,138568,0.54,Avoid Loan
51,353616,26346,2211538,Yes,132185,866,Intermediate,Medium,5,Business,5,Retirement,3122,0.37,Avoid Loan
23,2013076,129369,2355324,No,0,352,Intermediate,Medium,0,Self-Employed,11,House,38387,0.0,Avoid Loan
57,500883,37248,2212830,No,0,857,Expert,Low,4,Self-Employed,2,House,4492,0.0,Save
58,992665,61933,90568,No,0,884,Intermediate,Medium,1,Business,8,Education,20789,0.0,Save
26,2335449,109131,1235037,Yes,1172595,672,Beginner,High,5,Self-Employed,10,Wealth Creation,85489,0.5,Avoid Loan
26,1181058,69877,426176,Yes,631460,897,Beginner,Low,0,Business,7,Education,28544,0.53,Avoid Loan
21,2139482,21554,1215791,No,0,832,Expert,Low,5,Self-Employed,0,Retirement,156736,0.0,Save
58,372338,23488,1456151,No,0,437,Expert,Low,1,Business,9,Wealth Creation,7540,0.0,Avoid Loan
33,413545,28999,1003868,No,0,848,Beginner,Low,0,Business,1,Education,5463,0.0,Save
49,2046835,67922,1637458,Yes,2061833,784,Beginner,Low,3,Self-Employed,9,House,102647,1.01,Avoid Loan
56,614098,16036,1975545,Yes,1055160,419,Intermediate,Low,2,Business,8,Wealth Creation,35138,1.72,Avoid Loan
43,399254,18925,661018,Yes,1076711,573,Expert,Medium,0,Salaried,6,Education,14346,2.7,Avoid Loan
54,432570,17513,2104749,Yes,928623,815,Beginner,Low,2,Self-Employed,7,Retirement,18534,2.15,Avoid Loan
50,2755698,183214,305494,Yes,1362066,605,Expert,Low,0,Business,2,House,46427,0.49,Avoid Loan
27,631525,42728,308781,No,0,829,Beginner,Low,3,Self-Employed,4,House,9899,0.0,Save
57,1097926,40864,2133363,No,0,851,Beginner,High,5,Business,10,Wealth Creation,50629,0.0,Invest
58,1041180,64679,463305,No,0,564,Beginner,High,4,Self-Employed,8,Retirement,22086,0.0,Avoid Loan
27,1138812,28877,425952,No,0,852,Intermediate,High,1,Business,1,House,66024,0.0,Save
35,1261588,31724,157877,No,0,550,Intermediate,Low,5,Business,10,House,73408,0.0,Avoid Loan
29,2900410,205271,2174729,No,0,724,Beginner,High,1,Salaried,0,Wealth Creation,36429,0.0,Save
29,2664818,166475,2443649,Yes,2495006,848,Beginner,Low,4,Salaried,5,House,55593,0.94,Avoid Loan
33,2567097,174218,2345665,No,0,559,Intermediate,Low,2,Salaried,10,Wealth Creation,39706,0.0,Avoid Loan
21,2608543,195019,896207,No,0,731,Beginner,Low,1,Self-Employed,5,Wealth Creation,22359,0.0,Save
50,1512646,38624,92700,Yes,1877526,810,Beginner,High,5,Salaried,3,Wealth Creation,87429,1.24,Avoid Loan
60,823917,19742,2379634,No,0,476,Intermediate,Low,2,Salaried,2,House,48917,0.0,Avoid Loan
52,1888185,95172,1217128,No,0,761,Beginner,Medium,5,Salaried,1,Retirement,62176,0.0,Save
60,2827802,210634,2219679,No,0,381,Intermediate,Low,1,Self-Employed,10,Education,25016,0.0,Avoid Loan
48,1603046,89034,295616,Yes,344519,687,Beginner,Medium,1,Business,0,House,44553,0.21,Save
23,1259817,70896,245278,Yes,982303,635,Intermediate,High,5,Self-Employed,3,Education,34088,0.78,Avoid Loan
49,2953151,199190,1757930,Yes,1148038,632,Expert,Low,0,Self-Employed,12,House,46905,0.39,Save
26,926821,47683,803106,Yes,2402246,787,Intermediate,High,2,Business,6,Retirement,29552,2.59,Avoid Loan
36,1672379,72082,458762,No,0,525,Intermediate,Low,1,Self-Employed,2,House,67282,0.0,Avoid Loan
53,1748484,93588,2295133,No,0,510,Intermediate,High,1,Self-Employed,6,House,52119,0.0,Avoid Loan
51,282698,19388,458461,Yes,495609,728,Intermediate,Low,2,Salaried,5,Wealth Creation,4170,1.75,Avoid Loan
32,1799533,45032,1350872,No,0,608,Beginner,Low,0,Business,2,Wealth Creation,104929,0.0,Save
27,280004,19639,1345364,Yes,2182553,579,Beginner,Low,0,Self-Employed,10,House,3694,7.79,Avoid Loan
56,1675277,114512,1824602,No,0,874,Expert,Medium,3,Self-Employed,6,Wealth Creation,25094,0.0,Invest
38,2209111,130674,45185,Yes,2294073,809,Intermediate,Medium,0,Business,8,Retirement,53418,1.04,Avoid Loan
22,1342552,71577,2289874,Yes,733365,842,Beginner,Low,5,Salaried,1,House,40302,0.55,Avoid Loan
38,2243956,47032,826299,Yes,1349080,447,Intermediate,Medium,1,Business,1,Education,139964,0.6,Avoid Loan
31,1560284,37797,2165275,Yes,2456463,887,Expert,Low,1,Self-Employed,7,Education,92226,1.57,Avoid Loan
42,1355808,17403,2233208,Yes,1837465,427,Beginner,Low,2,Salaried,9,Wealth Creation,95581,1.36,Avoid Loan
43,2194912,91975,2316128,No,0,446,Beginner,High,0,Salaried,1,Retirement,90934,0.0,Avoid Loan
42,1330275,80371,1222308,Yes,140932,489,Beginner,High,1,Self-Employed,0,Education,30485,0.11,Avoid Loan
54,1585135,25952,1726106,No,0,495,Beginner,Medium,0,Salaried,2,House,106142,0.0,Avoid Loan
56,402467,18739,421819,Yes,324852,357,Intermediate,High,4,Self-Employed,4,Retirement,14799,0.81,Avoid Loan
56,2443539,157349,1923469,No,0,893,Beginner,High,1,Salaried,9,Education,46279,0.0,Invest
25,908244,22049,1743855,No,0,508,Expert,Low,4,Self-Employed,8,Retirement,53638,0.0,Avoid Loan
21,1608265,21811,1871569,No,0,363,Beginner,Low,5,Salaried,8,Wealth Creation,112211,0.0,Avoid Loan
55,432599,25677,2485504,Yes,831162,595,Intermediate,Medium,0,Business,1,Wealth Creation,10372,1.92,Avoid Loan
24,290594,20007,1866177,No,0,562,Beginner,Low,5,Business,2,Wealth Creation,4209,0.0,Avoid Loan
37,1853009,94824,2033298,Yes,839992,474,Intermediate,Medium,5,Business,11,Education,59593,0.45,Avoid Loan
50,994915,72436,310348,No,0,762,Beginner,High,5,Self-Employed,8,Retirement,10473,0.0,Save
56,1518426,48732,199520,Yes,581529,861,Beginner,Medium,2,Business,0,Retirement,77803,0.38,Save
32,2606141,188478,212232,Yes,753399,408,Beginner,Medium,3,Business,2,Wealth Creation,28700,0.29,Avoid Loan
58,380048,17811,2226595,Yes,1339111,891,Intermediate,Medium,2,Salaried,3,Retirement,13859,3.52,Avoid Loan
40,2821657,151779,2433423,Yes,2449497,609,Expert,High,3,Self-Employed,8,House,83359,0.87,Avoid Loan
49,1932883,138703,1670115,Yes,909782,447,Intermediate,Medium,0,Business,3,House,22370,0.47,Avoid Loan
46,498323,34315,1115304,Yes,1593527,565,Intermediate,Low,3,Business,3,Wealth Creation,7211,3.2,Avoid Loan
27,2564256,173156,474107,No,0,438,Intermediate,High,5,Self-Employed,8,Retirement,40532,0.0,Avoid Loan
30,638785,15072,647598,Yes,1964635,848,Intermediate,High,2,Business,5,Wealth Creation,38160,3.08,Avoid Loan
36,683686,49292,1595019,No,0,763,Intermediate,High,0,Salaried,10,Education,7681,0.0,Save
32,2498934,132366,1324888,Yes,551630,353,Beginner,Medium,0,Self-Employed,7,House,75878,0.22,Avoid Loan
31,293360,16219,241959,Yes,835258,676,Intermediate,Low,5,Business,7,Retirement,8227,2.85,Avoid Loan
45,398355,19459,1721567,No,0,882,Beginner,Low,3,Salaried,9,Wealth Creation,13737,0.0,Save
27,1816988,123005,1877504,Yes,1663940,595,Intermediate,High,0,Self-Employed,9,Retirement,28410,0.92,Avoid Loan
35,1608197,61010,1575276,No,0,423,Beginner,Medium,0,Self-Employed,3,Wealth Creation,73006,0.0,Avoid Loan
22,1466826,99198,2481940,Yes,156200,852,Beginner,Low,0,Self-Employed,9,Retirement,23037,0.11,Save
58,2195408,133842,873002,Yes,1940441,602,Beginner,High,1,Business,8,Education,49108,0.88,Avoid Loan
31,2883495,204834,416908,Yes,99227,799,Expert,Medium,2,Business,11,Education,35457,0.03,Invest
55,1210334,44978,1950588,No,0,692,Intermediate,Medium,2,Self-Employed,6,House,55883,0.0,Save
28,1801965,86103,429900,No,0,510,Intermediate,Low,0,Salaried,2,House,64060,0.0,Avoid Loan
50,2627946,91462,808396,No,0,438,Intermediate,High,2,Business,4,Education,127533,0.0,Avoid Loan
57,2158525,150213,1153664,Yes,1607499,558,Expert,Low,2,Self-Employed,6,House,29664,0.74,Avoid Loan
40,1009421,65535,653588,No,0,608,Beginner,Medium,0,Business,2,House,18583,0.0,Save
35,2518512,62318,1911716,No,0,410,Expert,Medium,2,Self-Employed,5,Wealth Creation,147558,0.0,Avoid Loan
26,1297020,22894,1961540,Yes,560220,544,Beginner,Medium,4,Self-Employed,8,Education,85191,0.43,Avoid Loan
53,440228,22907,2030567,Yes,1460229,612,Beginner,High,2,Self-Employed,3,Retirement,13778,3.32,Avoid Loan
27,2064723,141926,1972071,No,0,676,Expert,Medium,3,Business,8,Wealth Creation,30134,0.0,Save
34,2063930,17261,323208,Yes,416321,390,Intermediate,High,1,Business,5,Retirement,154733,0.2,Avoid Loan
28,2826067,152827,2395933,No,0,838,Beginner,Low,4,Business,8,Wealth Creation,82678,0.0,Invest
46,2652976,71193,872237,Yes,1382431,480,Intermediate,High,2,Salaried,1,House,149888,0.52,Avoid Loan
30,2213610,87929,468420,Yes,718257,572,Expert,High,2,Salaried,9,Wealth Creation,96538,0.32,Avoid Loan
50,1463797,82122,1081621,No,0,769,Expert,Medium,2,Business,8,House,39861,0.0,Invest
27,695103,22429,468333,No,0,362,Intermediate,High,3,Salaried,6,House,35496,0.0,Avoid Loan
21,1341218,39486,1400688,No,0,848,Expert,Medium,1,Business,5,House,72282,0.0,Save
41,805658,30253,156493,Yes,2211244,688,Expert,High,4,Salaried,8,Education,36885,2.74,Avoid Loan
48,2903009,133630,2472183,No,0,429,Intermediate,Medium,5,Business,7,Education,108287,0.0,Avoid Loan
21,1501534,82723,670855,No,0,470,Expert,Low,4,Salaried,5,Wealth Creation,42404,0.0,Avoid Loan
24,1765981,90877,1671470,No,0,688,Expert,Medium,5,Self-Employed,3,House,56288,0.0,Save
52,1068230,19612,986234,Yes,789690,743,Intermediate,Low,1,Salaried,10,Retirement,69407,0.74,Avoid Loan
28,2061535,54655,2498114,Yes,2033264,421,Intermediate,Medium,3,Self-Employed,3,Retirement,117139,0.99,Avoid Loan
39,419931,27461,1697628,No,0,835,Intermediate,Medium,5,Salaried,4,House,7533,0.0,Save
36,253987,15937,450580,No,0,669,Beginner,Low,1,Salaried,0,Wealth Creation,5228,0.0,Save
24,1007059,68444,730828,Yes,1547230,459,Beginner,Medium,4,Salaried,7,Wealth Creation,15477,1.54,Avoid Loan
57,956550,16812,42637,Yes,146292,547,Expert,Low,5,Self-Employed,10,Education,62900,0.15,Avoid Loan
58,792575,46429,1160524,Yes,742261,602,Beginner,Low,5,Salaried,6,Retirement,19618,0.94,Avoid Loan
57,1042592,42738,1002127,Yes,1087304,615,Expert,High,4,Business,4,Wealth Creation,44144,1.04,Avoid Loan
35,538143,38403,296236,No,0,433,Beginner,Medium,0,Self-Employed,7,Retirement,6442,0.0,Avoid Loan
48,1751687,45474,2199650,Yes,2172601,796,Beginner,Medium,4,Salaried,0,Wealth Creation,100499,1.24,Avoid Loan
40,1609761,88117,1650040,Yes,530057,492,Expert,Low,5,Business,5,Retirement,46029,0.33,Avoid Loan
22,1377526,35398,1543110,Yes,1032257,755,Intermediate,Medium,4,Business,12,Wealth Creation,79395,0.75,Avoid Loan
27,2177144,85532,1375703,No,0,685,Intermediate,High,0,Business,11,House,95896,0.0,Save
37,1598932,73132,1281636,No,0,420,Intermediate,Low,4,Business,11,Education,60112,0.0,Avoid Loan
58,1931620,58839,629539,Yes,2435494,617,Intermediate,Medium,3,Salaried,11,Wealth Creation,102129,1.26,Avoid Loan
24,442107,25616,794581,Yes,1571090,802,Beginner,High,2,Business,11,House,11226,3.55,Avoid Loan
31,517821,18310,1430116,Yes,2025689,376,Beginner,High,3,Salaried,5,House,24841,3.91,Avoid Loan
33,580019,27549,252699,No,0,571,Intermediate,Low,5,Self-Employed,5,House,20785,0.0,Avoid Loan
37,2822417,191882,1267389,Yes,1252951,546,Beginner,Low,0,Self-Employed,11,House,43319,0.44,Avoid Loan
51,558064,20552,847475,No,0,674,Beginner,Medium,5,Business,11,House,25953,0.0,Save
32,947754,43941,1885199,No,0,569,Expert,High,4,Business,3,Education,35038,0.0,Avoid Loan
33,2018488,115781,2147968,Yes,1318308,623,Expert,Medium,5,Business,6,House,52426,0.65,Avoid Loan
30,1386092,29856,1097234,No,0,871,Beginner,Low,3,Salaried,10,House,85651,0.0,Invest
38,377357,25128,1056327,Yes,1769810,604,Intermediate,Low,1,Self-Employed,7,Retirement,6318,4.69,Avoid Loan
35,2828129,26428,540414,No,0,785,Intermediate,Medium,5,Self-Employed,9,Wealth Creation,209249,0.0,Invest
56,1133429,45885,2068014,Yes,1014679,476,Intermediate,Medium,3,Self-Employed,1,Wealth Creation,48567,0.9,Avoid Loan
47,631330,38499,1823578,Yes,2072276,536,Beginner,High,4,Self-Employed,3,Education,14111,3.28,Avoid Loan
36,2263937,93865,866793,Yes,978250,507,Intermediate,Medium,5,Self-Employed,10,House,94796,0.43,Avoid Loan
58,2761829,197838,812563,No,0,420,Beginner,Medium,1,Business,6,Retirement,32314,0.0,Avoid Loan
22,2191850,97881,1876733,No,0,848,Expert,Medium,4,Self-Employed,6,Retirement,84773,0.0,Invest
32,1906272,107547,926626,No,0,410,Beginner,Medium,3,Salaried,2,Retirement,51309,0.0,Avoid Loan
35,2090908,147397,743210,Yes,1708047,390,Intermediate,High,4,Business,2,Retirement,26845,0.82,Avoid Loan
32,2760218,195157,839323,Yes,1033615,765,Intermediate,Medium,5,Self-Employed,0,Education,34861,0.37,Save
37,888136,65214,116746,Yes,2232739,790,Expert,Low,4,Salaried,12,Education,8797,2.51,Avoid Loan
23,728247,46136,1369405,Yes,2072241,415,Beginner,Medium,3,Business,12,Retirement,14551,2.85,Avoid Loan
58,1081961,36204,2391332,No,0,386,Beginner,Medium,2,Salaried,11,Wealth Creation,53959,0.0,Avoid Loan
60,2072883,81338,632582,Yes,2368816,503,Beginner,High,0,Self-Employed,7,House,91402,1.14,Avoid Loan
26,761862,34951,540673,No,0,420,Intermediate,Low,2,Self-Employed,1,Education,28537,0.0,Avoid Loan
45,1922751,28844,1632901,Yes,798246,818,Intermediate,Medium,2,Business,10,Wealth Creation,131385,0.42,Save
45,1361763,81276,1508310,No,0,615,Beginner,Low,1,Business,12,Retirement,32204,0.0,Save
23,2847390,146124,1679190,Yes,108040,833,Intermediate,Low,2,Business,1,House,91158,0.04,Save
47,2512472,33074,316260,No,0,819,Intermediate,Low,2,Salaried,9,Education,176298,0.0,Invest
25,1426436,66601,495428,Yes,1104245,362,Expert,Medium,0,Salaried,5,Retirement,52268,0.77,Avoid Loan
30,595171,21285,1687695,Yes,1980376,585,Beginner,High,4,Salaried,9,Retirement,28312,3.33,Avoid Loan
57,1732905,51816,127843,No,0,653,Intermediate,Medium,4,Business,12,House,92592,0.0,Save
38,2719000,93265,1212960,Yes,316859,493,Beginner,High,1,Salaried,11,Education,133318,0.12,Avoid Loan
57,633460,29764,2079904,No,0,598,Intermediate,Medium,4,Business,0,Wealth Creation,23024,0.0,Avoid Loan
36,1879994,85351,22216,No,0,659,Expert,Medium,4,Salaried,0,House,71315,0.0,Avoid Loan
46,2997233,169209,2139415,No,0,493,Beginner,Low,2,Salaried,0,Wealth Creation,80560,0.0,Avoid Loan
47,1716622,107183,805575,No,0,519,Intermediate,Medium,5,Self-Employed,0,Wealth Creation,35868,0.0,Avoid Loan
58,2887869,59779,683137,Yes,117721,688,Beginner,Medium,3,Salaried,0,Wealth Creation,180876,0.04,Save
21,2001206,147341,591311,Yes,1043519,841,Expert,Medium,2,Salaried,8,Education,19426,0.52,Avoid Loan
55,2616260,91415,843255,Yes,1668445,665,Beginner,Medium,1,Salaried,5,Wealth Creation,126606,0.64,Avoid Loan
44,436560,22858,2091438,No,0,578,Intermediate,High,2,Salaried,5,House,13522,0.0,Avoid Loan
42,2574137,121821,1446547,No,0,794,Intermediate,Low,1,Salaried,1,Retirement,92690,0.0,Save
21,1738221,121010,1979898,Yes,726939,567,Beginner,High,1,Self-Employed,12,House,23841,0.42,Avoid Loan
38,968177,24528,270958,Yes,1928914,770,Beginner,Medium,0,Salaried,9,Education,56153,1.99,Avoid Loan
50,2656673,62626,783230,Yes,1662321,726,Intermediate,High,3,Business,12,Wealth Creation,158763,0.63,Avoid Loan
55,2737473,174937,1424386,Yes,2024661,792,Beginner,Low,3,Salaried,7,House,53185,0.74,Avoid Loan
28,1323736,28846,627974,Yes,1795978,842,Intermediate,Low,5,Business,6,Education,81465,1.36,Avoid Loan
23,2289127,115668,373281,Yes,2188833,671,Intermediate,Low,0,Self-Employed,3,Wealth Creation,75092,0.96,Avoid Loan
46,1013934,71712,1038286,No,0,653,Beginner,Medium,0,Salaried,4,Retirement,12782,0.0,Save
42,470357,16746,1295436,Yes,2434625,747,Beginner,Medium,2,Business,2,Wealth Creation,22450,5.18,Avoid Loan
47,2593988,83314,2223477,No,0,789,Intermediate,Low,5,Business,4,Education,132851,0.0,Save
59,706221,26682,1343667,No,0,410,Intermediate,High,3,Salaried,12,House,32169,0.0,Avoid Loan
22,583107,18820,1095022,No,0,585,Expert,Low,4,Self-Employed,7,Wealth Creation,29772,0.0,Avoid Loan
29,2323085,87344,804135,No,0,840,Intermediate,Medium,1,Self-Employed,0,Retirement,106246,0.0,Save
57,2737351,26769,159048,No,0,720,Beginner,Low,0,Business,8,House,201343,0.0,Save
46,2166558,83051,1856296,No,0,390,Beginner,Medium,3,Self-Employed,12,House,97495,0.0,Avoid Loan
43,1715473,119802,516847,No,0,467,Beginner,High,2,Self-Employed,11,Education,23154,0.0,Avoid Loan
44,2656070,22319,40415,No,0,391,Beginner,Medium,0,Business,2,Education,199020,0.0,Avoid Loan
57,2740523,109870,1052406,Yes,1872210,439,Expert,Medium,1,Business,11,Retirement,118506,0.68,Avoid Loan
48,1174842,46874,1935109,No,0,869,Beginner,High,0,Business,9,House,51029,0.0,Invest
47,1874601,23205,753077,No,0,721,Beginner,Medium,5,Business,11,Wealth Creation,133011,0.0,Invest
45,2480009,22601,2406577,No,0,681,Expert,Medium,2,Self-Employed,11,Wealth Creation,184066,0.0,Save
28,764618,29225,1760890,No,0,711,Beginner,Low,4,Self-Employed,2,Retirement,34493,0.0,Save
60,1357607,82986,2110204,No,0,838,Beginner,Low,0,Business,3,Education,30147,0.0,Save
50,2048740,73841,338642,No,0,456,Intermediate,Low,1,Business,8,Retirement,96887,0.0,Avoid Loan
49,1648177,20599,1389281,Yes,1223627,591,Beginner,High,4,Self-Employed,2,Wealth Creation,116749,0.74,Avoid Loan
33,1637645,121807,604430,Yes,1378815,671,Beginner,High,0,Salaried,12,Retirement,14663,0.84,Avoid Loan
43,2406819,113119,973990,No,0,784,Beginner,Low,4,Business,9,Retirement,87449,0.0,Invest
42,858124,62207,1997393,Yes,1839820,361,Intermediate,Medium,4,Business,3,Wealth Creation,9303,2.14,Avoid Loan
34,1737295,105327,1281877,No,0,444,Beginner,High,2,Self-Employed,12,House,39447,0.0,Avoid Loan
39,1269630,84323,204700,Yes,2371311,582,Beginner,Medium,4,Self-Employed,11,Retirement,21479,1.87,Avoid Loan
46,430188,28896,396553,No,0,415,Beginner,High,0,Salaried,11,Education,6953,0.0,Avoid Loan
32,1140829,32156,682500,Yes,1438389,388,Beginner,Low,1,Business,5,Education,62913,1.26,Avoid Loan
58,2184386,163478,1783315,No,0,609,Beginner,Low,3,Self-Employed,4,Education,18554,0.0,Save
36,732786,54831,1480170,No,0,503,Intermediate,Low,3,Salaried,3,Retirement,6234,0.0,Avoid Loan
51,594248,34911,2091341,Yes,2052444,738,Expert,High,2,Self-Employed,3,Education,14609,3.45,Avoid Loan
24,1482035,94758,1306544,Yes,1928729,892,Beginner,Medium,3,Salaried,12,Wealth Creation,28744,1.3,Avoid Loan
31,1595841,75862,1519885,No,0,711,Intermediate,Low,1,Self-Employed,0,Wealth Creation,57124,0.0,Save
49,2100287,138326,532159,Yes,2320466,773,Beginner,Low,0,Salaried,5,Retirement,36697,1.1,Avoid Loan
40,1348040,53316,1520256,Yes,1170708,737,Intermediate,Low,5,Salaried,6,Education,59020,0.87,Avoid Loan
44,2045281,18395,1407291,Yes,681599,798,Beginner,Low,3,Salaried,10,Retirement,152045,0.33,Save
60,2181595,151836,2210454,Yes,1681984,392,Expert,Low,5,Salaried,7,Education,29963,0.77,Avoid Loan
21,507825,25037,2458310,No,0,863,Intermediate,Low,0,Salaried,7,Education,17281,0.0,Save
60,2323472,35883,1705616,No,0,419,Beginner,High,0,Business,5,Wealth Creation,157739,0.0,Avoid Loan
47,1947513,77151,1227004,Yes,67219,669,Intermediate,High,2,Business,7,Wealth Creation,85141,0.03,Save
28,2755936,74707,793860,No,0,402,Intermediate,Medium,3,Self-Employed,12,Retirement,154954,0.0,Avoid Loan
26,2615814,139842,1752608,Yes,744208,621,Intermediate,Medium,0,Salaried,2,Retirement,78142,0.28,Save
25,362155,17653,1005548,Yes,1009459,590,Intermediate,Medium,0,Salaried,8,Retirement,12526,2.79,Avoid Loan
21,2739077,27345,544577,Yes,1021197,646,Beginner,Low,0,Business,8,Wealth Creation,200911,0.37,Save
30,698136,16961,1924220,Yes,1188594,540,Intermediate,High,0,Self-Employed,1,Wealth Creation,41217,1.7,Avoid Loan
44,295155,19097,1162239,No,0,720,Expert,Medium,1,Business,2,Retirement,5499,0.0,Save
33,1910728,43236,578825,No,0,612,Intermediate,Low,3,Self-Employed,8,House,115991,0.0,Save
42,949157,35303,1562963,No,0,379,Beginner,Medium,5,Business,10,Education,43793,0.0,Avoid Loan
31,2298920,65152,1865266,No,0,645,Intermediate,Medium,5,Business,3,Education,126424,0.0,Save
27,526535,37523,2245963,No,0,694,Beginner,Medium,1,Self-Employed,8,Retirement,6354,0.0,Save
30,745048,43384,2075622,No,0,724,Beginner,Low,1,Self-Employed,6,Education,18703,0.0,Save
42,2138041,108571,1576892,Yes,1905044,426,Intermediate,Low,1,Self-Employed,9,Education,69599,0.89,Avoid Loan
46,2912317,116950,23019,No,0,706,Expert,Low,0,Business,6,Retirement,125743,0.0,Avoid Loan
30,2356549,112103,2010013,No,0,713,Expert,Medium,1,Business,4,Wealth Creation,84276,0.0,Save
21,2907944,146603,1411379,Yes,107110,850,Expert,Low,1,Business,12,Retirement,95725,0.04,Invest
37,1201767,51271,798885,No,0,528,Intermediate,Medium,2,Self-Employed,1,Retirement,48876,0.0,Avoid Loan
51,2260125,137888,789902,Yes,1069754,365,Beginner,Low,0,Business,2,Education,50455,0.47,Avoid Loan
23,2073030,110406,1396395,Yes,244601,562,Expert,High,1,Business,9,Education,62346,0.12,Avoid Loan
53,940276,40823,1440341,Yes,289961,568,Beginner,Low,2,Self-Employed,5,Education,37533,0.31,Avoid Loan
51,1912106,113884,1817527,Yes,1003368,886,Expert,Medium,4,Business,8,Education,45458,0.52,Avoid Loan
33,454548,33714,510218,No,0,442,Beginner,Low,0,Salaried,11,Retirement,4165,0.0,Avoid Loan
48,2122616,106527,1626789,No,0,700,Intermediate,High,5,Salaried,2,House,70357,0.0,Save
46,1092856,26656,1360784,Yes,465227,539,Beginner,Medium,3,Salaried,2,Retirement,64415,0.43,Avoid Loan
48,375500,25923,609988,Yes,758413,760,Expert,High,1,Business,3,Retirement,5368,2.02,Avoid Loan
28,1394254,89667,500957,No,0,495,Beginner,Medium,1,Salaried,3,Retirement,26520,0.0,Avoid Loan
53,1523690,53025,724962,Yes,1489296,536,Beginner,Low,0,Salaried,6,Education,73949,0.98,Avoid Loan
40,361828,26979,2348038,No,0,767,Beginner,Low,1,Business,3,Education,3173,0.0,Save
56,1264312,83604,2360037,Yes,1664267,636,Beginner,Low,2,Salaried,0,Education,21755,1.32,Avoid Loan
43,692892,22332,2285683,Yes,2265616,724,Expert,Low,5,Business,8,Wealth Creation,35409,3.27,Avoid Loan
26,2200396,62117,1642793,Yes,315170,646,Beginner,Low,1,Salaried,2,House,121249,0.14,Save
37,1853953,124336,1006282,No,0,628,Expert,High,0,Salaried,0,Retirement,30160,0.0,Save
21,410275,18520,1537977,No,0,898,Beginner,Medium,1,Business,1,Wealth Creation,15669,0.0,Save
31,1005156,59822,1292699,No,0,544,Beginner,Low,3,Salaried,5,Retirement,23941,0.0,Avoid Loan
49,2026242,130645,2320919,No,0,358,Intermediate,High,0,Salaried,10,Education,38208,0.0,Avoid Loan
43,2546638,135625,1716225,No,0,836,Intermediate,Low,0,Salaried,6,Wealth Creation,76594,0.0,Invest
57,2274408,91629,769074,Yes,1816747,860,Expert,High,0,Self-Employed,11,Wealth Creation,97905,0.8,Avoid Loan
24,1083920,25663,1673876,No,0,584,Intermediate,Low,1,Business,12,Wealth Creation,64663,0.0,Avoid Loan
45,2718024,102927,2262569,Yes,1486735,820,Beginner,Low,4,Business,11,Wealth Creation,123575,0.55,Avoid Loan
31,1712333,57081,124835,Yes,2265056,835,Expert,Medium,5,Salaried,5,Retirement,85613,1.32,Avoid Loan
28,2413232,154151,558596,Yes,121310,395,Intermediate,Low,1,Self-Employed,0,Retirement,46951,0.05,Avoid Loan
36,1460342,45893,1871303,No,0,448,Expert,Medium,3,Self-Employed,9,Education,75802,0.0,Avoid Loan
38,2606780,76749,1615018,No,0,433,Expert,Medium,2,Salaried,5,Education,140482,0.0,Avoid Loan
27,897011,61568,199999,Yes,2020156,376,Expert,Low,3,Business,8,Retirement,13182,2.25,Avoid Loan
47,305366,15535,860927,No,0,632,Beginner,High,1,Business,7,House,9912,0.0,Save
22,1033873,52495,1380587,No,0,786,Beginner,High,5,Salaried,6,Education,33661,0.0,Invest
30,771099,28086,682522,No,0,774,Intermediate,Medium,0,Salaried,9,Education,36172,0.0,Invest
39,2402582,101404,2444984,No,0,402,Beginner,Medium,0,Salaried,7,House,98811,0.0,Avoid Loan
26,1801192,25119,464509,Yes,816099,763,Intermediate,Medium,5,Business,9,Retirement,124980,0.45,Save
26,2266574,138288,20226,No,0,456,Intermediate,Low,3,Salaried,8,House,50593,0.0,Avoid Loan
32,2583179,64076,2009670,No,0,587,Beginner,Medium,5,Self-Employed,12,House,151188,0.0,Avoid Loan
57,2954591,78513,336750,No,0,892,Beginner,High,1,Business,4,Education,167702,0.0,Save
36,2746416,198013,727869,Yes,376554,703,Beginner,Low,1,Salaried,3,House,30855,0.14,Save
60,1483982,96434,599311,Yes,1429186,505,Beginner,High,0,Salaried,10,House,27231,0.96,Avoid Loan
55,1583667,32393,2478799,Yes,1821919,737,Intermediate,High,4,Salaried,2,Retirement,99579,1.15,Avoid Loan
54,2171630,100942,2135762,Yes,469645,360,Beginner,Medium,0,Self-Employed,2,Wealth Creation,80027,0.22,Avoid Loan
48,2745191,26444,1859694,Yes,1400635,707,Beginner,Low,5,Business,11,Retirement,202321,0.51,Avoid Loan
48,697936,48200,1183868,Yes,1244997,397,Beginner,High,4,Salaried,2,House,9961,1.78,Avoid Loan
29,487479,28340,2325378,Yes,2167043,364,Intermediate,Low,3,Business,8,Wealth Creation,12283,4.45,Avoid Loan
51,591911,43054,683935,Yes,65615,478,Beginner,Low,1,Salaried,8,Education,6271,0.11,Avoid Loan
44,745996,20296,560823,Yes,830470,632,Expert,High,4,Business,3,Wealth Creation,41870,1.11,Avoid Loan
58,2046003,58659,1452120,Yes,291499,615,Intermediate,Low,1,Salaried,0,Retirement,111841,0.14,Save
50,2741080,20256,470334,No,0,899,Beginner,Low,4,Salaried,9,House,208167,0.0,Invest
44,2459532,163804,2192364,No,0,612,Intermediate,Medium,1,Self-Employed,0,House,41157,0.0,Save
35,2382632,146935,2105088,Yes,1741223,609,Beginner,Medium,1,Salaried,12,Retirement,51617,0.73,Avoid Loan
32,2834227,30429,1563092,No,0,652,Intermediate,Low,4,Business,12,Wealth Creation,205756,0.0,Save
49,701989,26590,2103273,No,0,696,Beginner,High,1,Self-Employed,6,Wealth Creation,31909,0.0,Save
56,2395070,67183,570056,Yes,1732427,516,Intermediate,Medium,1,Self-Employed,3,Wealth Creation,132406,0.72,Avoid Loan
34,595332,38198,1199091,No,0,530,Intermediate,Medium,1,Self-Employed,9,Education,11413,0.0,Avoid Loan
25,1376474,16655,1677325,Yes,2030368,800,Expert,High,3,Self-Employed,10,Education,98051,1.48,Avoid Loan
22,2559784,52506,1959218,No,0,781,Expert,Low,4,Business,8,Retirement,160809,0.0,Invest
23,2415968,123936,1522568,No,0,868,Expert,Low,2,Self-Employed,5,House,77394,0.0,Save
50,2560913,190961,2291634,No,0,442,Expert,Medium,3,Salaried,7,Retirement,22448,0.0,Avoid Loan
24,954653,34778,548084,Yes,604100,396,Expert,Medium,3,Self-Employed,5,Retirement,44776,0.63,Avoid Loan
42,767455,15421,2107585,No,0,586,Beginner,High,0,Business,6,Wealth Creation,48533,0.0,Avoid Loan
51,498527,22062,29581,No,0,837,Intermediate,Low,3,Salaried,8,Retirement,19481,0.0,Avoid Loan
25,1813396,76438,1551642,Yes,970302,705,Intermediate,High,2,Salaried,1,Retirement,74678,0.54,Avoid Loan
50,2783132,37344,26923,Yes,1081943,427,Expert,Low,2,Salaried,0,Retirement,194583,0.39,Avoid Loan
49,287425,19765,1606634,Yes,2334262,579,Intermediate,Low,4,Self-Employed,9,Wealth Creation,4187,8.12,Avoid Loan
58,1095619,19715,1412600,Yes,736564,889,Intermediate,Medium,0,Salaried,7,Retirement,71586,0.67,Avoid Loan
40,2032439,39623,2143897,No,0,858,Expert,Low,4,Salaried,10,Retirement,129746,0.0,Invest
38,2908025,65897,1221033,No,0,676,Beginner,Low,0,Salaried,10,Education,176438,0.0,Save
21,2839066,122019,986906,No,0,439,Intermediate,Medium,3,Business,8,Wealth Creation,114569,0.0,Avoid Loan
42,362325,19759,1109331,No,0,379,Beginner,Low,0,Salaried,0,Retirement,10434,0.0,Avoid Loan
23,414526,26093,2042163,No,0,875,Intermediate,Medium,2,Self-Employed,3,Education,8450,0.0,Save
44,1923286,15866,852435,No,0,852,Beginner,High,0,Business,3,Education,144407,0.0,Save
56,759355,40461,1862486,No,0,503,Expert,High,1,Salaried,4,House,22818,0.0,Avoid Loan
21,705583,27327,1961833,No,0,775,Beginner,Medium,2,Business,10,Wealth Creation,31471,0.0,Invest
52,2292352,46457,942042,Yes,2062539,453,Beginner,Low,4,Salaried,9,Retirement,144572,0.9,Avoid Loan
51,542658,18907,1888743,No,0,633,Beginner,Low,3,Business,4,Education,26314,0.0,Save
33,2613505,42150,1420614,Yes,828573,794,Intermediate,Low,5,Self-Employed,6,Retirement,175642,0.32,Save
48,2884776,214511,640281,Yes,1209161,647,Expert,High,0,Business,12,House,25887,0.42,Save
40,1580568,70267,1874322,Yes,90913,396,Intermediate,Low,0,Self-Employed,11,House,61447,0.06,Avoid Loan
50,961030,62578,2437074,Yes,574624,644,Expert,High,0,Business,2,House,17507,0.6,Avoid Loan
29,2586164,151439,966462,No,0,898,Beginner,Low,3,Business,9,Wealth Creation,64074,0.0,Invest
21,2374445,162956,146278,Yes,927069,620,Intermediate,Medium,4,Salaried,2,House,34914,0.39,Save
25,1436209,28365,1019428,Yes,1238874,534,Beginner,Medium,3,Self-Employed,12,Wealth Creation,91319,0.86,Avoid Loan
38,2069125,82547,1019486,Yes,2210681,852,Beginner,Medium,5,Self-Employed,11,Retirement,89880,1.07,Avoid Loan
44,818167,60792,648460,No,0,767,Beginner,High,1,Business,6,Education,7388,0.0,Save
48,2202008,74553,2097208,No,0,875,Intermediate,Low,2,Self-Employed,10,House,108947,0.0,Invest
50,2103019,84298,1293770,Yes,2289945,843,Beginner,Low,1,Self-Employed,0,Wealth Creation,90953,1.09,Avoid Loan
36,2672483,26139,410538,Yes,2467125,617,Intermediate,Medium,0,Salaried,9,House,196567,0.92,Avoid Loan
22,2100289,149569,670101,Yes,1840001,634,Intermediate,High,2,Self-Employed,0,Wealth Creation,25455,0.88,Avoid Loan
46,336822,15564,1071095,No,0,784,Beginner,Medium,3,Business,11,House,12504,0.0,Save
24,1058122,22569,1192242,Yes,1110468,589,Expert,Low,0,Salaried,4,Education,65607,1.05,Avoid Loan
44,2144283,54576,595763,No,0,770,Intermediate,Medium,3,Business,1,Wealth Creation,124114,0.0,Save
59,353206,25530,2082527,No,0,825,Beginner,Low,2,Business,6,Education,3903,0.0,Save
59,1907683,84615,1155653,Yes,809461,661,Intermediate,Low,2,Self-Employed,9,Wealth Creation,74358,0.42,Save
40,1374851,47174,830122,Yes,1164494,588,Beginner,Low,4,Self-Employed,10,Wealth Creation,67396,0.85,Avoid Loan
36,2990662,26198,317970,Yes,1654899,706,Expert,Medium,1,Salaried,4,Wealth Creation,223023,0.55,Avoid Loan
39,1336022,45628,2160238,No,0,455,Intermediate,Low,1,Self-Employed,4,Retirement,65707,0.0,Avoid Loan
24,1756019,84926,1905899,Yes,797786,730,Beginner,Low,1,Salaried,5,Retirement,61408,0.45,Save
22,1196259,71574,1196989,Yes,108596,439,Beginner,Low,3,Self-Employed,8,Education,28114,0.09,Avoid Loan
22,2496863,118138,421593,Yes,123791,562,Beginner,Low,0,Self-Employed,7,House,89933,0.05,Avoid Loan
24,1106669,81536,1978606,No,0,369,Beginner,Low,0,Salaried,5,House,10686,0.0,Avoid Loan
40,2159945,124107,1514018,Yes,1177399,478,Beginner,Medium,5,Self-Employed,6,House,55888,0.55,Avoid Loan
60,2434512,162926,659750,No,0,858,Intermediate,Low,2,Business,7,House,39950,0.0,Invest
22,1602774,105118,503055,No,0,463,Beginner,High,5,Salaried,1,House,28446,0.0,Avoid Loan
35,1659858,123125,987903,No,0,589,Beginner,Low,3,Business,2,House,15196,0.0,Avoid Loan
25,539741,19240,1390505,Yes,870170,794,Beginner,Medium,2,Salaried,5,House,25738,1.61,Avoid Loan
25,827400,48334,955736,Yes,708664,754,Beginner,Medium,3,Salaried,1,House,20616,0.86,Avoid Loan
59,1913505,59643,313840,Yes,1653955,449,Expert,Medium,2,Self-Employed,6,Wealth Creation,99815,0.86,Avoid Loan
38,1588871,108866,2139651,No,0,522,Beginner,Medium,1,Salaried,8,Wealth Creation,23539,0.0,Avoid Loan
30,2383493,167511,1555501,No,0,865,Beginner,High,0,Salaried,7,Retirement,31113,0.0,Invest
37,2161590,68995,1939947,No,0,570,Expert,Low,5,Business,12,Retirement,111137,0.0,Avoid Loan
33,1035424,27285,1002631,No,0,859,Intermediate,Medium,3,Self-Employed,8,Education,59000,0.0,Invest
48,1067329,28041,961071,Yes,1263651,540,Intermediate,Low,3,Business,7,Wealth Creation,60903,1.18,Avoid Loan
46,629558,27544,358393,No,0,383,Intermediate,Medium,5,Self-Employed,10,Education,24919,0.0,Avoid Loan
49,725958,46011,1214146,Yes,744345,482,Intermediate,Medium,2,Salaried,4,Retirement,14485,1.03,Avoid Loan
40,2564674,122908,1985848,No,0,727,Expert,Medium,5,Salaried,5,House,90814,0.0,Save
48,2114102,86360,524706,No,0,742,Intermediate,Medium,3,Salaried,7,Retirement,89815,0.0,Invest
30,2185775,18276,2194057,Yes,2437004,587,Expert,High,2,Business,8,Retirement,163871,1.11,Avoid Loan
21,2953455,159629,2433659,No,0,466,Intermediate,Medium,0,Salaried,9,House,86492,0.0,Avoid Loan
40,1003158,66750,971754,Yes,1151649,619,Beginner,Medium,4,Salaried,7,Education,16846,1.15,Avoid Loan
38,2817349,183800,2152255,Yes,1060073,539,Expert,Low,0,Salaried,8,Education,50979,0.38,Avoid Loan
47,1921315,124449,678761,No,0,461,Beginner,Low,5,Salaried,2,Wealth Creation,35660,0.0,Avoid Loan
36,444712,17690,486101,No,0,630,Intermediate,High,2,Self-Employed,8,House,19369,0.0,Save
53,573300,16186,1529824,No,0,525,Beginner,Low,3,Salaried,9,Retirement,31589,0.0,Avoid Loan
40,1352435,58787,1787952,Yes,1265601,453,Expert,Medium,2,Self-Employed,10,Retirement,53915,0.94,Avoid Loan
39,2788519,34430,290653,No,0,874,Intermediate,Low,0,Self-Employed,9,Wealth Creation,197946,0.0,Save
30,554902,35978,2005915,Yes,512828,814,Expert,High,3,Self-Employed,6,Education,10263,0.92,Avoid Loan
58,775552,50836,2131004,No,0,383,Intermediate,Medium,5,Salaried,7,Education,13793,0.0,Avoid Loan
56,1825877,31369,898121,No,0,831,Expert,Medium,0,Business,0,Wealth Creation,120787,0.0,Save
30,496429,27764,1475281,Yes,1630884,858,Beginner,Low,2,Salaried,0,Education,13605,3.29,Avoid Loan
21,801488,35120,1110938,Yes,116307,851,Expert,Medium,0,Self-Employed,4,House,31670,0.15,Save
52,1318604,63163,1022338,No,0,807,Expert,Low,5,Business,9,Wealth Creation,46720,0.0,Invest
35,767519,27588,1629263,No,0,578,Expert,Medium,4,Business,6,Retirement,36371,0.0,Avoid Loan
46,1604138,43344,544740,Yes,1973586,516,Beginner,Low,2,Salaried,1,House,90334,1.23,Avoid Loan
33,2453721,116976,263407,Yes,2060855,565,Beginner,High,4,Self-Employed,7,House,87500,0.84,Avoid Loan
40,581583,29503,1575830,No,0,814,Intermediate,Medium,2,Salaried,11,House,18962,0.0,Save
49,1945123,122864,339868,Yes,134443,698,Beginner,High,2,Self-Employed,2,Retirement,39229,0.07,Save
36,262098,19553,2146846,No,0,444,Intermediate,Medium,3,Self-Employed,8,House,2288,0.0,Avoid Loan
25,460718,15391,1305702,Yes,1666545,357,Beginner,Low,4,Self-Employed,1,House,23002,3.62,Avoid Loan
58,1497515,68487,177018,No,0,537,Expert,Low,5,Business,0,Education,56305,0.0,Avoid Loan
60,2590612,71105,404587,Yes,1071834,625,Intermediate,High,1,Salaried,3,Wealth Creation,144779,0.41,Save
21,2522315,20700,513154,Yes,2459937,829,Expert,High,3,Business,3,House,189492,0.98,Avoid Loan
35,636403,43620,1615423,No,0,471,Intermediate,Medium,1,Business,5,Wealth Creation,9413,0.0,Avoid Loan
50,2157309,125013,1936663,Yes,522772,895,Beginner,High,3,Business,5,Wealth Creation,54762,0.24,Save
33,2113224,36016,2114293,No,0,745,Expert,High,0,Business,8,Education,140086,0.0,Invest
56,2196850,159762,191805,No,0,766,Intermediate,Medium,5,Business,0,Retirement,23308,0.0,Save
50,745082,26758,1147956,No,0,684,Beginner,Low,2,Business,8,House,35332,0.0,Save
43,1101724,34991,1111284,No,0,553,Beginner,Medium,4,Salaried,2,Education,56819,0.0,Avoid Loan
44,1238775,20415,1410866,No,0,727,Intermediate,High,4,Salaried,8,Retirement,82816,0.0,Invest
21,1141377,65792,1566510,Yes,1503400,700,Beginner,Low,3,Business,3,House,29322,1.32,Avoid Loan
21,1143751,75958,966025,Yes,1629264,751,Beginner,Medium,4,Business,12,House,19354,1.42,Avoid Loan
56,2147744,79726,170461,No,0,364,Expert,Medium,0,Self-Employed,7,Education,99252,0.0,Avoid Loan
35,2196974,84586,853091,Yes,275515,872,Beginner,Medium,5,Business,0,House,98495,0.13,Save
32,642393,25530,129812,Yes,255519,566,Intermediate,High,1,Salaried,8,Education,28002,0.4,Avoid Loan
37,1976738,32931,1936672,No,0,438,Beginner,Medium,4,Self-Employed,12,Wealth Creation,131797,0.0,Avoid Loan
35,1053850,30184,1291512,Yes,444653,534,Expert,Medium,0,Salaried,12,House,57636,0.42,Avoid Loan
27,2735810,158420,2099319,No,0,710,Intermediate,Medium,3,Self-Employed,3,Education,69564,0.0,Save
27,1732249,89736,630398,No,0,475,Beginner,Low,3,Business,0,Education,54618,0.0,Avoid Loan
36,1341440,93454,2258214,No,0,657,Beginner,High,1,Business,8,Education,18332,0.0,Save
36,809643,26132,991179,No,0,884,Beginner,Low,5,Business,12,Education,41338,0.0,Invest
54,887847,61946,1889152,No,0,609,Beginner,High,4,Business,0,Wealth Creation,12041,0.0,Save
53,1385632,74703,231955,Yes,2273750,570,Beginner,Medium,4,Self-Employed,1,Retirement,40766,1.64,Avoid Loan
43,1593462,119360,1376194,No,0,570,Intermediate,Low,1,Business,4,Retirement,13428,0.0,Avoid Loan
54,1248585,71949,742285,No,0,389,Expert,Medium,1,Self-Employed,6,Retirement,32099,0.0,Avoid Loan
41,454896,26291,723693,No,0,390,Beginner,Medium,4,Salaried,0,Retirement,11617,0.0,Avoid Loan
43,710747,32624,1299166,Yes,742223,448,Beginner,Medium,5,Salaried,1,Wealth Creation,26604,1.04,Avoid Loan
42,1715286,47248,631268,Yes,2152440,516,Intermediate,High,3,Self-Employed,11,House,95692,1.25,Avoid Loan
55,1850237,32385,896853,Yes,2150572,618,Intermediate,Low,5,Self-Employed,9,Wealth Creation,121801,1.16,Avoid Loan
32,2843778,95076,979282,No,0,889,Beginner,Low,5,Salaried,1,Wealth Creation,141905,0.0,Save
35,2528128,65108,323179,Yes,2352886,545,Beginner,Low,5,Salaried,2,Retirement,145569,0.93,Avoid Loan
25,2309293,65668,1506827,No,0,471,Beginner,Low,0,Business,1,Education,126773,0.0,Avoid Loan
40,2622865,130289,2019652,Yes,300899,540,Expert,Medium,3,Self-Employed,9,House,88283,0.11,Avoid Loan
48,2749559,98014,1104745,No,0,747,Intermediate,Low,3,Business,1,Retirement,131115,0.0,Save
51,337387,18757,1709633,Yes,1593066,558,Expert,Medium,5,Business,8,Retirement,9358,4.72,Avoid Loan
47,1815045,96170,2096361,No,0,634,Intermediate,Low,3,Self-Employed,1,Education,55083,0.0,Save
33,1882448,88327,381085,Yes,1663192,595,Beginner,Medium,5,Business,9,Education,68543,0.88,Avoid Loan
22,2893589,183058,2481193,Yes,1805119,408,Intermediate,High,2,Self-Employed,1,House,58074,0.62,Avoid Loan
27,2556559,65511,516842,Yes,2421495,397,Expert,Medium,0,Self-Employed,7,House,147535,0.95,Avoid Loan
21,1109702,67929,2052001,Yes,1549824,735,Intermediate,Medium,5,Business,3,Retirement,24546,1.4,Avoid Loan
39,900976,54117,1813797,Yes,1618048,465,Beginner,Low,1,Business,3,Wealth Creation,20964,1.8,Avoid Loan
34,2632979,15495,503792,No,0,631,Intermediate,Medium,4,Salaried,7,House,203919,0.0,Save
51,789811,40727,545441,Yes,1906115,611,Beginner,Low,5,Salaried,12,Retirement,25090,2.41,Avoid Loan
25,453696,22033,2008782,No,0,741,Beginner,High,0,Self-Employed,12,Retirement,15775,0.0,Save
29,2204107,106162,273256,Yes,2011192,773,Beginner,Low,4,Salaried,9,Education,77513,0.91,Avoid Loan
23,2555195,178634,2431666,No,0,654,Beginner,Low,5,Business,7,Wealth Creation,34298,0.0,Save
42,2165300,160498,1487006,Yes,1655778,849,Expert,Medium,1,Self-Employed,3,Retirement,19943,0.76,Avoid Loan
43,461322,17089,2016882,Yes,2238863,790,Beginner,Low,1,Salaried,7,House,21354,4.85,Avoid Loan
39,1119769,68782,277135,Yes,1657947,403,Intermediate,Low,5,Self-Employed,4,Education,24532,1.48,Avoid Loan
54,2048410,134053,1119917,No,0,404,Intermediate,High,4,Self-Employed,9,House,36647,0.0,Avoid Loan
51,2675070,47830,2278952,No,0,526,Intermediate,High,0,Salaried,6,House,175092,0.0,Avoid Loan
41,1354647,45388,1685007,Yes,1054054,575,Beginner,Low,4,Business,5,House,67499,0.78,Avoid Loan
34,864472,41478,907046,No,0,717,Beginner,Low,1,Self-Employed,10,Retirement,30561,0.0,Save
47,2000972,98821,1357132,Yes,1128564,364,Beginner,Medium,4,Salaried,10,Education,67926,0.56,Avoid Loan
34,302752,19096,1930885,Yes,2339046,482,Beginner,High,5,Salaried,8,House,6133,7.73,Avoid Loan
25,1401444,18565,1887945,Yes,2044512,813,Intermediate,High,1,Business,10,House,98222,1.46,Avoid Loan
46,804865,42382,308422,Yes,2031826,450,Beginner,High,0,Salaried,3,Retirement,24690,2.52,Avoid Loan
31,2796290,55017,1266106,Yes,778765,405,Intermediate,Medium,4,Business,8,House,178007,0.28,Avoid Loan
39,2172625,20030,1211909,No,0,586,Beginner,High,1,Salaried,7,Education,161022,0.0,Avoid Loan
53,680428,29139,669033,Yes,1826448,393,Expert,High,0,Self-Employed,11,Retirement,27563,2.68,Avoid Loan
43,1942521,74315,537691,Yes,1170271,756,Beginner,Medium,1,Self-Employed,0,House,87561,0.6,Avoid Loan
57,329321,15958,1043477,No,0,478,Intermediate,Medium,2,Salaried,4,Education,11485,0.0,Avoid Loan
21,2625303,176423,879837,Yes,1674879,790,Beginner,Low,1,Business,10,Retirement,42352,0.64,Avoid Loan
40,2024206,24499,950815,No,0,677,Beginner,Low,0,Salaried,0,Education,144184,0.0,Save
41,391768,29305,1917724,Yes,1189391,895,Expert,Low,2,Business,0,Education,3342,3.04,Avoid Loan
60,2279609,102991,371109,No,0,758,Beginner,Low,3,Business,10,House,86976,0.0,Invest
45,1890601,93665,747555,No,0,745,Intermediate,High,4,Business,2,Wealth Creation,63885,0.0,Save
57,1543566,99678,1861217,Yes,238061,590,Expert,Low,5,Salaried,9,Wealth Creation,28952,0.15,Avoid Loan
52,338016,18478,889412,No,0,678,Beginner,Medium,3,Salaried,10,House,9690,0.0,Save
58,1612813,102781,1393173,Yes,730497,483,Expert,Medium,5,Salaried,5,Retirement,31620,0.45,Avoid Loan
30,386622,21481,592433,No,0,715,Expert,Low,2,Self-Employed,0,Retirement,10737,0.0,Save
38,854418,41786,1384625,Yes,1084885,381,Beginner,Low,0,Salaried,5,Education,29415,1.27,Avoid Loan
53,283381,18595,919028,Yes,1432289,601,Intermediate,Low,4,Business,1,House,5020,5.05,Avoid Loan
49,2308104,20414,2249530,Yes,1802921,783,Expert,High,3,Self-Employed,5,Education,171928,0.78,Avoid Loan
31,1817447,86650,755316,No,0,713,Expert,High,0,Self-Employed,3,Wealth Creation,64803,0.0,Save
23,1783098,33845,511236,Yes,2143769,895,Intermediate,Medium,1,Business,2,Retirement,114746,1.2,Avoid Loan
24,521651,36384,1424552,No,0,440,Beginner,High,1,Business,3,House,7086,0.0,Avoid Loan
26,1607325,100145,958657,No,0,541,Beginner,Low,2,Self-Employed,11,Retirement,33798,0.0,Avoid Loan
36,452609,16875,2118364,No,0,536,Beginner,Low,3,Self-Employed,12,Retirement,20842,0.0,Avoid Loan
43,2777453,122206,1813640,No,0,780,Beginner,Medium,1,Self-Employed,2,Education,109248,0.0,Save
58,1675429,40456,359510,No,0,521,Intermediate,Low,5,Business,2,House,99163,0.0,Avoid Loan
52,2129017,152349,1911498,Yes,1007779,801,Expert,Low,2,Self-Employed,8,Wealth Creation,25069,0.47,Avoid Loan
54,2384252,178791,2358330,No,0,846,Intermediate,Low,2,Salaried,2,Wealth Creation,19896,0.0,Save
51,2290314,28701,701728,No,0,850,Intermediate,Medium,1,Salaried,12,House,162158,0.0,Invest
40,2423095,130205,719333,Yes,1579860,726,Expert,Medium,3,Salaried,2,Education,71719,0.65,Avoid Loan
48,1858890,108616,1954923,Yes,535976,567,Intermediate,High,4,Salaried,0,Education,46291,0.29,Avoid Loan
31,1307557,90256,313001,Yes,1813719,500,Intermediate,Medium,2,Business,11,Retirement,18707,1.39,Avoid Loan
37,356674,16465,2005963,Yes,858638,396,Expert,Medium,4,Self-Employed,7,Retirement,13257,2.41,Avoid Loan
36,2484191,31916,1801729,No,0,623,Expert,Medium,5,Salaried,1,Education,175099,0.0,Save
38,2013030,127341,2177025,Yes,1362312,620,Expert,Medium,1,Self-Employed,0,Wealth Creation,40411,0.68,Avoid Loan
22,1718876,44601,777252,Yes,1417433,669,Beginner,Low,4,Business,4,Education,98638,0.82,Avoid Loan
25,1144052,38134,1243009,Yes,2435983,701,Beginner,Low,1,Business,9,Education,57203,2.13,Avoid Loan
57,759732,37710,218932,No,0,816,Beginner,Medium,1,Self-Employed,3,Education,25601,0.0,Save
21,1536719,84966,1095046,Yes,2453474,597,Intermediate,Medium,4,Business,12,Wealth Creation,43093,1.6,Avoid Loan
47,1466051,90761,1439438,No,0,844,Beginner,Low,1,Salaried,7,Education,31409,0.0,Invest
24,2364606,153592,2347584,Yes,745960,492,Intermediate,Low,2,Salaried,11,Education,43458,0.32,Avoid Loan
55,917423,32541,1555080,No,0,723,Intermediate,High,3,Business,6,House,43910,0.0,Invest
40,501425,26680,905253,Yes,2153794,428,Intermediate,High,3,Salaried,5,House,15105,4.3,Avoid Loan
24,1640642,85782,641313,Yes,1390319,552,Intermediate,Low,4,Salaried,1,Retirement,50938,0.85,Avoid Loan
25,530711,23992,2262108,Yes,191135,806,Beginner,Low,0,Salaried,12,Retirement,20233,0.36,Save
48,1416319,76958,1387707,No,0,839,Beginner,Medium,1,Self-Employed,3,House,41068,0.0,Save
57,424597,27380,2257752,No,0,418,Beginner,High,4,Self-Employed,1,Wealth Creation,8003,0.0,Avoid Loan
21,1914095,112891,948676,Yes,1391146,772,Expert,Medium,3,Business,0,Retirement,46616,0.73,Avoid Loan
35,1705656,25569,2115149,No,0,587,Beginner,Low,1,Salaried,4,Education,116569,0.0,Avoid Loan
56,279753,18454,1923360,Yes,318062,504,Intermediate,Low,4,Business,0,Retirement,4858,1.14,Avoid Loan
37,2657886,138077,2424771,No,0,480,Intermediate,Low,5,Salaried,1,Retirement,83413,0.0,Avoid Loan
57,324856,23807,329592,Yes,2271451,475,Intermediate,Medium,5,Self-Employed,3,Wealth Creation,3264,6.99,Avoid Loan
60,1192033,55736,2373221,No,0,542,Expert,Low,5,Self-Employed,5,Education,43600,0.0,Avoid Loan
25,692189,21463,487039,No,0,425,Beginner,Low,1,Salaried,3,House,36219,0.0,Avoid Loan
51,1009458,15967,772001,Yes,1671086,844,Beginner,Low,3,Business,11,House,68154,1.66,Avoid Loan
39,742939,55257,992604,Yes,621811,580,Beginner,Medium,5,Business,12,Education,6654,0.84,Avoid Loan
60,2218050,132741,2495323,Yes,2223552,793,Expert,High,1,Salaried,0,Education,52096,1.0,Avoid Loan
53,1362448,84526,956387,Yes,355282,483,Beginner,Medium,2,Business,0,Education,29011,0.26,Avoid Loan
28,896936,25879,566833,No,0,790,Intermediate,Low,0,Self-Employed,11,Wealth Creation,48865,0.0,Invest
29,2377084,150930,97227,Yes,1183746,412,Beginner,Low,3,Salaried,7,Education,47160,0.5,Avoid Loan
33,1656715,23072,1704051,No,0,851,Intermediate,Low,3,Business,8,Education,114987,0.0,Invest
23,446927,26377,2488839,No,0,793,Expert,Medium,5,Self-Employed,2,Retirement,10866,0.0,Save
25,884695,53132,2045412,Yes,2084599,858,Beginner,Medium,0,Salaried,10,House,20592,2.36,Avoid Loan
54,929323,25402,2057377,Yes,350090,739,Beginner,Medium,3,Salaried,2,Retirement,52041,0.38,Save
29,1948159,27875,1975880,No,0,840,Beginner,Low,5,Self-Employed,10,Education,134471,0.0,Invest
28,919658,31724,789176,Yes,2260885,424,Intermediate,Medium,1,Salaried,5,House,44914,2.46,Avoid Loan
46,2100364,82533,2108014,No,0,470,Beginner,Medium,4,Salaried,9,Wealth Creation,92497,0.0,Avoid Loan
32,2202320,25821,922334,No,0,404,Beginner,Medium,0,Business,3,Education,157705,0.0,Avoid Loan
27,2296969,151025,984341,No,0,365,Expert,Medium,0,Salaried,5,Retirement,40389,0.0,Avoid Loan
58,806174,18937,1036411,No,0,564,Intermediate,Low,0,Salaried,2,Wealth Creation,48244,0.0,Avoid Loan
29,1425627,91700,1416006,No,0,486,Beginner,Medium,3,Salaried,10,House,27102,0.0,Avoid Loan
27,2150878,105531,2431626,No,0,640,Intermediate,Medium,1,Self-Employed,6,Education,73708,0.0,Save
25,513463,16270,735946,No,0,630,Expert,High,1,Salaried,2,House,26518,0.0,Save
30,1559890,37091,2129244,Yes,1757068,412,Beginner,Low,2,Self-Employed,12,Wealth Creation,92899,1.13,Avoid Loan
41,1949455,15496,1507417,No,0,866,Expert,Low,1,Self-Employed,12,Education,146958,0.0,Invest
36,1692861,46757,2017170,No,0,740,Beginner,High,0,Self-Employed,0,House,94314,0.0,Save
23,1169005,43157,682674,No,0,602,Intermediate,Low,3,Salaried,1,Retirement,54260,0.0,Save
41,1357588,56892,116269,No,0,373,Beginner,Medium,1,Salaried,3,Wealth Creation,56240,0.0,Avoid Loan
23,2949408,204309,1525750,No,0,727,Intermediate,Medium,1,Salaried,11,Education,41475,0.0,Invest
28,1802687,34596,2420880,No,0,377,Intermediate,High,1,Self-Employed,8,Retirement,115627,0.0,Avoid Loan
38,351622,18595,1146021,No,0,624,Beginner,Medium,2,Business,11,Retirement,10706,0.0,Save
43,1075991,76478,2484013,Yes,2276405,851,Beginner,Low,4,Self-Employed,2,Wealth Creation,13187,2.12,Avoid Loan
33,1761292,47428,2269691,Yes,1844306,722,Beginner,Medium,5,Self-Employed,7,Education,99346,1.05,Avoid Loan
26,1108432,25760,1254068,No,0,834,Expert,Low,0,Salaried,4,Education,66609,0.0,Save
23,1236704,46648,834291,Yes,791491,664,Intermediate,High,3,Self-Employed,1,Education,56410,0.64,Avoid Loan
27,1307447,46855,865117,No,0,498,Intermediate,Medium,0,Self-Employed,4,House,62098,0.0,Avoid Loan
32,945603,29206,2192430,Yes,619246,880,Beginner,Low,2,Salaried,9,House,49594,0.65,Avoid Loan
39,2871729,176855,698583,No,0,390,Beginner,Low,4,Business,12,Retirement,62455,0.0,Avoid Loan
26,973793,29924,2075604,No,0,873,Beginner,Medium,5,Business,4,Retirement,51225,0.0,Save
24,1921974,29241,296899,Yes,2367203,454,Intermediate,High,5,Salaried,11,Education,130923,1.23,Avoid Loan
34,1250636,36678,1911559,No,0,609,Intermediate,High,2,Business,3,House,67541,0.0,Save
58,1090755,56337,1815565,Yes,1263487,770,Beginner,High,5,Self-Employed,8,House,34559,1.16,Avoid Loan
37,2368692,56287,1396493,Yes,1310623,892,Intermediate,Low,3,Salaried,4,House,141104,0.55,Avoid Loan
50,1616834,16458,176374,Yes,1165218,492,Intermediate,Low,5,Salaried,5,Wealth Creation,118278,0.72,Avoid Loan
33,2756173,137992,2366825,No,0,771,Beginner,Low,4,Salaried,10,Retirement,91689,0.0,Invest
60,698052,43485,2368316,No,0,419,Expert,High,1,Business,7,Retirement,14686,0.0,Avoid Loan
56,408661,15476,415968,No,0,534,Expert,High,1,Self-Employed,3,House,18579,0.0,Avoid Loan
54,1688454,102849,912013,Yes,167050,862,Intermediate,Medium,0,Self-Employed,9,House,37855,0.1,Invest
41,1270102,84490,1478795,No,0,783,Intermediate,Low,4,Salaried,10,Retirement,21351,0.0,Save
55,550586,32485,2071126,No,0,585,Intermediate,High,2,Salaried,9,Wealth Creation,13397,0.0,Avoid Loan
32,2039491,15890,403585,No,0,407,Beginner,Low,4,Self-Employed,2,House,154067,0.0,Avoid Loan
58,1713563,93527,1305920,No,0,446,Expert,High,5,Salaried,1,House,49269,0.0,Avoid Loan
41,796025,29110,1128519,No,0,759,Intermediate,Medium,2,Business,11,Education,37225,0.0,Invest
22,1335673,65606,329905,Yes,2455718,533,Beginner,Low,1,Self-Employed,1,House,45700,1.84,Avoid Loan
57,846962,21877,673622,Yes,547685,804,Expert,High,0,Business,4,Education,48703,0.65,Avoid Loan
27,2825191,187835,401149,No,0,781,Beginner,Low,3,Self-Employed,11,Education,47597,0.0,Invest
21,1528362,72555,2225032,No,0,549,Beginner,Low,3,Salaried,7,Education,54808,0.0,Avoid Loan
60,1234049,45510,2066824,Yes,1311768,489,Beginner,Low,0,Self-Employed,5,House,57327,1.06,Avoid Loan
40,2883076,31800,1735749,No,0,804,Expert,Medium,0,Self-Employed,7,Retirement,208456,0.0,Invest
41,2602097,147548,1753716,No,0,397,Beginner,Low,3,Self-Employed,1,Education,69293,0.0,Avoid Loan
30,2537695,36085,864288,No,0,833,Expert,Low,0,Business,11,Education,175389,0.0,Invest
36,915984,19339,2171071,Yes,2102897,403,Beginner,Medium,0,Business,6,Retirement,56993,2.3,Avoid Loan
46,356745,15298,931392,No,0,779,Beginner,Low,4,Business,6,Education,14430,0.0,Save
41,2424151,159819,2041067,No,0,431,Expert,Medium,5,Business,0,Wealth Creation,42193,0.0,Avoid Loan
24,2326887,146336,1749955,Yes,1612206,714,Beginner,Low,1,Self-Employed,9,Wealth Creation,47571,0.69,Avoid Loan
23,462545,25875,2129853,No,0,753,Beginner,Medium,2,Self-Employed,10,House,12670,0.0,Save
36,891149,43327,680399,Yes,2476902,887,Beginner,Medium,2,Self-Employed,6,House,30935,2.78,Avoid Loan
47,1430803,100869,1142748,No,0,847,Intermediate,High,0,Salaried,3,House,18364,0.0,Save
36,720884,31430,2148248,No,0,711,Beginner,Medium,0,Self-Employed,5,Education,28643,0.0,Save
49,1279271,46694,1621939,No,0,429,Beginner,Low,0,Salaried,3,House,59911,0.0,Avoid Loan
34,731709,49290,2022712,No,0,846,Beginner,Medium,5,Salaried,8,House,11685,0.0,Save
33,2961207,156084,1318786,Yes,74390,443,Beginner,High,5,Business,11,Education,90683,0.03,Avoid Loan
35,999420,45324,1356436,Yes,915791,537,Beginner,Medium,1,Business,9,Education,37961,0.92,Avoid Loan
51,2796979,73603,1931680,Yes,2458866,771,Intermediate,Medium,1,Business,12,House,159478,0.88,Avoid Loan
23,2918601,145909,78322,Yes,460745,665,Intermediate,Medium,3,Self-Employed,12,Retirement,97307,0.16,Save
41,1521087,113636,2283180,Yes,657637,467,Intermediate,Medium,5,Self-Employed,12,Retirement,13121,0.43,Avoid Loan
28,2213281,72776,2295199,No,0,846,Expert,High,4,Business,6,Education,111664,0.0,Invest
59,2247996,44693,1438419,Yes,708836,559,Intermediate,High,0,Business,12,House,142640,0.32,Avoid Loan
59,1407274,24965,2004680,Yes,261893,789,Beginner,Medium,1,Business,10,Wealth Creation,92307,0.19,Invest
48,1394415,70145,1393951,No,0,666,Beginner,Low,4,Business,11,House,46056,0.0,Save
21,2441892,65432,1051185,Yes,1035889,384,Beginner,Medium,5,Salaried,11,Education,138059,0.42,Avoid Loan
50,1228330,73408,576605,No,0,419,Expert,Medium,2,Business,1,Retirement,28952,0.0,Avoid Loan
52,1072005,79997,1543699,Yes,1161859,700,Beginner,Medium,3,Business,0,House,9336,1.08,Avoid Loan
33,1538698,25935,2482044,Yes,1013007,453,Intermediate,Low,0,Self-Employed,8,Wealth Creation,102289,0.66,Avoid Loan
42,1814056,110997,1938912,No,0,725,Beginner,Low,3,Self-Employed,12,Wealth Creation,40174,0.0,Invest
36,500059,20150,780768,No,0,524,Intermediate,Medium,5,Self-Employed,3,House,21521,0.0,Avoid Loan
39,332060,24513,582654,No,0,761,Beginner,Medium,1,Salaried,12,Education,3158,0.0,Save
25,884596,54927,1215533,No,0,683,Beginner,Medium,4,Self-Employed,3,Education,18789,0.0,Save
60,1288729,87899,1015581,No,0,847,Beginner,Medium,0,Salaried,10,Retirement,19495,0.0,Save
26,884043,35466,1967580,No,0,556,Beginner,Low,3,Salaried,9,Education,38204,0.0,Avoid Loan
36,427886,21425,2155883,Yes,871189,672,Intermediate,Low,3,Salaried,1,Retirement,14232,2.04,Avoid Loan
38,1929549,100966,720329,No,0,843,Intermediate,Low,1,Self-Employed,2,Retirement,59829,0.0,Save
48,1667701,114480,1213897,Yes,1863874,747,Beginner,Low,2,Business,9,Education,24495,1.12,Avoid Loan
23,1603086,56283,1611110,No,0,900,Intermediate,Medium,1,Business,5,Education,77307,0.0,Save
40,2753759,41224,152241,No,0,506,Beginner,Medium,3,Self-Employed,7,House,188255,0.0,Avoid Loan
30,2029571,116312,1971728,No,0,433,Expert,Medium,3,Salaried,6,Retirement,52818,0.0,Avoid Loan
36,2017801,42912,2111606,No,0,639,Expert,Low,5,Salaried,2,Education,125238,0.0,Save
40,871608,31924,920292,No,0,590,Beginner,High,1,Salaried,7,Education,40710,0.0,Avoid Loan
42,552488,23873,895507,Yes,1107545,713,Intermediate,Medium,5,Salaried,10,Education,22167,2.0,Avoid Loan
55,1316215,80307,1959772,No,0,860,Intermediate,Medium,3,Business,4,Retirement,29377,0.0,Save
51,1064328,51298,2001592,Yes,2211842,781,Beginner,Low,0,Self-Employed,3,House,37396,2.08,Avoid Loan
33,1795596,93978,1003665,No,0,807,Expert,Medium,3,Business,5,Education,55655,0.0,Save
60,2413594,115713,931733,No,0,437,Intermediate,High,0,Salaried,0,House,85419,0.0,Avoid Loan
26,1733172,88264,1089818,Yes,1641122,787,Intermediate,Medium,4,Self-Employed,0,Education,56167,0.95,Avoid Loan
40,2235785,156757,461941,Yes,634015,798,Beginner,Low,4,Salaried,8,House,29558,0.28,Invest
27,1051509,29261,2344461,No,0,357,Intermediate,Low,2,Business,2,Retirement,58364,0.0,Avoid Loan
56,2836425,153835,2210186,No,0,365,Intermediate,Low,3,Salaried,6,Wealth Creation,82533,0.0,Avoid Loan
46,2348681,165614,1764183,Yes,606615,803,Expert,Medium,0,Salaried,9,Education,30109,0.26,Invest
37,2477181,148237,1657548,Yes,1376838,821,Beginner,Medium,4,Self-Employed,12,Retirement,58194,0.56,Avoid Loan
22,2792817,87459,2410657,Yes,240867,855,Beginner,Low,0,Salaried,8,Wealth Creation,145275,0.09,Invest
37,2698942,72532,576920,No,0,805,Expert,Medium,2,Self-Employed,9,Retirement,152379,0.0,Invest
41,1192555,59924,1546540,Yes,2218869,355,Beginner,Medium,5,Salaried,12,Education,39455,1.86,Avoid Loan
27,1309755,35383,791878,No,0,628,Expert,Medium,4,Business,2,Wealth Creation,73763,0.0,Save
37,1157329,26963,776816,No,0,655,Expert,Medium,0,Business,12,Wealth Creation,69481,0.0,Save
29,1652036,67152,1579055,No,0,580,Beginner,Medium,0,Self-Employed,2,House,70517,0.0,Avoid Loan
34,861649,34394,1192196,Yes,1798845,696,Expert,High,3,Salaried,6,Retirement,37410,2.09,Avoid Loan
48,1283759,16584,243722,Yes,1133333,876,Beginner,Low,0,Salaried,11,Retirement,90395,0.88,Avoid Loan
29,1290678,33875,1510616,Yes,2341653,567,Beginner,Low,2,Business,4,Education,73681,1.81,Avoid Loan
48,1632854,117200,1187437,No,0,581,Beginner,Low,4,Business,5,House,18871,0.0,Avoid Loan
43,2518020,142387,2116491,No,0,442,Intermediate,Low,5,Salaried,9,House,67448,0.0,Avoid Loan
49,1119710,52166,1954454,Yes,2030058,595,Beginner,High,0,Salaried,11,House,41143,1.81,Avoid Loan
51,310265,20722,516069,Yes,1229099,660,Intermediate,Medium,5,Salaried,1,Retirement,5133,3.96,Avoid Loan
44,1771782,124468,674972,No,0,406,Intermediate,High,0,Self-Employed,4,Retirement,23180,0.0,Avoid Loan
46,1251021,44826,1885128,Yes,545619,857,Beginner,High,4,Business,10,Education,59425,0.44,Save
25,1850114,119776,1970274,No,0,820,Intermediate,Medium,5,Self-Employed,6,House,34400,0.0,Invest
21,1765659,115036,710052,No,0,571,Expert,Medium,5,Salaried,3,Education,32102,0.0,Avoid Loan
27,1737364,115287,1923061,No,0,877,Intermediate,Low,3,Salaried,10,Education,29493,0.0,Invest
23,1638643,108448,343188,Yes,552742,773,Beginner,Medium,0,Self-Employed,7,Retirement,28105,0.34,Save
42,2002846,120058,2423348,No,0,842,Expert,High,4,Self-Employed,1,Wealth Creation,46845,0.0,Save
26,1106398,58217,1525325,Yes,1649743,721,Beginner,Low,5,Self-Employed,10,Retirement,33982,1.49,Avoid Loan
55,362973,23812,2202159,No,0,563,Beginner,Medium,2,Self-Employed,9,Wealth Creation,6435,0.0,Avoid Loan
38,2829319,203155,2461786,Yes,2310868,753,Beginner,High,5,Business,9,Wealth Creation,32621,0.82,Avoid Loan
57,747413,27153,2243799,Yes,919752,419,Expert,High,0,Business,10,House,35131,1.23,Avoid Loan
44,2463288,96527,695251,Yes,362363,730,Beginner,Low,4,Self-Employed,12,Retirement,108747,0.15,Invest
26,292000,16518,208070,Yes,102314,640,Beginner,Low,2,Self-Employed,6,Wealth Creation,7815,0.35,Avoid Loan
58,2986741,216372,1649720,No,0,859,Beginner,Medium,0,Self-Employed,12,House,32523,0.0,Invest
52,842554,44822,1876370,No,0,855,Beginner,Medium,5,Salaried,8,Education,25390,0.0,Invest
29,355347,20018,1243711,Yes,378364,772,Intermediate,Low,3,Salaried,2,Retirement,9594,1.06,Avoid Loan
33,527581,34107,1366399,No,0,557,Intermediate,Low,4,Salaried,5,Wealth Creation,9858,0.0,Avoid Loan
50,1578739,99756,500098,No,0,497,Intermediate,Medium,0,Self-Employed,4,House,31805,0.0,Avoid Loan
56,1034546,32471,401119,No,0,653,Beginner,Low,0,Business,4,House,53741,0.0,Save
37,1571843,30384,1685407,Yes,113039,849,Intermediate,Medium,4,Self-Employed,9,Education,100602,0.07,Invest
33,1744016,57157,708812,No,0,649,Expert,Low,2,Self-Employed,10,Education,88177,0.0,Save
57,911723,60755,1248004,Yes,2300319,768,Expert,High,1,Salaried,2,Education,15221,2.52,Avoid Loan
51,1124394,23032,1098772,Yes,979506,789,Intermediate,High,3,Business,0,House,70667,0.87,Avoid Loan
43,1846666,31430,914512,Yes,1755351,414,Beginner,Medium,4,Self-Employed,2,House,122458,0.95,Avoid Loan
44,2622144,18870,1264390,Yes,576347,507,Beginner,Medium,4,Self-Employed,1,Education,199642,0.22,Avoid Loan
36,357500,21517,2022966,No,0,569,Beginner,Low,0,Business,4,Wealth Creation,8274,0.0,Avoid Loan
25,2438874,81892,1887433,No,0,660,Intermediate,Medium,2,Self-Employed,7,Education,121347,0.0,Save
31,2841249,26574,2236099,No,0,375,Intermediate,High,3,Self-Employed,2,Retirement,210196,0.0,Avoid Loan
22,2899120,183176,581137,No,0,775,Intermediate,Low,3,Business,10,Wealth Creation,58417,0.0,Invest
28,1510085,45238,1422965,No,0,770,Expert,Low,3,Salaried,7,House,80602,0.0,Invest
37,2072349,98796,2022405,Yes,1054772,559,Beginner,Medium,1,Salaried,12,Wealth Creation,73899,0.51,Avoid Loan
30,1920089,77952,2043975,Yes,2285887,569,Expert,High,0,Self-Employed,1,Wealth Creation,82055,1.19,Avoid Loan
55,814499,21461,2274217,Yes,789003,547,Beginner,Medium,4,Salaried,0,Education,46413,0.97,Avoid Loan
42,909442,28463,1021808,No,0,564,Beginner,Medium,5,Self-Employed,6,House,47323,0.0,Avoid Loan
37,1362952,31180,993838,Yes,736023,460,Intermediate,Medium,4,Self-Employed,10,Retirement,82399,0.54,Avoid Loan
27,465345,15698,1698134,Yes,1868245,800,Intermediate,Medium,1,Salaried,2,Retirement,23080,4.01,Avoid Loan
30,1892918,66058,1834375,Yes,639820,585,Beginner,Low,0,Business,2,Retirement,91685,0.34,Avoid Loan
58,2209029,149661,643448,Yes,234970,355,Intermediate,High,0,Salaried,12,House,34424,0.11,Avoid Loan
39,2773426,47530,1058136,Yes,2289114,464,Intermediate,High,3,Self-Employed,1,Wealth Creation,183588,0.83,Avoid Loan
24,978917,29683,2243928,Yes,1632618,530,Intermediate,Medium,4,Business,2,Wealth Creation,51893,1.67,Avoid Loan
40,1967320,129456,1606353,Yes,1745341,810,Intermediate,Medium,1,Self-Employed,12,Education,34487,0.89,Avoid Loan
50,637602,31731,1904783,No,0,503,Intermediate,Medium,0,Salaried,6,Wealth Creation,21402,0.0,Avoid Loan
58,1864260,97474,2404138,No,0,462,Intermediate,High,2,Business,4,Education,57881,0.0,Avoid Loan
40,1512483,49533,1380315,No,0,546,Expert,Medium,3,Business,3,Education,76507,0.0,Avoid Loan
44,1897899,88609,905260,No,0,717,Intermediate,High,4,Business,10,House,69549,0.0,Save
43,2845943,16599,874221,Yes,1995423,374,Beginner,Medium,2,Salaried,7,Retirement,220562,0.7,Avoid Loan
35,2939421,186770,596032,No,0,713,Expert,Low,4,Salaried,5,Wealth Creation,58181,0.0,Save
46,1364860,47939,289970,No,0,507,Intermediate,Low,1,Salaried,4,House,65799,0.0,Avoid Loan
41,1948626,46625,818792,Yes,1343023,590,Beginner,Medium,3,Business,5,House,115760,0.69,Avoid Loan
30,847379,31570,1953797,Yes,398881,714,Beginner,Medium,2,Business,0,Education,39044,0.47,Avoid Loan
21,2981505,135846,968216,No,0,792,Beginner,Low,4,Self-Employed,6,Retirement,112612,0.0,Invest
58,1698186,71113,2099340,No,0,363,Beginner,Low,3,Business,8,Education,70402,0.0,Avoid Loan
54,1510933,30083,645906,Yes,850547,593,Intermediate,Medium,2,Salaried,7,Wealth Creation,95828,0.56,Avoid Loan
47,1701501,77134,1533461,Yes,1547053,627,Intermediate,Medium,0,Business,12,Education,64657,0.91,Avoid Loan
39,2448829,17254,1111022,Yes,886696,600,Beginner,Medium,2,Salaried,2,Education,186815,0.36,Save
35,1914776,34713,2297739,No,0,382,Beginner,High,5,Business,1,House,124851,0.0,Avoid Loan
41,1634403,67078,2484096,Yes,690474,711,Intermediate,Low,1,Salaried,8,House,69122,0.42,Save
52,2884698,91722,1784028,No,0,607,Beginner,Medium,2,Self-Employed,10,Wealth Creation,148669,0.0,Save
35,1014650,58824,770432,Yes,1500017,719,Expert,High,1,Salaried,1,Retirement,25730,1.48,Avoid Loan
52,784059,33485,322652,No,0,485,Expert,Medium,0,Self-Employed,12,Wealth Creation,31853,0.0,Avoid Loan
30,1325848,42943,413566,Yes,1776290,817,Intermediate,Low,2,Business,6,House,67544,1.34,Avoid Loan
45,2959957,65089,713889,Yes,1695314,865,Beginner,Medium,4,Self-Employed,12,Education,181574,0.57,Avoid Loan
32,1868405,74630,1392059,Yes,241943,380,Beginner,Low,4,Salaried,4,Education,81070,0.13,Avoid Loan
30,1107326,15306,1018133,Yes,2190403,673,Beginner,Low,3,Salaried,4,Retirement,76971,1.98,Avoid Loan
30,308590,17100,1316276,Yes,1298162,442,Beginner,Medium,4,Salaried,7,Retirement,8615,4.21,Avoid Loan
45,1706250,34627,66780,Yes,1652823,362,Intermediate,High,5,Salaried,11,Wealth Creation,107560,0.97,Avoid Loan
49,1204347,60275,1574071,Yes,1458973,765,Intermediate,Medium,4,Self-Employed,10,Education,40087,1.21,Avoid Loan
49,1340042,67521,2027486,No,0,559,Expert,Medium,0,Salaried,8,House,44149,0.0,Avoid Loan
42,742743,22243,1814944,No,0,457,Beginner,High,2,Salaried,12,Wealth Creation,39652,0.0,Avoid Loan
43,1060301,56948,604551,No,0,633,Beginner,Medium,1,Self-Employed,11,Education,31410,0.0,Save
29,292606,19314,2137497,No,0,742,Intermediate,Low,3,Salaried,10,Wealth Creation,5069,0.0,Save
26,1193007,47497,1306628,No,0,486,Beginner,High,5,Salaried,1,Retirement,51920,0.0,Avoid Loan
46,2991981,160454,2368941,No,0,531,Expert,Medium,0,Salaried,7,Retirement,88877,0.0,Avoid Loan
25,1879354,92613,607898,No,0,651,Beginner,Medium,4,Business,0,House,63999,0.0,Save
41,2591522,30041,1079330,Yes,1314287,775,Expert,Medium,1,Self-Employed,7,Wealth Creation,185919,0.51,Avoid Loan
22,1952731,49867,325682,Yes,75151,812,Intermediate,Low,5,Business,4,Retirement,112860,0.04,Save
57,1927402,66748,169330,No,0,622,Intermediate,High,3,Business,7,Education,93868,0.0,Save
60,1532469,95796,1196764,Yes,1973848,732,Beginner,Medium,3,Self-Employed,6,Wealth Creation,31909,1.29,Avoid Loan
36,2537414,34455,1347552,Yes,641884,480,Intermediate,Medium,5,Business,3,Education,176996,0.25,Avoid Loan
36,2318872,124685,709479,Yes,270981,699,Intermediate,High,2,Salaried,4,Retirement,68554,0.12,Save
39,1645033,31802,631008,No,0,611,Beginner,High,4,Self-Employed,2,Education,105284,0.0,Save
39,2416242,83330,2458274,No,0,387,Beginner,Medium,3,Self-Employed,9,House,118023,0.0,Avoid Loan
26,979780,18061,387730,Yes,1474923,595,Expert,Low,0,Business,1,Wealth Creation,63587,1.51,Avoid Loan
50,661396,45604,1761321,No,0,548,Intermediate,Medium,3,Salaried,9,Education,9512,0.0,Avoid Loan
55,2184996,25578,1350199,Yes,770349,615,Beginner,Low,1,Salaried,11,Wealth Creation,156505,0.35,Save
49,1333478,33977,334682,Yes,1560467,453,Expert,Medium,5,Business,8,Wealth Creation,77146,1.17,Avoid Loan
27,1957577,17903,922150,No,0,837,Beginner,Medium,5,Salaried,7,Education,145228,0.0,Invest
48,1161615,45969,528491,Yes,478441,749,Intermediate,Low,4,Business,5,Wealth Creation,50832,0.41,Save
28,1461155,74994,1178728,No,0,353,Beginner,Medium,1,Salaried,2,Retirement,46768,0.0,Avoid Loan
31,1908924,26605,1131503,No,0,558,Expert,Medium,2,Salaried,4,Wealth Creation,132472,0.0,Avoid Loan
53,2582442,72972,739770,Yes,2491712,626,Expert,Low,0,Self-Employed,10,Education,142231,0.96,Avoid Loan
58,2174394,80225,1668822,No,0,780,Expert,Medium,1,Self-Employed,7,Wealth Creation,100974,0.0,Invest
48,532652,30540,991432,No,0,392,Beginner,Medium,1,Self-Employed,6,Wealth Creation,13847,0.0,Avoid Loan
57,1487720,65436,1809117,No,0,887,Intermediate,High,4,Self-Employed,12,Retirement,58540,0.0,Invest
24,2298220,118257,274421,No,0,400,Beginner,Medium,1,Business,11,Retirement,73261,0.0,Avoid Loan
39,1445743,27923,1896937,Yes,273274,454,Intermediate,Medium,2,Self-Employed,9,Wealth Creation,92555,0.19,Avoid Loan
52,1299287,77833,1162887,Yes,1541208,432,Beginner,Low,0,Self-Employed,6,House,30440,1.19,Avoid Loan
48,1527948,104388,548423,Yes,593402,853,Beginner,Low,1,Salaried,5,Wealth Creation,22941,0.39,Save
22,2235366,62269,1407962,Yes,1366187,463,Intermediate,Low,5,Self-Employed,3,Education,124011,0.61,Avoid Loan
39,999727,46605,33695,No,0,501,Expert,Medium,0,Salaried,3,Education,36705,0.0,Avoid Loan
26,1118479,23764,2370818,Yes,315357,451,Beginner,Medium,3,Salaried,6,House,69442,0.28,Avoid Loan
40,2689289,88074,317946,Yes,1382273,854,Intermediate,Medium,2,Self-Employed,9,House,136033,0.51,Avoid Loan
32,2382841,137667,1652442,No,0,407,Intermediate,Medium,0,Salaried,11,Retirement,60903,0.0,Avoid Loan
30,535557,23946,958722,Yes,2141339,714,Beginner,Medium,1,Salaried,9,Education,20683,4.0,Avoid Loan
22,434314,15067,1414138,Yes,1849804,605,Beginner,Low,3,Self-Employed,6,Wealth Creation,21125,4.26,Avoid Loan
47,2417579,79872,111410,No,0,543,Beginner,Medium,0,Business,3,House,121592,0.0,Avoid Loan
40,855529,19922,1617380,Yes,1895098,573,Intermediate,Medium,3,Business,2,Wealth Creation,51372,2.22,Avoid Loan
27,1399065,89208,661408,Yes,259527,450,Expert,High,1,Salaried,11,Retirement,27380,0.19,Avoid Loan
49,2453997,50797,2443894,Yes,763831,399,Beginner,Low,0,Business,6,Retirement,153702,0.31,Avoid Loan
56,1707374,75036,257043,No,0,433,Intermediate,Medium,4,Self-Employed,1,Wealth Creation,67245,0.0,Avoid Loan
29,2121395,121355,1967000,No,0,608,Intermediate,Medium,0,Business,12,Education,55427,0.0,Save
23,1938658,122826,61616,Yes,2337089,802,Beginner,Low,3,Self-Employed,11,Retirement,38728,1.21,Avoid Loan
25,957166,41089,2253340,Yes,1987308,863,Intermediate,Low,2,Self-Employed,1,Wealth Creation,38674,2.08,Avoid Loan
28,1445906,32260,970256,Yes,1191657,456,Intermediate,Medium,3,Self-Employed,0,Wealth Creation,88232,0.82,Avoid Loan
32,1120286,73759,218013,No,0,425,Beginner,Low,1,Self-Employed,7,Wealth Creation,19598,0.0,Avoid Loan
29,2770062,71848,1175895,No,0,581,Intermediate,High,3,Self-Employed,3,Wealth Creation,158990,0.0,Avoid Loan
48,322476,19138,1263363,No,0,845,Expert,Low,4,Self-Employed,2,House,7735,0.0,Save
30,2624117,161390,1453389,Yes,988140,745,Beginner,High,4,Self-Employed,3,Retirement,57286,0.38,Save
44,2206097,117138,2108845,No,0,402,Expert,High,4,Self-Employed,4,Retirement,66703,0.0,Avoid Loan
47,1729263,109224,1917819,Yes,869215,352,Intermediate,Low,5,Salaried,9,Retirement,34881,0.5,Avoid Loan
31,349002,23823,1665041,No,0,620,Beginner,Medium,1,Business,9,House,5260,0.0,Save
29,371400,23808,1634928,Yes,1324844,443,Beginner,High,1,Business,2,Wealth Creation,7142,3.57,Avoid Loan
52,565535,32618,609764,Yes,1936058,877,Expert,Medium,3,Salaried,10,Education,14509,3.42,Avoid Loan
35,2700788,160785,1228365,Yes,780288,469,Beginner,Medium,5,Salaried,7,Wealth Creation,64280,0.29,Avoid Loan
36,2192781,83339,1555584,Yes,1284081,492,Intermediate,Low,0,Self-Employed,0,House,99392,0.59,Avoid Loan
36,1030664,75507,1048827,No,0,733,Intermediate,Medium,0,Salaried,5,Wealth Creation,10381,0.0,Save
48,2784738,135602,2411122,No,0,529,Expert,Low,4,Self-Employed,0,Education,96459,0.0,Avoid Loan
38,408228,17591,237970,No,0,852,Beginner,High,3,Business,3,House,16428,0.0,Save
24,1847095,78841,1833105,No,0,836,Expert,Low,4,Self-Employed,7,Wealth Creation,75083,0.0,Invest
27,352563,18935,97577,No,0,597,Intermediate,Low,5,Business,1,Retirement,10445,0.0,Avoid Loan
51,546410,38344,579146,Yes,475909,750,Expert,Medium,3,Business,11,Education,7190,0.87,Avoid Loan
29,1195925,69462,1993898,No,0,721,Beginner,High,5,Salaried,4,Wealth Creation,30198,0.0,Save
27,2956951,144624,2207563,No,0,459,Beginner,Medium,4,Self-Employed,10,Retirement,101788,0.0,Avoid Loan
49,1147423,27794,1219718,No,0,896,Beginner,Low,5,Salaried,9,Wealth Creation,67824,0.0,Invest
25,2728776,37843,1724912,No,0,684,Beginner,High,2,Self-Employed,2,Retirement,189555,0.0,Save
27,2984753,95888,1121399,No,0,415,Intermediate,High,0,Self-Employed,4,Education,152841,0.0,Avoid Loan
21,2214382,40146,1076508,Yes,493611,672,Beginner,Medium,0,Salaried,12,House,144385,0.22,Save
57,1185963,32598,435400,Yes,699751,801,Beginner,High,1,Business,12,Education,66232,0.59,Avoid Loan
42,2448648,139331,2083686,Yes,1887824,827,Beginner,Medium,3,Salaried,10,Wealth Creation,64723,0.77,Avoid Loan
59,1200360,60735,2319248,Yes,437398,539,Expert,Medium,5,Self-Employed,9,Education,39295,0.36,Avoid Loan
58,1626059,74530,2024825,No,0,664,Beginner,High,3,Salaried,2,House,60974,0.0,Save
45,672584,26381,119093,No,0,691,Expert,High,5,Business,2,Wealth Creation,29667,0.0,Save
24,1854973,44914,1233230,Yes,2109602,538,Intermediate,Low,4,Business,6,House,109667,1.14,Avoid Loan
55,879141,31055,1589794,Yes,2334196,852,Beginner,Low,3,Salaried,0,Retirement,42206,2.66,Avoid Loan
32,1487072,82771,2382434,No,0,757,Intermediate,Low,2,Self-Employed,1,Retirement,41151,0.0,Save
25,2028412,41973,517989,Yes,1482614,478,Expert,Low,4,Self-Employed,12,House,127061,0.73,Avoid Loan
23,1076458,17255,1734383,Yes,1048057,800,Intermediate,Medium,2,Business,3,House,72449,0.97,Avoid Loan
47,2566758,58935,1988032,No,0,362,Expert,High,5,Salaried,7,Retirement,154961,0.0,Avoid Loan
32,539477,27391,948370,Yes,2188412,463,Intermediate,Low,2,Self-Employed,8,Retirement,17565,4.06,Avoid Loan
51,358846,21251,581145,Yes,2306613,731,Intermediate,Low,4,Business,2,House,8652,6.43,Avoid Loan
47,2976152,67643,287360,No,0,848,Intermediate,Medium,1,Self-Employed,9,Education,180369,0.0,Save
54,1228550,20929,2206036,Yes,725590,514,Intermediate,Medium,3,Business,3,House,81450,0.59,Avoid Loan
26,1949783,19228,245283,No,0,648,Expert,Medium,0,Business,5,Wealth Creation,143253,0.0,Save
41,1323813,48686,2223091,No,0,756,Expert,Low,0,Salaried,9,Wealth Creation,61631,0.0,Invest
36,2910775,214775,1392858,Yes,1677958,824,Beginner,Low,1,Self-Employed,10,Retirement,27789,0.58,Avoid Loan
46,1693935,57248,829309,No,0,552,Beginner,Low,1,Self-Employed,6,House,83913,0.0,Avoid Loan
43,1923318,71796,450397,No,0,527,Beginner,Low,5,Salaried,5,Education,88480,0.0,Avoid Loan
55,351642,20631,675163,No,0,427,Beginner,Medium,0,Salaried,8,Education,8672,0.0,Avoid Loan
28,1294991,54555,1073579,Yes,656803,402,Intermediate,Low,4,Salaried,7,Education,53360,0.51,Avoid Loan
39,680919,42829,1203654,Yes,1747610,463,Intermediate,Low,4,Business,1,House,13914,2.57,Avoid Loan
22,2200079,88475,604928,Yes,1622063,708,Intermediate,Low,0,Business,1,Education,94864,0.74,Avoid Loan
56,2855668,21861,675924,No,0,446,Beginner,Low,2,Salaried,10,Wealth Creation,216111,0.0,Avoid Loan
52,790414,17196,93187,No,0,384,Intermediate,Low,3,Business,8,Education,48671,0.0,Avoid Loan
24,2777483,41172,649636,Yes,1199363,740,Intermediate,Low,4,Salaried,4,Retirement,190284,0.43,Save
51,1346633,51871,55355,Yes,1587561,641,Intermediate,Medium,2,Salaried,1,House,60348,1.18,Avoid Loan
35,2658474,135701,120232,No,0,770,Beginner,Low,2,Salaried,3,Wealth Creation,85838,0.0,Save
25,2466821,21667,1407351,Yes,2181865,533,Intermediate,High,4,Self-Employed,11,House,183901,0.88,Avoid Loan
58,2365989,57216,1149275,Yes,911203,861,Beginner,Low,0,Business,5,Wealth Creation,139949,0.39,Save
39,1614821,81687,1213955,Yes,1226834,394,Intermediate,Low,1,Business,11,Education,52881,0.76,Avoid Loan
25,2930034,196373,356433,No,0,433,Beginner,Low,4,Self-Employed,4,Wealth Creation,47796,0.0,Avoid Loan
37,2442382,83916,1115958,No,0,541,Intermediate,Low,2,Business,10,Retirement,119615,0.0,Avoid Loan
44,1636365,16015,233649,Yes,2303881,830,Beginner,Low,0,Salaried,1,Retirement,120348,1.41,Avoid Loan
46,2554720,159437,1445780,No,0,382,Beginner,Low,5,Business,7,House,53456,0.0,Avoid Loan
38,2534720,170673,2335854,Yes,409102,779,Intermediate,Low,0,Salaried,9,Wealth Creation,40553,0.16,Invest
57,392636,26262,2424912,No,0,550,Expert,Low,1,Business,8,Wealth Creation,6457,0.0,Avoid Loan
47,2609264,38360,1600121,No,0,388,Intermediate,Medium,2,Business,7,Wealth Creation,179078,0.0,Avoid Loan
55,460361,26759,577466,Yes,1762988,622,Intermediate,Medium,5,Salaried,8,House,11604,3.83,Avoid Loan
46,811193,17281,1214007,No,0,765,Intermediate,Medium,0,Self-Employed,9,House,50318,0.0,Invest
23,1775891,68749,908634,No,0,585,Intermediate,Medium,5,Salaried,1,House,79241,0.0,Avoid Loan
44,1626451,62469,2016653,No,0,733,Beginner,High,5,Salaried,3,Education,73068,0.0,Save
52,459193,25949,1362908,No,0,633,Beginner,High,5,Self-Employed,11,Education,12317,0.0,Save
25,1410571,70885,227233,No,0,731,Intermediate,Medium,4,Business,7,Retirement,46662,0.0,Save
45,1204013,45998,1954387,No,0,743,Intermediate,High,2,Business,5,Education,54336,0.0,Save
34,1273025,92978,800989,Yes,243520,799,Beginner,Medium,0,Business,1,House,13107,0.19,Save
39,1855950,76780,108612,Yes,1490882,735,Beginner,Medium,4,Salaried,3,Education,77882,0.8,Avoid Loan
53,1424080,83668,1690964,No,0,460,Intermediate,Medium,2,Business,3,House,35005,0.0,Avoid Loan
59,1620934,17734,1979673,No,0,537,Beginner,Low,4,Self-Employed,3,House,117343,0.0,Avoid Loan
49,2419524,30990,1730223,No,0,660,Beginner,Medium,3,Self-Employed,2,Education,170637,0.0,Save
28,2123925,77210,1770652,No,0,530,Intermediate,Low,2,Business,5,Education,99783,0.0,Avoid Loan
25,2593907,59554,343718,Yes,298249,389,Beginner,Medium,3,Business,6,Retirement,156604,0.11,Avoid Loan
53,1503795,79701,681100,No,0,527,Beginner,Low,0,Business,9,House,45615,0.0,Avoid Loan
52,1430012,71486,144492,Yes,1073979,779,Intermediate,Medium,1,Salaried,6,Retirement,47681,0.75,Avoid Loan
41,680144,20302,1989402,Yes,2323305,662,Expert,Medium,4,Business,7,Retirement,36376,3.42,Avoid Loan
55,1791308,25649,330080,No,0,890,Beginner,Medium,1,Self-Employed,7,Wealth Creation,123626,0.0,Invest
25,2436223,129646,2438648,No,0,535,Intermediate,Medium,2,Business,1,Education,73372,0.0,Avoid Loan
44,2201234,89219,850774,Yes,1765447,833,Expert,Low,2,Self-Employed,10,Education,94217,0.8,Avoid Loan
38,2859019,63114,653858,No,0,782,Beginner,High,0,Business,4,Wealth Creation,175137,0.0,Save
47,2329037,100359,1345147,No,0,476,Intermediate,Low,1,Self-Employed,3,Education,93727,0.0,Avoid Loan
39,2679719,103062,336778,Yes,182751,648,Beginner,Low,4,Business,7,Education,120247,0.07,Save
48,2882270,90012,1896020,Yes,1978280,875,Intermediate,Medium,4,Business,4,Education,150177,0.69,Avoid Loan
47,1474134,59555,709930,No,0,824,Beginner,Medium,0,Business,9,Wealth Creation,63289,0.0,Invest
50,2157994,95406,1170783,No,0,517,Intermediate,High,4,Business,4,Wealth Creation,84426,0.0,Avoid Loan
37,391400,15895,1069259,No,0,643,Intermediate,Medium,1,Self-Employed,1,Education,16721,0.0,Save
41,2979895,150445,1279370,Yes,428836,741,Intermediate,Medium,3,Self-Employed,1,Education,97879,0.14,Save
39,2761099,140788,427518,No,0,676,Intermediate,Medium,0,Business,9,Wealth Creation,89303,0.0,Save
59,556432,17265,865876,No,0,532,Beginner,Medium,3,Self-Employed,6,Retirement,29104,0.0,Avoid Loan
33,2391013,131332,1939941,No,0,425,Intermediate,High,5,Salaried,11,Wealth Creation,67919,0.0,Avoid Loan
56,2928625,142805,2146133,No,0,412,Expert,Low,1,Self-Employed,9,Education,101247,0.0,Avoid Loan
28,2401677,20395,806096,No,0,883,Beginner,High,1,Salaried,1,Education,179744,0.0,Save
37,593459,39523,2120063,No,0,810,Intermediate,Medium,4,Self-Employed,6,House,9931,0.0,Save
52,1259484,25734,986045,Yes,1608648,471,Beginner,Medium,1,Business,8,Education,79223,1.28,Avoid Loan
24,762598,46689,1965664,Yes,71273,674,Beginner,High,0,Self-Employed,8,Retirement,16860,0.09,Save
40,320616,20904,659610,Yes,2220980,486,Beginner,Medium,5,Self-Employed,10,Retirement,5814,6.93,Avoid Loan
44,619843,21029,543835,Yes,1982811,454,Intermediate,Low,0,Salaried,11,Wealth Creation,30624,3.2,Avoid Loan
36,314791,15633,1681653,Yes,181028,738,Beginner,High,2,Self-Employed,10,Retirement,10599,0.58,Avoid Loan
36,1554813,54248,1240623,No,0,657,Intermediate,Medium,5,Business,0,House,75319,0.0,Save
37,770424,44763,242841,Yes,1088312,462,Beginner,High,4,Salaried,11,Retirement,19439,1.41,Avoid Loan
37,278344,17456,1197777,No,0,540,Expert,High,1,Self-Employed,8,Education,5739,0.0,Avoid Loan
37,1854091,59346,1234031,No,0,751,Beginner,Low,1,Salaried,2,Retirement,95161,0.0,Save
59,2566085,115551,100476,No,0,685,Beginner,Low,4,Self-Employed,7,House,98289,0.0,Save
46,1838882,22303,1278560,No,0,513,Beginner,Medium,3,Business,5,Education,130937,0.0,Avoid Loan
34,619640,33057,1088714,Yes,1588073,444,Beginner,High,2,Self-Employed,0,Education,18579,2.56,Avoid Loan
48,263914,16079,1907896,Yes,1801192,664,Beginner,Low,5,Self-Employed,4,Wealth Creation,5913,6.82,Avoid Loan
48,1675267,76426,1254185,Yes,1418000,412,Expert,High,1,Salaried,1,Wealth Creation,63179,0.85,Avoid Loan
58,1977903,26739,2048104,Yes,1931949,659,Intermediate,Medium,5,Self-Employed,7,Education,138086,0.98,Avoid Loan
57,2593369,191253,517072,No,0,668,Intermediate,Low,2,Salaried,12,Retirement,24861,0.0,Save
30,1748532,53241,112572,Yes,100988,563,Beginner,High,1,Salaried,1,Education,92470,0.06,Avoid Loan
49,1731989,32232,276368,No,0,872,Intermediate,High,0,Salaried,4,House,112100,0.0,Save
29,1485978,79286,1521854,Yes,1068146,376,Expert,Low,5,Self-Employed,9,Retirement,44545,0.72,Avoid Loan
31,1002976,31734,1619163,No,0,356,Beginner,High,1,Business,4,House,51847,0.0,Avoid Loan
34,2411401,77330,2155466,No,0,370,Intermediate,Low,2,Salaried,11,House,123620,0.0,Avoid Loan
49,1239534,31092,2278523,Yes,722285,739,Beginner,Low,2,Salaried,0,Wealth Creation,72202,0.58,Avoid Loan
48,2072861,98209,214858,No,0,548,Intermediate,High,3,Self-Employed,3,Retirement,74529,0.0,Avoid Loan
33,1682649,96361,764583,No,0,422,Beginner,High,5,Salaried,2,Education,43859,0.0,Avoid Loan
47,681391,43859,1600128,No,0,689,Expert,Low,5,Salaried,5,Education,12923,0.0,Save
25,2536470,49460,249454,Yes,618122,768,Intermediate,High,3,Self-Employed,6,Education,161912,0.24,Save
37,2001009,56703,2210971,No,0,759,Intermediate,High,4,Self-Employed,11,House,110047,0.0,Invest
21,492977,26743,950614,No,0,519,Beginner,Medium,3,Salaried,11,Wealth Creation,14338,0.0,Avoid Loan
35,525632,39374,1711726,No,0,376,Intermediate,Medium,3,Self-Employed,2,Wealth Creation,4428,0.0,Avoid Loan
24,2596958,81845,453705,No,0,669,Beginner,Medium,5,Business,0,House,134568,0.0,Save
47,2431542,157162,2412677,No,0,467,Beginner,Low,0,Salaried,11,House,45466,0.0,Avoid Loan
56,1218831,84810,947295,Yes,390219,868,Beginner,Low,1,Self-Employed,11,Wealth Creation,16759,0.32,Save
37,1136363,33557,1793021,Yes,250408,570,Beginner,Medium,5,Self-Employed,1,Retirement,61139,0.22,Avoid Loan
38,693724,27886,1624847,Yes,1025225,812,Beginner,Low,0,Salaried,2,Wealth Creation,29924,1.48,Avoid Loan
23,2663748,78725,1268705,Yes,2098589,517,Intermediate,High,3,Self-Employed,5,Education,143254,0.79,Avoid Loan
32,2214920,72189,518761,No,0,706,Intermediate,Low,3,Self-Employed,4,Retirement,112387,0.0,Save
48,2291716,150073,593000,No,0,742,Intermediate,High,1,Self-Employed,0,Wealth Creation,40903,0.0,Save
33,675346,32459,1256281,No,0,857,Beginner,Medium,0,Self-Employed,5,Retirement,23819,0.0,Save
35,1480397,18237,1093629,No,0,873,Beginner,Low,3,Self-Employed,12,Wealth Creation,105129,0.0,Invest
52,1695845,107257,313322,Yes,1529134,810,Expert,High,4,Salaried,2,Education,34063,0.9,Avoid Loan
47,2250700,72394,1468548,Yes,2184102,560,Beginner,Low,4,Salaried,8,Retirement,115164,0.97,Avoid Loan
55,1191989,42749,1395505,Yes,1359806,399,Beginner,Medium,5,Business,9,Retirement,56583,1.14,Avoid Loan
28,877447,55486,1319945,No,0,667,Beginner,Low,3,Business,11,Education,17634,0.0,Save
26,2968838,161488,2105681,Yes,1214809,685,Expert,Low,2,Business,5,Wealth Creation,85915,0.41,Save
43,1233282,24539,1190176,No,0,702,Intermediate,Low,4,Self-Employed,11,Wealth Creation,78234,0.0,Save
60,1516470,61892,344379,Yes,1319868,510,Beginner,Medium,0,Business,4,Education,64480,0.87,Avoid Loan
31,1495461,61369,1095327,Yes,124861,863,Intermediate,Low,4,Self-Employed,7,Wealth Creation,63252,0.08,Invest
38,1439780,24759,632091,Yes,1217321,563,Beginner,Low,5,Salaried,3,Education,95222,0.85,Avoid Loan
36,1392423,90198,2149226,Yes,1842636,487,Beginner,High,2,Business,9,Wealth Creation,25837,1.32,Avoid Loan
49,961482,55504,2132786,No,0,724,Expert,High,4,Salaried,10,Retirement,24619,0.0,Save
24,1482199,93427,1250430,No,0,860,Intermediate,Medium,4,Salaried,2,Education,30089,0.0,Save
47,1345253,19237,571237,Yes,1150805,444,Beginner,Low,3,Business,7,House,92867,0.86,Avoid Loan
41,933783,61047,1174549,No,0,570,Intermediate,Medium,5,Business,9,Retirement,16768,0.0,Avoid Loan
40,1718475,75513,159768,No,0,800,Intermediate,High,3,Self-Employed,1,House,67693,0.0,Save
48,807153,38620,2373938,No,0,525,Intermediate,High,5,Salaried,10,Wealth Creation,28642,0.0,Avoid Loan
33,2922862,30154,2396595,No,0,550,Expert,High,3,Self-Employed,3,Retirement,213417,0.0,Avoid Loan
27,544432,31394,1176052,No,0,739,Beginner,Medium,2,Business,4,Retirement,13975,0.0,Save
40,2744151,160295,191966,No,0,797,Beginner,Low,5,Salaried,6,Wealth Creation,68384,0.0,Save
53,1735969,34086,176864,No,0,504,Beginner,Low,2,Business,3,Retirement,110578,0.0,Avoid Loan
37,2172829,32566,2131058,Yes,855168,365,Beginner,High,0,Business,1,Education,148503,0.39,Avoid Loan
37,2509137,68587,2158307,No,0,535,Intermediate,Medium,5,Business,12,Education,140507,0.0,Avoid Loan
24,1079571,42884,1703252,No,0,665,Beginner,Medium,2,Salaried,12,Wealth Creation,47080,0.0,Save
40,903358,27943,930950,Yes,965637,457,Expert,Low,5,Business,8,Wealth Creation,47336,1.07,Avoid Loan
54,484787,28960,1253437,No,0,694,Beginner,High,2,Business,4,Retirement,11438,0.0,Save
55,666084,32820,313053,Yes,2139700,697,Beginner,Medium,3,Self-Employed,2,House,22687,3.21,Avoid Loan
58,487577,24985,1007358,No,0,825,Intermediate,Medium,2,Salaried,8,Retirement,15646,0.0,Save
39,2331759,103644,2348540,No,0,661,Beginner,Low,1,Business,2,Wealth Creation,90669,0.0,Save
50,1831693,50095,1309986,No,0,578,Expert,High,4,Self-Employed,0,Wealth Creation,102546,0.0,Avoid Loan
57,2769916,100683,1109205,No,0,496,Beginner,Medium,3,Salaried,2,Retirement,130143,0.0,Avoid Loan
35,499510,23521,1839432,Yes,2005513,861,Intermediate,Medium,4,Salaried,3,Wealth Creation,18104,4.01,Avoid Loan
21,599857,24941,1178344,No,0,570,Intermediate,Low,3,Business,4,Wealth Creation,25047,0.0,Avoid Loan
33,1821281,103278,1472064,No,0,739,Beginner,Low,1,Self-Employed,2,Education,48495,0.0,Save
44,1289916,95885,30922,Yes,2128703,733,Intermediate,Low,3,Self-Employed,0,Retirement,11608,1.65,Avoid Loan
28,1570155,21611,1545283,Yes,1683043,799,Intermediate,High,5,Salaried,0,Retirement,109235,1.07,Avoid Loan
22,1423845,102216,483168,No,0,407,Intermediate,Medium,0,Business,1,Wealth Creation,16437,0.0,Avoid Loan
32,862112,35523,644761,No,0,750,Expert,Low,1,Business,1,Wealth Creation,36319,0.0,Save
25,1176743,50540,581968,Yes,1785387,369,Beginner,Low,0,Salaried,1,Retirement,47521,1.52,Avoid Loan
50,1479379,74155,1478166,Yes,477808,733,Expert,High,0,Business,11,Education,49126,0.32,Save
43,1417966,15805,184985,Yes,1577334,403,Beginner,Medium,3,Self-Employed,6,Education,102358,1.11,Avoid Loan
33,1753728,33871,142371,Yes,691237,480,Beginner,Low,4,Salaried,7,Wealth Creation,112273,0.39,Avoid Loan
56,2539316,125836,59029,No,0,373,Intermediate,Low,1,Salaried,11,Retirement,85773,0.0,Avoid Loan
39,1750088,83402,2159499,No,0,613,Intermediate,High,4,Salaried,3,Wealth Creation,62438,0.0,Save
50,399494,18741,1696908,Yes,2289640,616,Beginner,Medium,1,Self-Employed,10,House,14550,5.73,Avoid Loan
59,2032297,63337,2274193,Yes,2185002,664,Expert,Low,4,Self-Employed,5,Wealth Creation,106021,1.08,Avoid Loan
52,2736306,188042,1466234,Yes,1276007,705,Beginner,Medium,4,Salaried,12,House,39983,0.47,Avoid Loan
31,2667007,54484,826624,Yes,1727381,821,Beginner,High,2,Self-Employed,2,Education,167766,0.65,Avoid Loan
45,2788282,167028,596862,Yes,1829384,459,Expert,Low,2,Business,9,Education,65328,0.66,Avoid Loan
59,1131094,27682,1554377,No,0,364,Beginner,High,1,Business,7,Education,66575,0.0,Avoid Loan
34,2098942,121913,2054143,No,0,529,Beginner,Medium,0,Self-Employed,7,Wealth Creation,52998,0.0,Avoid Loan
58,2422921,37741,717605,No,0,658,Intermediate,Low,3,Self-Employed,12,Education,164169,0.0,Save
54,2565756,125177,2337980,No,0,721,Beginner,Low,0,Business,8,Education,88636,0.0,Invest
56,1659245,114745,236849,Yes,1079570,702,Expert,Low,4,Business,2,Retirement,23525,0.65,Avoid Loan
51,597463,24565,1489278,No,0,502,Beginner,High,2,Self-Employed,9,Wealth Creation,25223,0.0,Avoid Loan
52,1519264,71381,337426,Yes,1710397,535,Beginner,Low,4,Business,8,Education,55224,1.13,Avoid Loan
26,773219,56466,1941485,Yes,2304880,707,Expert,Medium,3,Business,10,Retirement,7968,2.98,Avoid Loan
41,1866033,51049,691463,Yes,1619490,869,Intermediate,Medium,0,Self-Employed,12,Wealth Creation,104453,0.87,Avoid Loan
44,2430964,59065,1284170,Yes,803777,613,Intermediate,Medium,1,Business,0,Retirement,143515,0.33,Save
36,1386163,31700,1274978,Yes,1900779,478,Expert,Low,1,Self-Employed,7,Wealth Creation,83813,1.37,Avoid Loan
53,1200834,52801,786541,No,0,737,Beginner,Low,1,Business,9,House,47268,0.0,Invest
44,1316266,97475,1209425,No,0,809,Beginner,Low,0,Self-Employed,12,House,12213,0.0,Save
27,1981561,71494,406096,No,0,481,Intermediate,Medium,3,Self-Employed,0,Wealth Creation,93636,0.0,Avoid Loan
47,1648170,43955,1559092,No,0,780,Beginner,Medium,0,Salaried,5,Wealth Creation,93392,0.0,Save
56,536268,30821,903544,No,0,732,Beginner,Low,1,Business,12,Retirement,13868,0.0,Save
25,1373545,69960,540740,Yes,1170430,465,Beginner,High,5,Self-Employed,5,Education,44502,0.85,Avoid Loan
59,1625127,108966,2238046,No,0,534,Intermediate,Medium,1,Business,3,Wealth Creation,26461,0.0,Avoid Loan
36,549252,37492,1119783,Yes,1341474,728,Beginner,Medium,2,Salaried,5,House,8279,2.44,Avoid Loan
24,2982341,135394,187031,No,0,762,Intermediate,High,3,Business,7,Wealth Creation,113134,0.0,Save
50,1646877,81265,825874,Yes,2414432,670,Beginner,Low,4,Business,0,House,55974,1.47,Avoid Loan
38,2150876,33033,869382,Yes,163215,520,Beginner,High,2,Self-Employed,7,Retirement,146206,0.08,Avoid Loan
33,753431,32983,2392368,No,0,728,Intermediate,Low,4,Salaried,3,Retirement,29802,0.0,Save
40,831887,48231,953814,No,0,628,Beginner,High,4,Business,5,Education,21092,0.0,Save
24,1133912,21442,1686482,No,0,453,Intermediate,Low,0,Self-Employed,1,Wealth Creation,73050,0.0,Avoid Loan
43,1272429,65899,900306,No,0,633,Beginner,Medium,4,Self-Employed,10,Education,40136,0.0,Save
31,2208669,77370,1783732,Yes,1621271,834,Expert,High,3,Business,9,Retirement,106685,0.73,Avoid Loan
32,1345231,57065,1209893,Yes,1329296,792,Intermediate,High,5,Salaried,2,House,55037,0.99,Avoid Loan
31,518556,36915,107224,No,0,769,Intermediate,High,4,Business,1,Education,6298,0.0,Save
50,1222094,27007,1363566,Yes,606521,840,Beginner,High,0,Salaried,6,Education,74834,0.5,Avoid Loan
51,696110,39378,1814961,Yes,2157448,842,Beginner,Low,4,Self-Employed,5,Wealth Creation,18631,3.1,Avoid Loan
43,276545,17408,1663491,No,0,676,Beginner,Medium,5,Salaried,6,Retirement,5637,0.0,Save
27,869632,31074,2128657,Yes,2084584,415,Intermediate,High,0,Business,1,House,41395,2.4,Avoid Loan
46,772347,42715,977631,No,0,625,Expert,High,1,Business,7,Retirement,21647,0.0,Save
59,1794794,102285,1271699,No,0,798,Intermediate,Low,1,Self-Employed,0,House,47281,0.0,Save
42,2083057,113995,668638,Yes,788328,862,Expert,Low,1,Business,9,Retirement,59593,0.38,Save
30,539211,20653,348476,No,0,736,Beginner,High,5,Business,2,Retirement,24281,0.0,Save
32,2265975,136971,2225231,No,0,877,Beginner,Low,2,Self-Employed,10,Education,51860,0.0,Invest
41,1801316,75530,735082,Yes,1851159,364,Expert,Medium,0,Business,5,House,74579,1.03,Avoid Loan
28,683994,26475,1525458,Yes,353682,894,Beginner,Medium,1,Business,2,Retirement,30524,0.52,Avoid Loan
46,2428887,93799,1624289,Yes,2450951,419,Beginner,High,1,Self-Employed,1,Retirement,108608,1.01,Avoid Loan
34,855358,44499,281458,No,0,566,Beginner,High,2,Salaried,7,Wealth Creation,26780,0.0,Avoid Loan
40,538379,32453,611743,No,0,538,Beginner,Medium,3,Business,3,Wealth Creation,12411,0.0,Avoid Loan
47,1329970,22798,288318,No,0,466,Beginner,Low,0,Self-Employed,4,Wealth Creation,88032,0.0,Avoid Loan
33,913064,47089,1970945,No,0,893,Beginner,Medium,1,Self-Employed,1,Retirement,28999,0.0,Save
47,2489999,127662,665315,No,0,397,Expert,Medium,2,Business,2,Wealth Creation,79837,0.0,Avoid Loan
24,2719838,195272,1966879,Yes,2306974,359,Expert,High,5,Salaried,1,House,31381,0.85,Avoid Loan
37,1590124,48293,935137,Yes,2171552,846,Intermediate,Medium,5,Self-Employed,1,House,84217,1.37,Avoid Loan
55,2613352,125579,221601,No,0,593,Beginner,Medium,1,Salaried,6,House,92200,0.0,Avoid Loan
39,2057367,22791,2044168,Yes,172728,851,Intermediate,High,0,Self-Employed,7,Retirement,148656,0.08,Invest
50,527257,39131,2478933,No,0,867,Intermediate,Medium,4,Salaried,9,House,4807,0.0,Save
49,2748873,35584,2382471,Yes,1633060,438,Intermediate,Medium,0,Business,12,House,193488,0.59,Avoid Loan
21,571686,17447,1221979,Yes,1345298,764,Intermediate,Medium,3,Business,0,Retirement,30193,2.35,Avoid Loan
52,1995161,62761,1056299,Yes,783593,670,Beginner,Medium,4,Self-Employed,0,House,103502,0.39,Save
31,1848657,61200,2144660,No,0,896,Expert,Low,4,Self-Employed,6,Education,92854,0.0,Invest
47,1630995,20880,1729915,No,0,805,Beginner,Medium,5,Business,10,Education,115036,0.0,Invest
42,574483,41091,538161,No,0,875,Beginner,Low,0,Business,5,Wealth Creation,6782,0.0,Save
25,1335737,97962,1479359,No,0,448,Intermediate,Medium,3,Self-Employed,6,Retirement,13349,0.0,Avoid Loan
41,1094468,49537,2096079,Yes,2337286,858,Intermediate,Medium,2,Self-Employed,9,Wealth Creation,41668,2.14,Avoid Loan
38,1546457,38874,1556952,Yes,2187788,405,Beginner,Low,3,Salaried,3,House,89997,1.41,Avoid Loan
36,2250157,70800,287964,No,0,469,Beginner,Low,2,Self-Employed,2,House,116713,0.0,Avoid Loan
24,521311,37568,961379,No,0,453,Beginner,Medium,3,Self-Employed,5,House,5874,0.0,Avoid Loan
27,2406215,20776,741174,Yes,1639335,587,Expert,Medium,1,Business,5,House,179741,0.68,Avoid Loan
36,1606120,106231,1680482,Yes,1674560,704,Beginner,Medium,0,Salaried,6,Wealth Creation,27612,1.04,Avoid Loan
43,1765606,73737,420352,Yes,760046,603,Intermediate,Medium,0,Self-Employed,3,Retirement,73396,0.43,Save
50,969910,27398,872684,Yes,589695,860,Intermediate,Medium,0,Self-Employed,7,House,53427,0.61,Avoid Loan
60,471242,27267,206316,No,0,739,Expert,High,3,Self-Employed,8,Education,12003,0.0,Save
37,840402,52989,1008854,Yes,1063761,798,Expert,Medium,4,Salaried,9,Wealth Creation,17044,1.27,Avoid Loan
23,2765634,114275,2005221,No,0,748,Intermediate,Low,2,Business,8,House,116194,0.0,Invest
41,467063,25923,693555,No,0,758,Intermediate,Low,0,Salaried,6,Retirement,12998,0.0,Save
53,1444895,50982,479511,No,0,878,Beginner,High,3,Self-Employed,6,House,69425,0.0,Invest
33,2360058,107887,566527,No,0,759,Beginner,Low,1,Salaried,3,Education,88784,0.0,Save
26,333272,15942,1131818,Yes,738430,808,Intermediate,Medium,0,Business,6,House,11830,2.22,Avoid Loan
21,1577878,63801,2208693,No,0,837,Intermediate,Low,1,Business,4,House,67688,0.0,Save
38,1192611,45149,994052,Yes,2188927,883,Intermediate,Medium,3,Salaried,9,House,54235,1.84,Avoid Loan
42,2027083,105661,1605376,No,0,810,Expert,Medium,3,Self-Employed,4,Education,63262,0.0,Save
55,2191118,63402,1997946,No,0,494,Intermediate,Low,2,Salaried,7,Wealth Creation,119191,0.0,Avoid Loan
26,1834592,65127,1071301,Yes,418434,416,Intermediate,Medium,0,Salaried,11,Wealth Creation,87755,0.23,Avoid Loan
54,825562,21519,2098418,No,0,491,Intermediate,Medium,0,Salaried,6,House,47277,0.0,Avoid Loan
49,2461490,52461,2152940,Yes,1312305,774,Expert,Medium,3,Salaried,2,Wealth Creation,152663,0.53,Avoid Loan
24,2976747,43222,2335529,No,0,676,Intermediate,High,1,Self-Employed,11,Education,204840,0.0,Save
34,2473947,82756,1858460,No,0,815,Beginner,Medium,0,Salaried,7,Education,123406,0.0,Invest
21,729348,51992,1243101,Yes,482005,678,Beginner,High,4,Business,9,Education,8787,0.66,Avoid Loan
53,2096707,147326,84868,No,0,469,Beginner,Low,2,Business,3,Retirement,27399,0.0,Avoid Loan
39,2208022,127160,117312,Yes,1677518,813,Intermediate,Low,2,Self-Employed,0,Education,56841,0.76,Avoid Loan
21,2137113,55045,2017366,No,0,708,Intermediate,Medium,3,Business,12,Wealth Creation,123047,0.0,Save
31,714131,16428,1549454,Yes,2024626,645,Beginner,Low,2,Self-Employed,11,Wealth Creation,43082,2.84,Avoid Loan
34,954607,42725,564963,No,0,413,Beginner,High,0,Salaried,8,Retirement,36825,0.0,Avoid Loan
45,2896999,210520,1999889,No,0,466,Intermediate,Low,5,Business,0,Wealth Creation,30896,0.0,Avoid Loan
44,1640578,120336,1769297,Yes,348066,478,Beginner,Low,0,Business,3,Retirement,16378,0.21,Avoid Loan
23,1737577,52445,1189636,No,0,360,Intermediate,Medium,5,Self-Employed,9,Retirement,92353,0.0,Avoid Loan
51,1801071,19324,1254073,Yes,1258775,571,Beginner,High,2,Salaried,8,Wealth Creation,130765,0.7,Avoid Loan
35,1967196,125728,1945700,No,0,733,Beginner,Medium,0,Business,5,Retirement,38205,0.0,Save
43,2991656,28151,361780,No,0,886,Expert,Low,3,Business,4,Wealth Creation,221153,0.0,Save
59,328358,24486,2445361,No,0,605,Expert,Low,1,Self-Employed,0,Wealth Creation,2877,0.0,Save
28,1708779,119989,1612829,Yes,1516576,396,Beginner,High,5,Self-Employed,8,Education,22409,0.89,Avoid Loan
55,616595,38169,83277,Yes,122212,645,Beginner,High,4,Business,11,Wealth Creation,13213,0.2,Save
37,2287761,33695,109701,Yes,54717,813,Expert,High,2,Self-Employed,6,Wealth Creation,156951,0.02,Save
52,1349822,17607,1754786,Yes,1366209,380,Beginner,High,5,Self-Employed,0,Education,94878,1.01,Avoid Loan
42,792661,48074,940437,Yes,816480,519,Expert,High,0,Salaried,12,House,17981,1.03,Avoid Loan
54,707983,50172,255975,Yes,52432,663,Intermediate,Medium,5,Business,4,House,8826,0.07,Avoid Loan
52,2176075,144857,504671,No,0,874,Intermediate,Low,4,Business,0,Wealth Creation,36482,0.0,Save
45,2618421,151016,2282558,No,0,859,Beginner,Low,5,Self-Employed,2,Retirement,67185,0.0,Save
25,2961667,80394,1205388,No,0,856,Intermediate,Medium,5,Salaried,11,Wealth Creation,166411,0.0,Invest
32,1272400,39817,573539,Yes,58684,686,Intermediate,Medium,2,Self-Employed,1,Education,66216,0.05,Save
42,2772698,58063,1753062,No,0,556,Beginner,Low,2,Self-Employed,12,Retirement,172995,0.0,Avoid Loan
32,1554499,16535,361655,No,0,608,Beginner,Low,3,Salaried,4,Retirement,113006,0.0,Save
58,2673964,108946,1403812,No,0,858,Intermediate,Low,1,Business,6,Retirement,113884,0.0,Invest
55,2553541,108872,1020565,Yes,679928,706,Beginner,Medium,5,Business,0,House,103923,0.27,Save
45,2654208,167327,1919206,Yes,994214,888,Intermediate,Medium,3,Business,5,Wealth Creation,53857,0.37,Save
43,2922310,187912,1615568,No,0,485,Intermediate,Medium,0,Self-Employed,7,Wealth Creation,55613,0.0,Avoid Loan
50,2573753,127569,1673228,Yes,1429690,358,Beginner,Medium,5,Salaried,1,Education,86910,0.56,Avoid Loan
23,1568034,45085,632294,Yes,1075442,702,Intermediate,Medium,5,Self-Employed,5,Wealth Creation,85584,0.69,Avoid Loan
43,491203,26689,1158107,No,0,416,Intermediate,Low,3,Business,9,Education,14244,0.0,Avoid Loan
36,642271,39508,848206,No,0,508,Expert,High,3,Self-Employed,9,Wealth Creation,14014,0.0,Avoid Loan
22,1649387,25178,1334820,Yes,1254148,548,Beginner,Medium,3,Salaried,4,Education,112270,0.76,Avoid Loan
57,1097889,54300,250168,Yes,1604908,474,Intermediate,High,4,Business,3,Retirement,37190,1.46,Avoid Loan
30,1875199,36165,847151,Yes,1779777,792,Intermediate,Medium,4,Salaried,1,Wealth Creation,120101,0.95,Avoid Loan
33,622574,41693,417611,Yes,1793495,725,Intermediate,Low,4,Salaried,5,Education,10188,2.88,Avoid Loan
38,1928017,23857,2071912,No,0,587,Intermediate,High,0,Business,0,House,136811,0.0,Avoid Loan
46,2420282,128891,2121561,Yes,638257,574,Intermediate,Medium,0,Salaried,12,Education,72799,0.26,Avoid Loan
54,2839813,50582,1194154,Yes,675038,760,Expert,Medium,4,Business,5,Retirement,186069,0.24,Save
27,2511177,177186,480660,Yes,152178,562,Beginner,High,1,Business,5,House,32078,0.06,Avoid Loan
59,2539415,42789,1643499,No,0,711,Beginner,Low,4,Business,8,Education,168828,0.0,Save
35,2871531,83944,2263855,No,0,525,Expert,Low,0,Self-Employed,7,Education,155350,0.0,Avoid Loan
27,1049495,16358,176462,No,0,808,Beginner,High,3,Business,1,House,71099,0.0,Save
57,768066,21700,531520,Yes,2395306,488,Intermediate,Low,4,Business,3,House,42305,3.12,Avoid Loan
29,918497,38027,1463975,Yes,2102573,629,Expert,High,0,Business,5,House,38514,2.29,Avoid Loan
46,1744673,70829,2459900,No,0,614,Intermediate,Medium,1,Salaried,8,Retirement,74560,0.0,Save
55,933882,35950,912456,No,0,557,Expert,Medium,3,Salaried,1,Education,41873,0.0,Avoid Loan
34,1838491,66637,2302779,No,0,531,Beginner,Medium,1,Self-Employed,12,Retirement,86570,0.0,Avoid Loan
50,651350,44839,2246757,Yes,1318325,579,Beginner,Medium,0,Business,12,Retirement,9440,2.02,Avoid Loan
45,748638,23454,2198157,No,0,573,Expert,Medium,4,Self-Employed,10,House,38932,0.0,Avoid Loan
56,2627890,70551,869429,No,0,473,Beginner,High,5,Self-Employed,9,Retirement,148439,0.0,Avoid Loan
26,568519,42062,380081,Yes,1126232,683,Expert,Medium,1,Salaried,12,Wealth Creation,5314,1.98,Avoid Loan
56,349713,22795,2449161,Yes,360686,864,Beginner,Medium,0,Business,3,Retirement,6347,1.03,Avoid Loan
30,2016130,29019,354992,Yes,800965,735,Beginner,Medium,4,Salaried,7,Wealth Creation,138991,0.4,Save
53,1029078,69297,1700917,No,0,649,Intermediate,Medium,3,Self-Employed,8,Wealth Creation,16459,0.0,Save
24,557925,28797,512958,Yes,805470,864,Beginner,Low,1,Business,11,House,17696,1.44,Avoid Loan
39,1692430,119759,591574,Yes,1760412,767,Beginner,Medium,2,Salaried,1,House,21276,1.04,Avoid Loan
54,1300134,65821,280062,Yes,2441334,407,Beginner,Medium,2,Self-Employed,10,Wealth Creation,42523,1.88,Avoid Loan
57,1851128,98431,2410156,No,0,747,Beginner,Medium,1,Salaried,10,House,55829,0.0,Invest
42,2283107,37783,2177819,No,0,743,Beginner,Low,0,Salaried,0,Wealth Creation,152475,0.0,Save
57,1122169,66478,948587,Yes,973580,618,Intermediate,Low,1,Business,2,Wealth Creation,27036,0.87,Avoid Loan
55,2810055,90060,519870,Yes,1276233,539,Expert,Low,5,Self-Employed,11,House,144111,0.45,Avoid Loan
46,535495,16037,1910222,Yes,2489525,493,Intermediate,Low,5,Business,0,Wealth Creation,28587,4.65,Avoid Loan
23,425477,16384,1492739,No,0,576,Beginner,Low,0,Salaried,4,Wealth Creation,19072,0.0,Avoid Loan
58,530304,16642,347203,Yes,1190456,446,Beginner,High,2,Business,12,Education,27550,2.24,Avoid Loan
38,299095,16630,557360,Yes,2247666,830,Beginner,High,4,Self-Employed,11,Wealth Creation,8294,7.51,Avoid Loan
42,2746894,154220,462785,No,0,851,Intermediate,High,0,Salaried,11,Wealth Creation,74687,0.0,Invest
22,2917664,61147,1712424,No,0,415,Beginner,Low,3,Salaried,2,Education,181991,0.0,Avoid Loan
45,2613867,96657,980791,No,0,479,Expert,Medium,2,Self-Employed,8,House,121165,0.0,Avoid Loan
57,2568806,162651,547356,Yes,123145,666,Beginner,High,1,Self-Employed,12,Wealth Creation,51416,0.05,Save
26,2225051,77064,2105501,No,0,830,Expert,Medium,3,Business,9,House,108356,0.0,Invest
39,1728789,75464,1705426,No,0,616,Beginner,Medium,0,Business,7,House,68601,0.0,Save
45,1962065,116629,1265545,Yes,138930,648,Intermediate,Medium,2,Business,0,House,46876,0.07,Save
57,1343096,63829,89095,No,0,549,Beginner,Low,4,Self-Employed,11,Retirement,48095,0.0,Avoid Loan
50,1185596,30486,2211544,Yes,2317987,691,Intermediate,High,1,Self-Employed,7,House,68313,1.96,Avoid Loan
51,1865197,135052,1278723,No,0,446,Beginner,Medium,1,Self-Employed,10,House,20381,0.0,Avoid Loan
46,2136643,117134,2363716,Yes,674752,400,Beginner,Medium,5,Salaried,3,House,60919,0.32,Avoid Loan
34,2518187,75285,1648725,Yes,1287093,544,Beginner,Medium,4,Self-Employed,4,House,134563,0.51,Avoid Loan
57,2990966,69398,1036226,No,0,412,Beginner,Medium,0,Business,5,House,179849,0.0,Avoid Loan
39,1361950,99802,2127911,Yes,1427760,794,Beginner,Low,0,Business,2,Retirement,13693,1.05,Avoid Loan
29,1217105,18861,861341,Yes,799653,733,Beginner,Low,1,Business,9,Education,82564,0.66,Avoid Loan
56,2682554,118670,609877,Yes,2257185,549,Expert,Low,0,Self-Employed,11,Wealth Creation,104876,0.84,Avoid Loan
31,2153174,131955,28204,Yes,186163,873,Beginner,Medium,2,Business,8,Retirement,47476,0.09,Avoid Loan
27,1501729,63530,2366869,Yes,1779627,616,Intermediate,High,1,Salaried,8,Education,61614,1.19,Avoid Loan
31,838106,48918,2359238,Yes,392881,561,Intermediate,High,3,Salaried,10,Wealth Creation,20924,0.47,Avoid Loan
45,621800,39450,1108840,No,0,793,Intermediate,Low,0,Business,12,Retirement,12366,0.0,Save
58,2463486,139521,1862531,No,0,780,Intermediate,High,0,Salaried,6,House,65769,0.0,Invest
48,1853363,93612,1314755,No,0,812,Intermediate,Low,5,Salaried,8,Education,60834,0.0,Invest
43,1388477,33798,1994284,No,0,773,Intermediate,Medium,2,Salaried,12,House,81908,0.0,Invest
49,2690287,157162,902910,No,0,879,Expert,Medium,2,Business,4,House,67028,0.0,Save
34,1885790,89789,1582320,Yes,1311184,688,Intermediate,Low,2,Business,3,Retirement,67360,0.7,Avoid Loan
48,2218660,68537,952293,No,0,353,Intermediate,Medium,3,Self-Employed,0,Education,116351,0.0,Avoid Loan
44,2288889,53897,656399,No,0,607,Intermediate,Low,5,Self-Employed,2,House,136843,0.0,Save
49,2061165,118101,859220,No,0,430,Beginner,Medium,1,Self-Employed,11,House,53662,0.0,Avoid Loan
28,2671366,180363,2075492,Yes,981423,581,Intermediate,Low,4,Salaried,8,Wealth Creation,42250,0.37,Avoid Loan
60,497151,24288,2461998,No,0,548,Expert,Low,3,Self-Employed,6,Wealth Creation,17141,0.0,Avoid Loan
26,642499,20289,816409,Yes,1362072,860,Beginner,Low,5,Self-Employed,7,Wealth Creation,33252,2.12,Avoid Loan
51,347371,15684,1697172,Yes,272205,521,Beginner,Medium,1,Self-Employed,4,Retirement,13263,0.78,Avoid Loan
48,947385,46116,386141,Yes,66602,691,Beginner,Medium,5,Salaried,11,Retirement,32832,0.07,Save
21,531300,20629,714810,No,0,394,Beginner,Low,5,Business,7,House,23646,0.0,Avoid Loan
60,387101,27875,1455657,No,0,720,Intermediate,Low,2,Self-Employed,4,Retirement,4383,0.0,Save
57,1714165,62906,338398,No,0,624,Expert,Medium,4,Business,7,House,79941,0.0,Save
31,1765884,109580,1855092,Yes,724413,365,Beginner,Medium,2,Business,7,Wealth Creation,37577,0.41,Avoid Loan
25,2871067,165153,2233916,Yes,1684695,439,Intermediate,Medium,1,Salaried,5,Education,74102,0.59,Avoid Loan
32,1030392,60668,30162,No,0,826,Beginner,Medium,0,Business,12,House,25198,0.0,Avoid Loan
40,1511768,48237,698104,No,0,421,Intermediate,Medium,1,Business,12,Education,77743,0.0,Avoid Loan
30,1865859,61233,2144916,Yes,50128,883,Intermediate,Medium,4,Self-Employed,3,Wealth Creation,94255,0.03,Save
57,1077618,62365,668454,Yes,990232,878,Beginner,High,5,Business,6,Education,27436,0.92,Avoid Loan
53,1595080,82882,318599,Yes,2279381,437,Intermediate,Low,3,Salaried,6,Education,50041,1.43,Avoid Loan
24,976161,52172,353893,No,0,630,Intermediate,Low,5,Salaried,9,Education,29174,0.0,Save
41,2673489,111613,1894812,No,0,434,Beginner,Medium,3,Business,3,Wealth Creation,111177,0.0,Avoid Loan
30,443255,27817,1363271,No,0,885,Intermediate,High,3,Salaried,9,Education,9120,0.0,Save
58,2272025,169454,879636,Yes,383296,702,Beginner,Medium,2,Self-Employed,2,Wealth Creation,19881,0.17,Save
56,2773444,75295,1654093,Yes,1732028,730,Beginner,High,3,Self-Employed,8,Retirement,155825,0.62,Avoid Loan
47,1213566,73313,2475915,Yes,1795399,827,Expert,High,2,Business,5,Education,27817,1.48,Avoid Loan
46,1197270,75995,1610075,Yes,738732,435,Intermediate,Low,1,Business,9,Wealth Creation,23777,0.62,Avoid Loan
36,2490821,82662,729819,Yes,1137996,828,Beginner,Low,3,Business,4,House,124906,0.46,Avoid Loan
41,1427395,101455,1776493,No,0,382,Intermediate,Low,1,Salaried,10,Wealth Creation,17494,0.0,Avoid Loan
23,2683922,41393,2219236,Yes,541202,451,Intermediate,Medium,5,Self-Employed,1,Wealth Creation,182267,0.2,Avoid Loan
23,2960902,46487,306468,Yes,1233779,639,Expert,Low,4,Salaried,7,Education,200254,0.42,Save
38,2416288,64163,1387602,No,0,821,Beginner,Low,4,Salaried,8,Education,137194,0.0,Invest
58,2012176,132422,726594,No,0,815,Beginner,High,1,Self-Employed,3,Education,35259,0.0,Save
46,378772,26253,166723,Yes,1178960,734,Beginner,Low,4,Business,1,Education,5311,3.11,Avoid Loan
59,1006574,41303,1815911,Yes,388936,553,Beginner,Low,1,Self-Employed,11,Education,42578,0.39,Avoid Loan
56,2572200,51292,2434994,No,0,668,Beginner,Medium,2,Self-Employed,8,Wealth Creation,163058,0.0,Save
55,358632,25282,1175305,Yes,1191668,608,Expert,Medium,2,Business,3,House,4604,3.32,Avoid Loan
38,1501576,34979,1301408,No,0,592,Beginner,Low,5,Salaried,7,Wealth Creation,90152,0.0,Avoid Loan
27,2144841,48846,1146928,No,0,433,Beginner,Medium,3,Self-Employed,10,Wealth Creation,129890,0.0,Avoid Loan
45,1055152,54309,1464014,Yes,1398587,433,Intermediate,Low,0,Self-Employed,9,House,33620,1.33,Avoid Loan
47,2858977,46888,418794,No,0,360,Intermediate,Low,5,Salaried,9,Education,191360,0.0,Avoid Loan
50,2103537,36657,311180,Yes,1913402,767,Expert,Low,0,Salaried,6,House,138637,0.91,Avoid Loan
47,297901,18945,601113,No,0,804,Intermediate,Low,2,Business,2,Education,5880,0.0,Save
50,1021527,20458,2464757,Yes,1486440,888,Intermediate,High,4,Salaried,7,Retirement,64669,1.46,Avoid Loan
54,1320457,29627,2362540,Yes,2240999,863,Intermediate,High,4,Salaried,1,Wealth Creation,80411,1.7,Avoid Loan
60,455122,28236,1695839,Yes,309274,543,Beginner,Low,3,Business,4,Retirement,9690,0.68,Avoid Loan
47,284592,17119,1337510,Yes,2008547,856,Beginner,High,3,Self-Employed,3,Retirement,6597,7.06,Avoid Loan
39,1219879,40566,1449216,Yes,538623,855,Beginner,Medium,4,Business,9,House,61090,0.44,Save
39,1345104,68336,2088549,Yes,1827739,563,Beginner,High,5,Business,9,Wealth Creation,43756,1.36,Avoid Loan
46,2377239,41217,865087,Yes,1410454,455,Expert,Low,5,Self-Employed,6,House,156886,0.59,Avoid Loan
54,1551993,68719,2304856,Yes,2337733,753,Beginner,Low,2,Self-Employed,10,Wealth Creation,60613,1.51,Avoid Loan
49,2760618,107746,505549,No,0,788,Intermediate,High,0,Business,5,Retirement,122305,0.0,Save
53,1291026,96090,2429385,Yes,1478597,866,Intermediate,High,3,Self-Employed,2,Wealth Creation,11495,1.15,Avoid Loan
60,2964316,133220,918070,No,0,532,Intermediate,Medium,4,Salaried,1,Wealth Creation,113806,0.0,Avoid Loan
38,310826,22081,1884373,Yes,291734,450,Intermediate,Low,1,Self-Employed,10,House,3821,0.94,Avoid Loan
40,2892343,56937,519247,Yes,1094684,727,Intermediate,Medium,5,Business,3,House,184091,0.38,Save
55,2977884,80925,1346958,No,0,458,Beginner,High,4,Salaried,12,Retirement,167232,0.0,Avoid Loan
60,1718074,81254,497318,No,0,520,Beginner,Medium,5,Self-Employed,8,Retirement,61918,0.0,Avoid Loan
53,2765193,15937,1148857,No,0,610,Beginner,High,5,Self-Employed,2,Retirement,214495,0.0,Save
24,970783,59165,2346288,Yes,180129,568,Beginner,Medium,0,Self-Employed,0,Retirement,21733,0.19,Avoid Loan
26,2531331,108286,1740215,Yes,2369776,523,Beginner,Medium,5,Salaried,10,Education,102658,0.94,Avoid Loan
60,2477016,29991,696898,Yes,1750957,521,Beginner,Medium,4,Business,2,House,176427,0.71,Avoid Loan
23,2249923,38572,463084,Yes,2400849,451,Intermediate,High,0,Self-Employed,5,Education,148921,1.07,Avoid Loan
39,1019809,69524,727343,Yes,1019366,848,Intermediate,High,5,Business,10,Retirement,15460,1.0,Avoid Loan
31,1351667,69610,228230,Yes,1203281,384,Intermediate,Low,1,Self-Employed,3,House,43028,0.89,Avoid Loan
27,1666881,63409,824131,Yes,1092404,825,Beginner,Medium,1,Business,5,Retirement,75497,0.66,Avoid Loan
37,1089949,61986,2439165,Yes,1142208,694,Beginner,Medium,5,Self-Employed,10,Retirement,28843,1.05,Avoid Loan
22,2691830,155817,776650,Yes,1643454,811,Expert,Low,2,Salaried,6,House,68502,0.61,Avoid Loan
26,1536202,97084,653279,No,0,567,Beginner,Medium,2,Business,2,House,30932,0.0,Avoid Loan
36,468803,33949,1909591,Yes,994582,616,Expert,Medium,0,Business,9,House,5117,2.12,Avoid Loan
37,856334,55641,1063588,No,0,379,Beginner,Medium,5,Business,2,Wealth Creation,15720,0.0,Avoid Loan
42,2135515,155285,143978,Yes,2228859,711,Beginner,Medium,0,Salaried,3,Wealth Creation,22674,1.04,Avoid Loan
39,1021082,24637,1767421,Yes,343914,404,Intermediate,Medium,4,Business,4,House,60453,0.34,Avoid Loan
47,1232900,87432,898967,No,0,418,Beginner,Medium,1,Self-Employed,8,House,15309,0.0,Avoid Loan
42,2602384,145181,378607,No,0,845,Intermediate,High,2,Business,3,House,71684,0.0,Save
41,2332197,146795,1043480,Yes,2252246,468,Expert,High,4,Business,3,Education,47554,0.97,Avoid Loan
53,812655,54795,767983,No,0,418,Intermediate,High,4,Business,9,House,12926,0.0,Avoid Loan
50,658317,31458,2132251,Yes,1844063,391,Intermediate,Medium,4,Salaried,12,Education,23401,2.8,Avoid Loan
29,2057580,78205,967098,Yes,2040748,789,Beginner,Medium,3,Business,2,Education,93260,0.99,Avoid Loan
43,756879,51559,171793,Yes,2410430,452,Expert,Medium,3,Business,6,Wealth Creation,11514,3.18,Avoid Loan
49,1471063,47031,2210771,Yes,567511,741,Expert,Low,1,Business,6,Wealth Creation,75557,0.39,Save
31,1959555,30995,629241,Yes,2413087,563,Intermediate,Medium,4,Self-Employed,3,Education,132301,1.23,Avoid Loan
56,1230653,15329,2232309,No,0,762,Intermediate,Medium,1,Business,5,House,87225,0.0,Save
29,556042,33559,536717,No,0,826,Intermediate,High,0,Self-Employed,5,Wealth Creation,12777,0.0,Save
32,273123,20148,1407528,Yes,1372412,609,Beginner,Medium,2,Self-Employed,3,Retirement,2612,5.02,Avoid Loan
25,961123,38175,2310926,No,0,519,Expert,Medium,3,Business,12,Education,41918,0.0,Avoid Loan
37,560413,34180,2385686,No,0,519,Expert,High,1,Salaried,10,Education,12521,0.0,Avoid Loan
29,1028238,42069,2095066,Yes,876722,544,Expert,High,1,Business,3,Wealth Creation,43617,0.85,Avoid Loan
36,2814878,154577,719032,Yes,351482,635,Intermediate,Low,5,Self-Employed,3,Education,79996,0.12,Save
47,338239,17651,1907378,Yes,1764426,784,Beginner,Medium,5,Business,4,Education,10535,5.22,Avoid Loan
55,964284,64352,240638,No,0,897,Beginner,Low,2,Business,10,Wealth Creation,16005,0.0,Save
21,1384401,63343,1288985,Yes,923137,721,Beginner,Medium,5,Self-Employed,6,Education,52023,0.67,Avoid Loan
25,1039518,23311,1622777,Yes,308761,513,Expert,Low,3,Self-Employed,5,Wealth Creation,63315,0.3,Avoid Loan
29,2444479,168060,2247802,Yes,2359124,512,Beginner,High,3,Salaried,10,Retirement,35646,0.97,Avoid Loan
43,792871,27734,2186326,Yes,742525,655,Beginner,Medium,3,Self-Employed,4,House,38338,0.94,Avoid Loan
55,427999,29157,1085728,No,0,576,Beginner,Medium,4,Self-Employed,12,Wealth Creation,6509,0.0,Avoid Loan
32,2164890,135306,1218129,No,0,663,Intermediate,Low,4,Salaried,11,Wealth Creation,45101,0.0,Save
40,348242,23330,856214,Yes,469059,667,Expert,Low,2,Self-Employed,11,Retirement,5690,1.35,Avoid Loan
31,1590463,33259,1430759,Yes,1225175,497,Beginner,Low,2,Salaried,5,Wealth Creation,99279,0.77,Avoid Loan
49,1605744,82372,923422,Yes,2128889,788,Beginner,Low,2,Self-Employed,7,Retirement,51440,1.33,Avoid Loan
42,2912215,73676,1823346,No,0,551,Beginner,Low,2,Salaried,2,Wealth Creation,169008,0.0,Avoid Loan
21,1995266,80030,805103,Yes,1207151,371,Intermediate,Low,5,Self-Employed,9,Retirement,86242,0.61,Avoid Loan
40,2829076,115501,2138070,No,0,709,Intermediate,High,2,Salaried,7,Wealth Creation,120255,0.0,Save
43,1693753,48499,283152,No,0,539,Beginner,Medium,0,Self-Employed,2,House,92647,0.0,Avoid Loan
47,2414167,124761,1639014,Yes,521385,698,Beginner,Low,4,Business,2,Education,76419,0.22,Save
59,2246008,84246,1247826,No,0,393,Beginner,Medium,4,Self-Employed,1,Education,102921,0.0,Avoid Loan
50,2750765,126301,2270314,No,0,814,Beginner,Medium,0,Business,9,Education,102929,0.0,Invest
38,1827725,113143,2245856,No,0,667,Beginner,High,1,Salaried,12,House,39167,0.0,Save
38,1287104,18376,594996,No,0,475,Beginner,Low,0,Self-Employed,2,Education,88882,0.0,Avoid Loan
31,1184946,50886,2219063,Yes,1066863,635,Beginner,Low,3,Business,7,House,47859,0.9,Avoid Loan
26,1610575,92810,1669260,No,0,364,Expert,Medium,1,Business,4,Wealth Creation,41404,0.0,Avoid Loan
40,1917056,32691,473060,Yes,1892102,878,Beginner,Low,5,Business,3,House,127063,0.99,Avoid Loan
22,2503410,147265,998249,No,0,861,Beginner,High,3,Salaried,4,Education,61352,0.0,Save
50,1205414,78292,1017886,Yes,754696,658,Intermediate,Medium,5,Salaried,7,House,22159,0.63,Avoid Loan
55,2171156,59887,405394,No,0,571,Expert,High,5,Salaried,6,Wealth Creation,121042,0.0,Avoid Loan
26,471841,33385,1305756,No,0,561,Intermediate,High,1,Business,3,Retirement,5935,0.0,Avoid Loan
54,472388,27741,2203150,Yes,2487173,761,Beginner,Medium,1,Business,11,House,11624,5.27,Avoid Loan
23,2536405,86633,1269193,No,0,600,Beginner,Medium,5,Business,3,Wealth Creation,124734,0.0,Save
39,1727426,111295,1404714,Yes,1491248,763,Beginner,Low,1,Self-Employed,2,Wealth Creation,32657,0.86,Avoid Loan
47,711963,38815,2401489,No,0,381,Beginner,Medium,4,Salaried,1,Education,20515,0.0,Avoid Loan
60,2788019,206896,1397493,No,0,478,Beginner,Medium,1,Business,10,Education,25438,0.0,Avoid Loan
22,1550651,43756,1420530,No,0,524,Beginner,Low,3,Salaried,9,Education,85464,0.0,Avoid Loan
38,2594325,116241,355145,Yes,743386,869,Beginner,Low,0,Self-Employed,1,Retirement,99952,0.29,Save
55,1302079,94125,851642,No,0,588,Intermediate,Medium,4,Business,5,House,14381,0.0,Avoid Loan
33,2221687,123565,140197,Yes,2214101,377,Expert,Medium,3,Business,1,House,61575,1.0,Avoid Loan
55,738170,47540,2350804,No,0,798,Intermediate,High,1,Salaried,2,Wealth Creation,13974,0.0,Save
38,2028520,60676,1383915,Yes,644213,453,Beginner,Low,1,Self-Employed,5,House,108367,0.32,Avoid Loan
32,1848407,92361,1349130,Yes,1584512,687,Expert,High,2,Salaried,2,Education,61672,0.86,Avoid Loan
29,2175084,128883,987587,Yes,928041,373,Intermediate,Low,5,Self-Employed,8,Retirement,52374,0.43,Avoid Loan
36,1671611,88732,2024718,Yes,1294761,362,Beginner,Medium,2,Business,3,Retirement,50568,0.77,Avoid Loan
56,879540,45375,2289857,Yes,1358577,460,Beginner,Low,1,Self-Employed,2,Wealth Creation,27920,1.54,Avoid Loan
46,2261581,95161,61102,Yes,845591,704,Intermediate,Medium,3,Self-Employed,8,Retirement,93304,0.37,Save
52,1592323,67558,396630,No,0,698,Beginner,Medium,2,Salaried,10,House,65135,0.0,Save
45,786349,22757,2364223,Yes,2144477,576,Intermediate,Medium,2,Self-Employed,12,House,42772,2.73,Avoid Loan
41,1362821,63715,2127588,No,0,768,Beginner,Low,4,Business,9,House,49853,0.0,Invest
47,1813963,16784,1848849,Yes,155204,493,Beginner,Low,0,Self-Employed,1,Retirement,134379,0.09,Avoid Loan
47,2981077,132369,383386,Yes,1038460,708,Intermediate,Medium,0,Salaried,11,Education,116054,0.35,Save
49,1312230,27914,2437595,Yes,2261579,367,Intermediate,Low,0,Salaried,0,Wealth Creation,81438,1.72,Avoid Loan
34,2790971,91143,2124809,No,0,759,Intermediate,Medium,2,Self-Employed,9,Education,141437,0.0,Invest
25,2819612,142025,1839086,No,0,707,Expert,Medium,4,Self-Employed,1,Wealth Creation,92942,0.0,Save
39,1051920,16121,1540102,No,0,790,Beginner,High,0,Business,10,House,71539,0.0,Invest
49,811554,45345,107732,Yes,1118848,628,Expert,High,0,Business,0,House,22284,1.38,Avoid Loan
42,987072,26622,252951,No,0,838,Intermediate,Low,1,Business,12,House,55634,0.0,Save
26,512657,20669,1659183,Yes,295438,480,Intermediate,Low,4,Salaried,5,Wealth Creation,22052,0.58,Avoid Loan
53,2207753,21444,565637,No,0,506,Intermediate,High,3,Business,5,House,162535,0.0,Avoid Loan
36,2955734,141147,1134227,No,0,701,Intermediate,High,0,Salaried,4,Education,105164,0.0,Save
28,826346,30231,354051,Yes,1507527,542,Expert,Low,4,Business,10,Wealth Creation,38631,1.82,Avoid Loan
32,1571987,99399,2409845,Yes,1350979,806,Beginner,Low,3,Business,1,Education,31599,0.86,Avoid Loan
56,326008,23019,330143,Yes,1725819,656,Beginner,Low,1,Salaried,3,Wealth Creation,4148,5.29,Avoid Loan
39,2431889,101330,1372132,No,0,521,Intermediate,Medium,4,Self-Employed,10,Retirement,101327,0.0,Avoid Loan
32,941494,68032,883490,Yes,2478051,612,Intermediate,Low,2,Self-Employed,3,Education,10425,2.63,Avoid Loan
25,2377979,112846,457881,No,0,422,Beginner,Low,5,Business,5,Education,85318,0.0,Avoid Loan
52,1884596,135161,2334561,No,0,752,Beginner,High,3,Salaried,11,Education,21888,0.0,Save
36,812327,17229,652523,Yes,427155,543,Intermediate,Low,3,Salaried,7,Retirement,50464,0.53,Avoid Loan
39,1367210,26990,653860,No,0,412,Intermediate,Low,0,Business,0,Education,86944,0.0,Avoid Loan
21,1411329,50168,393485,No,0,615,Beginner,High,1,Self-Employed,7,Wealth Creation,67442,0.0,Save
57,1364167,78005,1712898,Yes,963257,658,Intermediate,Medium,3,Salaried,12,Retirement,35675,0.71,Avoid Loan
41,2235184,94056,2184029,Yes,2489604,685,Expert,Low,5,Business,3,Education,92209,1.11,Avoid Loan
35,298190,20615,309118,Yes,2220222,778,Beginner,High,1,Salaried,8,House,4234,7.45,Avoid Loan
30,1034294,15605,1912322,Yes,572313,538,Beginner,High,1,Business,9,Retirement,70586,0.55,Avoid Loan
45,1735831,91502,1891171,Yes,164899,416,Expert,High,3,Salaried,6,Wealth Creation,53150,0.09,Avoid Loan
45,587699,34191,2367620,No,0,774,Intermediate,Medium,1,Business,4,Wealth Creation,14783,0.0,Save
53,1363144,48098,627138,Yes,732015,701,Expert,Low,4,Salaried,8,Wealth Creation,65497,0.54,Avoid Loan
58,1362066,39663,893163,Yes,1245991,503,Intermediate,Low,4,Business,9,House,73842,0.91,Avoid Loan
32,2682607,53375,1589855,Yes,2085471,440,Beginner,Medium,2,Salaried,3,Retirement,170175,0.78,Avoid Loan
22,2403077,137977,20552,Yes,1132495,716,Beginner,Medium,1,Salaried,1,Wealth Creation,62279,0.47,Avoid Loan
42,1071546,48732,1706687,No,0,834,Beginner,High,0,Business,8,Retirement,40563,0.0,Invest
28,2911866,46770,2215504,No,0,878,Beginner,Low,4,Business,12,Retirement,195885,0.0,Invest
43,1778878,66328,2109140,No,0,731,Beginner,Medium,4,Self-Employed,5,Education,81911,0.0,Save
21,2921338,160374,2334072,Yes,1321794,363,Beginner,Medium,2,Self-Employed,6,House,83070,0.45,Avoid Loan
56,1382654,75999,2246270,Yes,593363,378,Expert,Medium,3,Self-Employed,11,Education,39222,0.43,Avoid Loan
26,1640616,113636,652461,Yes,826757,864,Intermediate,Medium,4,Salaried,7,House,23082,0.5,Avoid Loan
49,327775,17194,1935252,No,0,608,Expert,High,4,Salaried,9,Education,10120,0.0,Save
32,2073497,33196,455178,No,0,733,Expert,High,2,Self-Employed,12,Education,139595,0.0,Invest
53,576941,27355,188061,No,0,687,Expert,Medium,5,Salaried,4,House,20723,0.0,Save
46,2793533,147072,1130547,No,0,466,Beginner,Medium,0,Salaried,11,Wealth Creation,85722,0.0,Avoid Loan
33,2822404,157802,1844622,Yes,1190042,787,Intermediate,High,0,Salaried,10,Education,77398,0.42,Save
36,1334006,95637,917720,Yes,627612,536,Intermediate,Medium,4,Self-Employed,4,Education,15530,0.47,Avoid Loan
44,2309325,68998,2111961,Yes,259198,601,Beginner,High,0,Business,3,House,123445,0.11,Save
24,2236122,31982,1891680,Yes,1909220,502,Intermediate,High,4,Salaried,0,House,154361,0.85,Avoid Loan
44,2054856,86678,1960155,Yes,1890041,646,Beginner,High,4,Salaried,0,House,84560,0.92,Avoid Loan
56,1288072,25715,255531,Yes,149523,376,Intermediate,Medium,5,Self-Employed,0,Retirement,81624,0.12,Avoid Loan
37,2342764,168739,254146,No,0,569,Intermediate,Medium,3,Salaried,2,House,26491,0.0,Avoid Loan
46,879617,22712,1350171,Yes,1646934,566,Beginner,Low,2,Business,10,Wealth Creation,50589,1.87,Avoid Loan
36,1962708,145789,532777,No,0,683,Beginner,Medium,5,Salaried,10,Education,17770,0.0,Save
41,2645195,23199,1196954,Yes,2221697,628,Intermediate,Medium,3,Salaried,6,House,197233,0.84,Avoid Loan
26,480287,20296,496199,No,0,635,Intermediate,Low,5,Business,9,Wealth Creation,19727,0.0,Save
58,2003825,148237,571873,Yes,1579666,404,Beginner,Low,4,Salaried,9,Retirement,18748,0.79,Avoid Loan
47,1739111,31534,2483904,No,0,731,Beginner,Medium,4,Self-Employed,1,House,113391,0.0,Save
50,1814371,131732,1907235,No,0,415,Beginner,Low,0,Self-Employed,9,Retirement,19465,0.0,Avoid Loan
35,2272969,47096,1147886,No,0,884,Beginner,Low,5,Business,12,Retirement,142318,0.0,Invest
37,2028624,46008,1724261,Yes,1133544,736,Intermediate,Medium,0,Business,3,House,123044,0.56,Avoid Loan
59,360280,17762,2343796,Yes,288495,468,Intermediate,Low,3,Business,6,Wealth Creation,12261,0.8,Avoid Loan
42,450226,28674,69976,Yes,2487064,784,Intermediate,Low,2,Business,8,House,8844,5.52,Avoid Loan
57,255170,16298,1328466,Yes,1998759,412,Beginner,High,1,Salaried,2,Retirement,4966,7.83,Avoid Loan
35,1165366,75966,2203445,Yes,309534,488,Beginner,Medium,2,Salaried,6,Education,21147,0.27,Avoid Loan
24,1440540,34580,1369077,No,0,477,Intermediate,Low,0,Business,5,Wealth Creation,85465,0.0,Avoid Loan
35,846299,43174,491739,No,0,404,Intermediate,Low,2,Self-Employed,10,Wealth Creation,27350,0.0,Avoid Loan
51,1423985,52720,2299724,Yes,272321,732,Beginner,Medium,3,Self-Employed,11,House,65945,0.19,Invest
60,1961658,39658,1258715,Yes,262648,640,Beginner,High,5,Self-Employed,3,Wealth Creation,123813,0.13,Save
39,1423148,58796,214972,Yes,863241,811,Beginner,Medium,1,Self-Employed,9,Education,59799,0.61,Avoid Loan
27,363587,22465,2041774,No,0,537,Beginner,Medium,1,Self-Employed,3,Wealth Creation,7833,0.0,Avoid Loan
52,742731,41478,1651852,Yes,2212474,680,Beginner,Low,1,Self-Employed,3,Wealth Creation,20416,2.98,Avoid Loan
27,767901,22307,1779643,No,0,588,Beginner,Medium,3,Self-Employed,2,Education,41684,0.0,Avoid Loan
49,2914541,207806,1924901,No,0,415,Beginner,High,2,Self-Employed,7,House,35072,0.0,Avoid Loan
36,1822440,93000,1832850,No,0,546,Beginner,Medium,4,Business,0,House,58870,0.0,Avoid Loan
23,2977089,82393,1222652,Yes,758818,456,Expert,Low,3,Self-Employed,1,House,165697,0.25,Avoid Loan
26,1598266,88201,1296484,Yes,1953777,847,Intermediate,Medium,4,Business,2,Retirement,44987,1.22,Avoid Loan
34,604612,22506,2199971,Yes,2180481,522,Intermediate,Medium,5,Self-Employed,0,Retirement,27878,3.61,Avoid Loan
54,1909117,33262,245591,Yes,2103121,755,Beginner,Low,0,Salaried,2,Education,125831,1.1,Avoid Loan
21,1725522,114763,1389564,No,0,426,Beginner,Low,4,Business,9,Wealth Creation,29030,0.0,Avoid Loan
55,1271847,66411,2049291,No,0,900,Intermediate,Low,4,Business,4,House,39576,0.0,Save
39,2434220,165376,1577111,Yes,903482,456,Intermediate,Low,4,Salaried,10,Wealth Creation,37475,0.37,Avoid Loan
39,2352373,151654,1711517,No,0,390,Intermediate,Low,4,Salaried,4,Retirement,44377,0.0,Avoid Loan
58,2725065,90601,481064,No,0,861,Expert,High,5,Salaried,12,Retirement,136487,0.0,Invest
53,2167099,115939,533791,Yes,75122,379,Intermediate,Medium,3,Business,5,Retirement,64652,0.03,Avoid Loan
40,657581,21608,267170,Yes,796442,714,Beginner,Low,0,Business,0,House,33190,1.21,Avoid Loan
60,2032382,124273,1372117,Yes,556113,495,Intermediate,Low,4,Business,12,Education,45092,0.27,Avoid Loan
34,1494431,111870,949643,No,0,671,Beginner,Medium,4,Salaried,3,House,12665,0.0,Save
51,487969,33778,2414368,Yes,1305109,535,Beginner,Medium,3,Business,4,Education,6886,2.67,Avoid Loan
21,2559913,26699,2296609,No,0,597,Expert,High,3,Self-Employed,6,Education,186627,0.0,Avoid Loan
56,2666261,109872,577734,Yes,380894,456,Beginner,Medium,2,Business,10,Wealth Creation,112316,0.14,Avoid Loan
58,938962,44801,337050,Yes,271373,440,Intermediate,Medium,1,Self-Employed,7,Retirement,33445,0.29,Avoid Loan
24,2079738,15734,691045,No,0,878,Intermediate,Medium,0,Self-Employed,9,House,157577,0.0,Invest
30,1555996,23246,978326,No,0,895,Intermediate,High,0,Salaried,6,Wealth Creation,106420,0.0,Invest
27,268313,16395,89482,No,0,513,Intermediate,Low,3,Self-Employed,3,House,5964,0.0,Avoid Loan
45,485920,17023,2049673,No,0,452,Beginner,High,3,Salaried,9,House,23470,0.0,Avoid Loan
56,736985,45143,268809,No,0,768,Beginner,Medium,5,Salaried,4,House,16272,0.0,Save
29,271344,19987,1156848,Yes,1642942,725,Intermediate,Low,2,Self-Employed,1,House,2625,6.05,Avoid Loan
34,847066,32143,2047324,Yes,946176,739,Beginner,Medium,0,Self-Employed,11,Retirement,38445,1.12,Avoid Loan
48,1860856,122462,724070,Yes,344044,398,Intermediate,High,1,Salaried,4,Retirement,32609,0.18,Avoid Loan
24,2555453,154273,266775,No,0,666,Beginner,Low,2,Business,12,Education,58681,0.0,Save
42,1377911,91484,2364800,Yes,2499866,889,Beginner,Low,0,Self-Employed,8,Education,23341,1.81,Avoid Loan
51,508004,37275,2211942,No,0,388,Intermediate,Low,4,Self-Employed,6,Wealth Creation,5058,0.0,Avoid Loan
55,2459282,118632,532717,Yes,685600,735,Intermediate,High,2,Salaried,7,Education,86308,0.28,Invest
56,2004606,93072,1360475,No,0,472,Expert,Medium,5,Business,3,House,73978,0.0,Avoid Loan
32,2281121,23578,1596814,No,0,775,Expert,High,1,Business,9,Wealth Creation,166515,0.0,Invest
41,492528,17457,1428472,Yes,2322028,775,Beginner,High,2,Self-Employed,6,House,23587,4.71,Avoid Loan
39,2809021,159461,377545,Yes,2214306,436,Beginner,Medium,3,Self-Employed,4,Education,74624,0.79,Avoid Loan
38,1251473,89661,1807627,Yes,304505,636,Intermediate,Medium,0,Business,9,Education,14628,0.24,Save
21,2594532,91763,1295624,No,0,504,Intermediate,High,2,Self-Employed,6,Wealth Creation,124448,0.0,Avoid Loan
48,2148646,103966,830909,Yes,1762955,769,Intermediate,Medium,1,Salaried,2,Wealth Creation,75087,0.82,Avoid Loan
60,1625622,100605,135004,No,0,593,Intermediate,High,2,Salaried,8,Wealth Creation,34863,0.0,Avoid Loan
24,625234,26998,1918872,Yes,1292781,599,Expert,High,0,Business,7,Retirement,25104,2.07,Avoid Loan
34,349915,17018,473626,Yes,2177349,641,Beginner,Medium,4,Salaried,1,Retirement,12141,6.22,Avoid Loan
53,1668628,124772,1395334,Yes,1585849,869,Expert,Low,2,Self-Employed,1,House,14280,0.95,Avoid Loan
36,2606359,99138,1003844,No,0,892,Expert,Low,4,Business,5,Wealth Creation,118058,0.0,Save
33,1728238,56825,977069,No,0,540,Beginner,Medium,5,Business,11,Retirement,87194,0.0,Avoid Loan
58,509911,33165,37075,Yes,116767,848,Intermediate,Medium,0,Salaried,10,House,9327,0.23,Avoid Loan
54,2858436,129564,368237,No,0,759,Intermediate,Low,2,Salaried,1,Education,108639,0.0,Save
39,973110,26215,289431,No,0,403,Beginner,High,1,Self-Employed,8,House,54877,0.0,Avoid Loan
53,1265362,68713,445904,No,0,492,Beginner,High,5,Salaried,12,Wealth Creation,36733,0.0,Avoid Loan
35,2664878,169706,316013,No,0,619,Beginner,Medium,4,Business,11,Retirement,52367,0.0,Save
57,1440674,33646,1088627,Yes,590429,658,Intermediate,Low,3,Business,1,Wealth Creation,86410,0.41,Save
29,1835478,104737,771177,Yes,2077579,517,Beginner,Low,3,Salaried,10,Education,48219,1.13,Avoid Loan
46,2705524,149484,521270,No,0,581,Beginner,Low,5,Self-Employed,12,Education,75976,0.0,Avoid Loan
48,350419,15451,201179,Yes,2483203,539,Expert,Medium,2,Self-Employed,4,Retirement,13750,7.09,Avoid Loan
43,435377,30137,1258755,Yes,1375555,715,Expert,High,3,Salaried,5,Wealth Creation,6144,3.16,Avoid Loan
32,1998199,109469,1524024,Yes,2073195,794,Beginner,High,1,Business,0,Education,57047,1.04,Avoid Loan
60,1918713,53739,1356230,No,0,369,Beginner,High,3,Salaried,9,Education,106153,0.0,Avoid Loan
42,1954844,71362,1704985,Yes,1670854,777,Beginner,Medium,4,Salaried,1,Retirement,91541,0.85,Avoid Loan
27,2108350,58482,178651,No,0,866,Intermediate,Low,1,Self-Employed,6,Retirement,117213,0.0,Save
44,1755706,60544,416166,Yes,2236845,394,Intermediate,High,2,Self-Employed,6,Education,85764,1.27,Avoid Loan
39,1469915,89650,1712161,No,0,401,Expert,Medium,2,Salaried,2,House,32842,0.0,Avoid Loan
60,1538006,114980,1178460,No,0,869,Beginner,Medium,4,Business,3,Wealth Creation,13187,0.0,Save
46,1706531,67024,1368909,No,0,867,Beginner,Medium,3,Business,7,Education,75186,0.0,Invest
38,1360936,90996,1576701,No,0,451,Beginner,Low,2,Salaried,1,Retirement,22415,0.0,Avoid Loan
26,2179843,125730,722258,Yes,523884,395,Beginner,High,5,Salaried,12,Retirement,55923,0.24,Avoid Loan
28,2165409,89288,1791315,No,0,554,Beginner,High,1,Business,8,House,91162,0.0,Avoid Loan
25,2736293,88592,539585,Yes,2001040,431,Intermediate,Low,4,Salaried,10,Education,139432,0.73,Avoid Loan
59,1431712,98792,1339847,No,0,469,Intermediate,Medium,2,Salaried,2,Education,20517,0.0,Avoid Loan
26,2807017,191055,607617,Yes,2390463,665,Intermediate,Medium,0,Salaried,0,Education,42863,0.85,Avoid Loan
45,2146492,24281,611627,Yes,1615069,671,Intermediate,Medium,2,Self-Employed,11,House,154593,0.75,Avoid Loan
35,1981960,48557,400778,No,0,644,Intermediate,Low,4,Business,6,House,116606,0.0,Save
60,2683901,196023,431113,Yes,1541774,748,Intermediate,Medium,0,Self-Employed,0,Retirement,27635,0.57,Avoid Loan
49,1896633,118638,61255,No,0,886,Expert,High,1,Self-Employed,7,Education,39414,0.0,Save
31,2668427,171389,1006588,Yes,1427317,458,Intermediate,High,4,Salaried,2,Retirement,50979,0.53,Avoid Loan
41,2348269,146806,1357582,Yes,2455059,670,Intermediate,Medium,4,Self-Employed,8,House,48883,1.05,Avoid Loan
50,326768,19850,2048446,Yes,2150549,625,Expert,High,0,Self-Employed,12,Retirement,7380,6.58,Avoid Loan
43,1702086,16467,834336,Yes,1887404,621,Beginner,Medium,3,Business,5,House,125373,1.11,Avoid Loan
39,1752387,104704,2186311,Yes,509245,762,Beginner,High,4,Salaried,10,House,41328,0.29,Invest
23,1141205,48298,1885708,No,0,748,Beginner,High,3,Self-Employed,7,Retirement,46802,0.0,Invest
53,2343653,50894,656213,Yes,1583963,696,Beginner,High,4,Salaried,3,Retirement,144410,0.68,Avoid Loan
58,1550220,18869,130110,Yes,2420706,722,Beginner,Low,3,Business,11,Wealth Creation,110316,1.56,Avoid Loan
37,1289683,84855,2119993,No,0,491,Intermediate,High,5,Salaried,1,Education,22618,0.0,Avoid Loan
47,1810672,113302,2438192,No,0,528,Expert,High,2,Self-Employed,10,Education,37587,0.0,Avoid Loan
48,2509264,22941,1263031,No,0,543,Intermediate,Medium,0,Salaried,8,House,186164,0.0,Avoid Loan
29,1244561,69988,518857,Yes,2480789,705,Beginner,High,0,Business,0,House,33725,1.99,Avoid Loan
27,440821,15229,2421259,Yes,2295158,468,Expert,Low,3,Salaried,3,Wealth Creation,21506,5.21,Avoid Loan
46,844935,40899,1465656,No,0,840,Expert,Low,5,Business,0,House,29512,0.0,Save
53,1275169,75258,2348993,Yes,894038,733,Intermediate,High,4,Self-Employed,12,Education,31006,0.7,Avoid Loan
60,2478210,46123,1776880,Yes,460973,583,Intermediate,Low,5,Self-Employed,11,Retirement,160394,0.19,Avoid Loan
24,2965830,38326,1714136,Yes,1396042,660,Beginner,High,3,Business,6,House,208826,0.47,Avoid Loan
23,408133,18660,1065414,Yes,1137686,375,Beginner,Medium,3,Self-Employed,4,Wealth Creation,15351,2.79,Avoid Loan
44,847417,20094,1307108,Yes,785818,647,Beginner,Medium,3,Salaried,11,Education,50524,0.93,Avoid Loan
45,2200421,153945,895712,No,0,780,Intermediate,Medium,2,Business,8,Education,29423,0.0,Invest
23,269058,19688,2162829,No,0,894,Beginner,Medium,1,Self-Employed,4,Education,2733,0.0,Save
37,1757099,51612,1316137,Yes,1972290,404,Expert,High,5,Salaried,1,House,94812,1.12,Avoid Loan
58,2104205,138390,647181,Yes,241101,835,Beginner,Medium,0,Self-Employed,6,Education,36960,0.11,Invest
36,1147260,26839,1320828,No,0,896,Expert,Low,2,Business,9,Retirement,68766,0.0,Invest
50,523351,27122,1864501,Yes,382747,747,Beginner,Low,4,Self-Employed,9,Retirement,16490,0.73,Avoid Loan
34,1004209,45181,308237,Yes,1814818,761,Beginner,High,0,Business,9,House,38503,1.81,Avoid Loan
57,1300524,93644,1124986,Yes,2495372,433,Expert,Low,1,Salaried,5,Education,14733,1.92,Avoid Loan
29,1972348,89109,1358544,No,0,729,Beginner,Low,0,Business,9,Wealth Creation,75253,0.0,Invest
53,646190,20340,1516056,No,0,775,Intermediate,High,3,Business,0,House,33509,0.0,Save
43,709158,25012,162501,No,0,422,Beginner,High,5,Self-Employed,6,House,34084,0.0,Avoid Loan
39,2726200,72922,1704189,Yes,204217,829,Expert,High,3,Salaried,10,House,154261,0.07,Invest
44,1026158,37139,125013,Yes,411398,734,Expert,Low,2,Self-Employed,8,Education,48374,0.4,Save
45,1704131,75947,2476600,No,0,496,Intermediate,Low,5,Business,10,Retirement,66063,0.0,Avoid Loan
25,254007,18493,2073408,Yes,1306097,596,Intermediate,Low,5,Self-Employed,9,House,2674,5.14,Avoid Loan
32,1502989,109998,2149068,Yes,246853,861,Expert,Medium,5,Self-Employed,9,House,15251,0.16,Save
22,1245940,70790,1985730,Yes,459803,622,Intermediate,Low,1,Salaried,7,House,33038,0.37,Save
31,1445472,61982,543147,Yes,1050985,446,Beginner,Medium,1,Business,3,Wealth Creation,58474,0.73,Avoid Loan
59,2026560,65360,1217429,No,0,820,Expert,Medium,0,Salaried,12,Wealth Creation,103520,0.0,Invest
38,2712007,164820,2296447,No,0,623,Expert,Low,1,Salaried,10,Retirement,61180,0.0,Save
47,2307631,167040,1254753,No,0,605,Beginner,High,3,Self-Employed,1,Retirement,25262,0.0,Save
53,1138073,54964,627452,Yes,738652,751,Intermediate,Low,2,Salaried,4,House,39875,0.65,Avoid Loan
60,1588480,104547,382869,Yes,1207939,762,Beginner,High,0,Salaried,2,House,27826,0.76,Avoid Loan
28,2322230,101825,2101800,Yes,2425538,387,Intermediate,Medium,3,Self-Employed,5,House,91694,1.04,Avoid Loan
38,2227894,43312,1138849,Yes,1289502,716,Expert,Medium,1,Business,0,Education,142345,0.58,Avoid Loan
28,2507178,58005,357844,Yes,2241630,884,Beginner,Medium,0,Business,10,Retirement,150926,0.89,Avoid Loan
29,2617134,18631,1587383,No,0,535,Expert,Low,3,Salaried,12,Retirement,199463,0.0,Avoid Loan
30,1938355,111667,428924,Yes,575342,834,Expert,Low,5,Salaried,10,House,49862,0.3,Save
27,344954,23586,1544316,Yes,1881103,366,Expert,Low,2,Salaried,3,Education,5160,5.45,Avoid Loan
31,2681221,49395,1025548,Yes,2207983,622,Expert,Low,1,Business,10,House,174040,0.82,Avoid Loan
41,2268916,127346,1296125,No,0,416,Beginner,Medium,3,Business,2,Wealth Creation,61730,0.0,Avoid Loan
29,2292695,44350,355024,No,0,723,Expert,Low,1,Salaried,0,Wealth Creation,146707,0.0,Save
34,1931529,50970,1215360,Yes,659651,528,Expert,Low,1,Self-Employed,4,Wealth Creation,109990,0.34,Avoid Loan
46,551061,26599,64674,No,0,555,Expert,Low,1,Salaried,9,House,19322,0.0,Avoid Loan
33,1296126,72945,159652,Yes,927356,561,Intermediate,Medium,1,Self-Employed,11,Retirement,35065,0.72,Avoid Loan
42,1711937,85632,171472,No,0,505,Intermediate,Low,2,Self-Employed,6,Retirement,57029,0.0,Avoid Loan
42,2929615,30081,654093,Yes,178056,421,Intermediate,Medium,0,Business,2,House,214053,0.06,Avoid Loan
23,2561787,116382,1521857,Yes,179619,693,Intermediate,Low,2,Salaried,6,Retirement,97100,0.07,Save
56,2595667,64279,205398,Yes,78599,450,Intermediate,High,5,Salaried,0,Wealth Creation,152026,0.03,Avoid Loan
38,2746197,168305,779160,Yes,856813,781,Intermediate,Medium,3,Salaried,6,Retirement,60544,0.31,Save
56,2650584,32049,2258191,Yes,2075851,866,Beginner,Low,5,Salaried,10,Retirement,188833,0.78,Avoid Loan
24,2203269,104435,1935110,No,0,492,Beginner,Medium,0,Business,2,House,79170,0.0,Avoid Loan
54,2867310,64623,560992,Yes,429638,678,Beginner,Low,3,Business,11,Wealth Creation,174319,0.15,Save
60,1354860,91091,2134467,No,0,816,Beginner,Medium,4,Salaried,12,Retirement,21814,0.0,Save
49,2029151,130996,1527745,Yes,106790,479,Intermediate,High,4,Salaried,4,Retirement,38099,0.05,Avoid Loan
25,2356916,121596,254088,No,0,563,Expert,High,3,Business,4,Education,74813,0.0,Avoid Loan
22,2200179,52206,2182903,Yes,2284455,894,Expert,Low,2,Self-Employed,8,House,131142,1.04,Avoid Loan
34,2769693,203842,1806351,Yes,466741,418,Intermediate,High,1,Business,12,Education,26965,0.17,Avoid Loan
44,1663580,27217,1733635,No,0,387,Intermediate,Medium,5,Self-Employed,3,House,111414,0.0,Avoid Loan
35,399340,29365,1916589,Yes,1213400,450,Beginner,Medium,0,Self-Employed,2,Retirement,3913,3.04,Avoid Loan
58,817090,37336,919419,Yes,1695428,615,Beginner,Medium,0,Self-Employed,9,Wealth Creation,30754,2.07,Avoid Loan
23,973720,34003,673118,No,0,474,Beginner,Medium,3,Self-Employed,5,Retirement,47140,0.0,Avoid Loan
48,2256126,125778,571483,No,0,858,Intermediate,Low,5,Business,3,Retirement,62232,0.0,Save
53,1340478,85429,854132,No,0,419,Intermediate,Low,2,Salaried,0,Education,26277,0.0,Avoid Loan
31,2329354,130227,2163374,No,0,459,Beginner,High,5,Self-Employed,1,Retirement,63885,0.0,Avoid Loan
31,780648,54845,1402055,No,0,750,Beginner,High,1,Business,7,Wealth Creation,10209,0.0,Save
37,609634,43281,1441028,Yes,1720147,850,Expert,Medium,0,Business,1,Retirement,7521,2.82,Avoid Loan
31,1220209,50204,2019242,No,0,668,Beginner,Medium,3,Business,5,Wealth Creation,51480,0.0,Save
29,259620,18830,1369855,No,0,516,Beginner,Medium,1,Self-Employed,5,Wealth Creation,2805,0.0,Avoid Loan
21,535632,23461,2123435,No,0,501,Beginner,Medium,1,Self-Employed,12,Education,21175,0.0,Avoid Loan
41,644787,39266,1224072,No,0,652,Intermediate,Low,2,Self-Employed,6,Retirement,14466,0.0,Save
41,2425313,120388,781284,No,0,365,Beginner,Low,5,Salaried,3,Education,81721,0.0,Avoid Loan
54,1518548,17729,1602579,No,0,667,Intermediate,Low,3,Business,2,Education,108816,0.0,Save
58,624656,34887,615345,No,0,814,Beginner,Medium,3,Self-Employed,1,House,17167,0.0,Save
45,1223368,62569,534286,No,0,494,Expert,High,5,Salaried,4,Education,39378,0.0,Avoid Loan
33,1086272,80013,1491252,No,0,728,Beginner,Low,0,Business,7,House,10509,0.0,Save
55,803040,30378,637781,No,0,520,Beginner,High,3,Salaried,3,Retirement,36542,0.0,Avoid Loan
39,1332299,67403,1255010,No,0,494,Intermediate,Medium,0,Self-Employed,1,Education,43621,0.0,Avoid Loan
52,2577104,68482,162843,No,0,591,Intermediate,Low,5,Business,7,Retirement,146276,0.0,Avoid Loan
52,2173510,96555,1779127,Yes,212942,368,Intermediate,Low,1,Self-Employed,11,House,84570,0.1,Avoid Loan
52,673927,18452,891716,No,0,885,Intermediate,Low,0,Business,8,Education,37708,0.0,Invest
21,2511259,95332,1111372,No,0,761,Beginner,Low,2,Business,5,Education,113939,0.0,Save
48,844609,41486,833255,No,0,414,Beginner,Low,1,Salaried,9,Education,28898,0.0,Avoid Loan
40,2545202,35579,827518,No,0,630,Intermediate,High,4,Salaried,1,Retirement,176521,0.0,Save
28,2928103,198688,2165546,Yes,231834,401,Expert,Low,1,Self-Employed,12,Education,45320,0.08,Avoid Loan
27,2690698,131305,174064,No,0,734,Beginner,Low,4,Salaried,11,House,92919,0.0,Save
30,1193682,85166,2307779,Yes,970584,494,Intermediate,Medium,1,Self-Employed,2,Wealth Creation,14307,0.81,Avoid Loan
37,408415,19278,62177,No,0,805,Intermediate,Medium,1,Business,7,Wealth Creation,14756,0.0,Save
47,1820654,80369,1041410,No,0,624,Expert,Medium,2,Self-Employed,8,Retirement,71352,0.0,Save
49,2832708,187375,1778667,Yes,1513233,418,Beginner,Medium,4,Business,4,Education,48684,0.53,Avoid Loan
24,932886,51374,1321721,No,0,727,Beginner,High,1,Business,1,Education,26366,0.0,Save
42,969863,23448,2031623,No,0,782,Intermediate,Low,3,Salaried,5,Education,57373,0.0,Save
34,981989,49462,306124,Yes,2284348,670,Beginner,Low,3,Self-Employed,0,Education,32370,2.33,Avoid Loan
36,1778451,42208,1137394,No,0,673,Intermediate,Low,5,Self-Employed,11,Wealth Creation,105996,0.0,Save
25,893796,53849,177159,No,0,838,Expert,Low,4,Self-Employed,8,Education,20634,0.0,Save
29,1257685,30075,1568184,Yes,375295,547,Intermediate,High,5,Self-Employed,11,Wealth Creation,74732,0.3,Avoid Loan
60,869718,33679,709805,Yes,2479858,516,Beginner,High,2,Business,2,Education,38797,2.85,Avoid Loan
28,1183339,45299,2120041,Yes,1100932,691,Intermediate,High,2,Business,7,House,53312,0.93,Avoid Loan
24,1809454,109759,2299393,Yes,1027126,487,Intermediate,Medium,4,Business,3,House,41028,0.57,Avoid Loan
24,1207319,64128,856784,No,0,761,Expert,Low,1,Salaried,12,Education,36481,0.0,Invest
57,409671,19481,2104297,No,0,455,Intermediate,Low,0,Salaried,2,Education,14658,0.0,Avoid Loan
35,254284,15990,1522779,No,0,693,Intermediate,Low,0,Self-Employed,1,Education,5200,0.0,Save
59,1068760,48468,778285,No,0,494,Intermediate,Medium,4,Self-Employed,10,Education,40595,0.0,Avoid Loan
22,2105474,118489,1508249,Yes,1550132,577,Beginner,Low,0,Self-Employed,2,Retirement,56967,0.74,Avoid Loan
57,2492332,42383,1376114,Yes,1391998,897,Expert,Low,2,Self-Employed,9,Retirement,165311,0.56,Avoid Loan
34,989128,72696,537296,Yes,2377533,619,Beginner,High,3,Business,8,Retirement,9731,2.4,Avoid Loan
46,1445299,18859,1284233,Yes,65152,878,Beginner,Medium,2,Salaried,12,House,101582,0.05,Invest
31,2937031,176738,682974,Yes,752312,493,Beginner,High,1,Business,12,Wealth Creation,68014,0.26,Avoid Loan
31,2021188,92060,897634,Yes,796840,463,Intermediate,Low,0,Business,4,Retirement,76372,0.39,Avoid Loan
41,1914302,122745,626754,Yes,120409,509,Beginner,Low,2,Self-Employed,4,Wealth Creation,36780,0.06,Avoid Loan
51,2258314,143373,2447283,No,0,484,Intermediate,High,1,Salaried,5,Education,44819,0.0,Avoid Loan
27,733894,19062,1613872,Yes,1105323,441,Intermediate,Medium,3,Business,2,Wealth Creation,42095,1.51,Avoid Loan
46,934654,42675,651630,No,0,890,Beginner,High,2,Business,5,House,35212,0.0,Save
51,1497422,74067,2377290,Yes,1157748,644,Intermediate,Medium,3,Business,4,Education,50718,0.77,Avoid Loan
52,1005545,73510,453153,No,0,502,Beginner,Medium,1,Business,6,House,10285,0.0,Avoid Loan
58,892463,65835,1239670,No,0,680,Beginner,Medium,5,Salaried,2,Education,8536,0.0,Save
53,2692672,195299,1941324,No,0,532,Intermediate,High,1,Self-Employed,3,Education,29090,0.0,Avoid Loan
26,2627995,133038,2014393,No,0,887,Beginner,Medium,5,Self-Employed,9,Education,85961,0.0,Invest
56,813889,30950,2350054,No,0,782,Expert,Medium,3,Business,4,House,36874,0.0,Save
33,1283464,39653,2368468,Yes,1699037,770,Beginner,Low,0,Business,5,Wealth Creation,67302,1.32,Avoid Loan
40,2187757,162012,769533,No,0,545,Beginner,Medium,4,Self-Employed,6,Retirement,20301,0.0,Avoid Loan
23,1247458,57944,1181935,Yes,1639921,427,Expert,Medium,0,Business,1,Education,46010,1.31,Avoid Loan
30,350103,21728,1876026,No,0,426,Intermediate,Low,3,Business,9,Education,7447,0.0,Avoid Loan
38,2999949,51833,2066097,Yes,2433087,804,Beginner,Low,5,Salaried,2,House,198162,0.81,Avoid Loan
34,2441700,25413,2181773,No,0,459,Beginner,High,2,Self-Employed,7,House,178062,0.0,Avoid Loan
55,864909,41514,1918095,No,0,526,Beginner,Medium,2,Self-Employed,11,Wealth Creation,30561,0.0,Avoid Loan
38,399434,26514,1783008,No,0,544,Beginner,Medium,0,Business,9,House,6772,0.0,Avoid Loan
22,2492284,32888,2175890,Yes,1862700,402,Expert,Medium,5,Business,6,Retirement,174802,0.75,Avoid Loan
30,1370476,81336,2022444,Yes,1782493,580,Intermediate,Medium,0,Self-Employed,4,Retirement,32870,1.3,Avoid Loan
28,1179341,80395,198234,Yes,1477016,374,Beginner,Medium,1,Business,10,Education,17883,1.25,Avoid Loan
43,987703,39544,816805,Yes,2039190,667,Beginner,High,0,Self-Employed,8,House,42764,2.06,Avoid Loan
48,2350145,65016,944855,Yes,987970,425,Intermediate,Low,4,Self-Employed,11,House,130829,0.42,Avoid Loan
38,1284156,42029,319295,Yes,1268221,572,Intermediate,Medium,2,Business,10,Education,64984,0.99,Avoid Loan
24,1243739,29984,285211,Yes,1636645,449,Expert,Medium,3,Self-Employed,8,Wealth Creation,73660,1.32,Avoid Loan
49,279421,19205,974674,Yes,452611,373,Beginner,High,4,Salaried,1,Education,4080,1.62,Avoid Loan
21,412091,29693,136201,No,0,357,Intermediate,Low,5,Business,2,Education,4647,0.0,Avoid Loan
24,2437133,176689,433673,Yes,2135278,823,Beginner,Low,5,Business,11,Education,26405,0.88,Avoid Loan
56,1463459,15256,621799,No,0,423,Expert,High,2,Salaried,0,House,106698,0.0,Avoid Loan
51,2360717,34292,841008,Yes,2438981,401,Expert,Medium,0,Business,3,Education,162434,1.03,Avoid Loan
42,1810649,87284,343043,No,0,720,Beginner,Medium,0,Business,11,House,63603,0.0,Invest
26,2358390,159849,2020599,Yes,449195,532,Intermediate,High,3,Salaried,12,Education,36683,0.19,Avoid Loan
38,329921,21667,992339,No,0,571,Intermediate,Low,0,Business,8,Wealth Creation,5826,0.0,Avoid Loan
28,1399816,43070,603383,No,0,837,Intermediate,Low,1,Business,11,Education,73581,0.0,Invest
43,1590890,109981,1922787,No,0,872,Expert,Low,5,Self-Employed,5,Education,22593,0.0,Save
35,2918766,121807,1658673,No,0,366,Beginner,Medium,5,Salaried,8,Retirement,121423,0.0,Avoid Loan
54,2123406,149891,2478220,No,0,827,Intermediate,Medium,5,Self-Employed,1,House,27059,0.0,Save
28,2098188,76291,325259,No,0,883,Expert,Medium,1,Business,7,Retirement,98558,0.0,Invest
30,1231267,69443,1817205,No,0,839,Beginner,High,3,Business,1,Retirement,33162,0.0,Save
53,2021793,43943,2451955,No,0,544,Beginner,High,0,Salaried,2,Wealth Creation,124539,0.0,Avoid Loan
24,1205346,83231,1967659,Yes,2061651,844,Intermediate,High,4,Business,1,Retirement,17214,1.71,Avoid Loan
41,717786,23536,1655389,No,0,376,Expert,Medium,0,Salaried,5,Wealth Creation,36279,0.0,Avoid Loan
45,1750149,46645,1494059,Yes,395640,836,Intermediate,High,5,Self-Employed,9,Education,99200,0.23,Invest
22,2181370,90853,2144232,No,0,477,Expert,High,0,Salaried,1,Education,90927,0.0,Avoid Loan
48,2339353,17929,979113,No,0,661,Beginner,Low,1,Business,4,Wealth Creation,177017,0.0,Save
49,317278,16301,1931373,Yes,852436,899,Expert,Low,1,Self-Employed,7,Retirement,10138,2.69,Avoid Loan
37,1659035,100920,1030532,No,0,639,Beginner,Medium,2,Business,5,House,37332,0.0,Save
37,2934046,94754,485502,Yes,1189167,877,Beginner,Medium,2,Business,6,Education,149749,0.41,Save
55,1602256,77959,2140109,Yes,951914,420,Intermediate,Low,0,Self-Employed,4,Education,55562,0.59,Avoid Loan
38,2953589,131068,1062118,No,0,806,Beginner,High,4,Business,10,House,115064,0.0,Invest
25,1798771,70826,2294503,Yes,565747,581,Expert,High,5,Business,5,House,79071,0.31,Avoid Loan
50,1158848,76805,750333,Yes,2272132,558,Expert,Low,3,Business,10,House,19765,1.96,Avoid Loan
40,2525464,159753,801539,No,0,747,Expert,Low,1,Salaried,3,Wealth Creation,50702,0.0,Save
36,1534333,41712,152685,Yes,1525068,458,Beginner,Medium,2,Self-Employed,10,Retirement,86149,0.99,Avoid Loan
37,1857709,70354,587924,No,0,445,Expert,High,0,Self-Employed,5,Wealth Creation,84455,0.0,Avoid Loan
48,1798086,86388,1331400,No,0,859,Beginner,Low,1,Salaried,4,Wealth Creation,63452,0.0,Save
35,876454,44849,612617,Yes,1560690,602,Intermediate,Medium,1,Salaried,2,House,28188,1.78,Avoid Loan
34,2357883,53785,955737,Yes,2359153,768,Expert,Medium,2,Self-Employed,4,House,142705,1.0,Avoid Loan
47,2885083,171176,1756077,Yes,1844965,510,Expert,Low,5,Self-Employed,9,Wealth Creation,69247,0.64,Avoid Loan
43,624070,30527,2216470,No,0,454,Beginner,Medium,3,Self-Employed,9,Retirement,21478,0.0,Avoid Loan
38,674886,24561,590245,Yes,2245785,502,Beginner,Medium,2,Business,6,Education,31679,3.33,Avoid Loan
29,303572,17241,1439888,Yes,2407716,480,Beginner,Medium,3,Salaried,0,Wealth Creation,8056,7.93,Avoid Loan
28,499565,32386,1569324,No,0,454,Intermediate,High,1,Business,11,Education,9244,0.0,Avoid Loan
47,275390,17039,1394862,No,0,409,Expert,Low,3,Self-Employed,2,Education,5910,0.0,Avoid Loan
59,1712528,29805,645171,No,0,706,Intermediate,Medium,3,Business,10,Wealth Creation,112905,0.0,Save
21,813317,16982,1851031,Yes,1932417,646,Beginner,High,0,Business,5,Wealth Creation,50794,2.38,Avoid Loan
57,1829015,129840,1434158,No,0,866,Expert,High,1,Salaried,2,House,22577,0.0,Save
43,1039281,73535,2042021,No,0,722,Beginner,Low,5,Business,8,Education,13071,0.0,Save
58,2243239,32106,2485877,Yes,1583004,842,Beginner,Medium,3,Self-Employed,9,Education,154830,0.71,Avoid Loan
56,1161781,51262,184938,Yes,1986201,662,Beginner,Medium,2,Salaried,2,Education,45553,1.71,Avoid Loan
29,1156021,41799,1054129,Yes,129771,554,Expert,Medium,4,Self-Employed,2,Retirement,54536,0.11,Avoid Loan
59,1997059,106546,1330741,No,0,689,Intermediate,Low,0,Salaried,2,House,59875,0.0,Save
41,454722,27230,1132400,Yes,1496915,601,Intermediate,Medium,0,Self-Employed,5,Retirement,10663,3.29,Avoid Loan
44,1269567,94060,490080,Yes,814246,489,Beginner,Low,1,Self-Employed,8,Education,11737,0.64,Avoid Loan
60,394138,25623,2275179,No,0,495,Expert,High,1,Self-Employed,8,Retirement,7221,0.0,Avoid Loan
37,992911,29047,2312853,Yes,907380,844,Expert,Medium,1,Business,3,Wealth Creation,53695,0.91,Avoid Loan
34,2668079,23943,2113206,No,0,392,Beginner,Medium,3,Salaried,8,Retirement,198396,0.0,Avoid Loan
59,2032805,142004,621935,Yes,1276889,398,Expert,Medium,0,Salaried,6,Education,27396,0.63,Avoid Loan
38,2475333,167137,2474114,No,0,613,Intermediate,Low,4,Self-Employed,1,Wealth Creation,39140,0.0,Save
52,2168646,121266,729327,No,0,660,Beginner,Medium,4,Business,4,House,59454,0.0,Save
27,1194430,20827,2237882,Yes,1333267,736,Intermediate,Medium,2,Salaried,2,Education,78708,1.12,Avoid Loan
54,652305,40108,653456,No,0,560,Expert,Medium,5,Salaried,5,House,14250,0.0,Avoid Loan
56,2639679,188743,2250918,Yes,1450477,389,Intermediate,High,4,Self-Employed,11,Wealth Creation,31230,0.55,Avoid Loan
35,2216651,82529,819647,Yes,411653,696,Intermediate,Medium,5,Self-Employed,11,Retirement,102191,0.19,Save
40,1528298,45378,188032,No,0,428,Intermediate,Low,0,Business,0,Wealth Creation,81980,0.0,Avoid Loan
59,2626012,144321,1059813,No,0,675,Beginner,High,3,Self-Employed,12,Wealth Creation,74513,0.0,Save
22,2581866,174046,2387294,Yes,407266,489,Intermediate,Medium,4,Self-Employed,8,Wealth Creation,41109,0.16,Avoid Loan
40,1349211,34167,242164,Yes,691114,433,Intermediate,Medium,1,Self-Employed,0,Retirement,78267,0.51,Avoid Loan
30,2462219,164336,1720167,No,0,380,Beginner,Medium,0,Business,8,Retirement,40848,0.0,Avoid Loan
58,1900924,40305,1562139,No,0,615,Intermediate,High,3,Business,12,Education,118105,0.0,Save
47,1207494,26823,1999276,Yes,95970,852,Beginner,High,1,Salaried,7,House,73801,0.08,Invest
23,1669277,71658,168671,No,0,685,Beginner,High,5,Salaried,11,Education,67448,0.0,Save
33,2658665,130480,1863524,No,0,666,Intermediate,High,1,Business,3,Education,91075,0.0,Save
57,2495968,156282,176732,Yes,1735677,884,Beginner,Medium,1,Self-Employed,6,Retirement,51715,0.7,Avoid Loan
46,614918,23872,316341,Yes,1666774,643,Expert,Medium,0,Salaried,5,Wealth Creation,27371,2.71,Avoid Loan
38,1908156,101317,588575,No,0,711,Expert,Low,5,Business,0,Wealth Creation,57696,0.0,Save
54,632032,29478,1536459,No,0,480,Expert,Medium,5,Self-Employed,4,Wealth Creation,23191,0.0,Avoid Loan
29,2107339,142698,2072817,Yes,1193653,689,Beginner,High,2,Business,6,Education,32913,0.57,Avoid Loan
38,436611,30399,1321248,No,0,544,Intermediate,Low,3,Business,8,House,5985,0.0,Avoid Loan
25,2386409,69635,309523,No,0,894,Expert,High,0,Business,4,Wealth Creation,129232,0.0,Save
